2025-09-26 11:14:25,974 [INFO] Activator:176 - 


2025-09-26 11:14:25,983 [INFO] Activator:177 - !SESSION log4j initialized
2025-09-26 11:14:31,555 [INFO] LogOutputStream:77 - [STDOUT_REDIRECT] 
2025-09-26 11:14:33,553 [INFO] ApplicationProperties:184 - Using Application install path: C:\ST\STM32CubeIDE_1.19.0\STM32CubeIDE\plugins\com.st.stm32cube.common.mx_6.15.0.202507011659
2025-09-26 11:14:33,587 [INFO] DbMcusXml:78 - Set database path to: C:\ST\STM32CubeIDE_1.19.0\STM32CubeIDE\plugins\com.st.stm32cube.common.mx_6.15.0.202507011659\\db\/mcu/
2025-09-26 11:14:33,587 [INFO] ApiDb:274 - Set plugin database path to: C:\ST\STM32CubeIDE_1.19.0\STM32CubeIDE\plugins\com.st.stm32cube.common.mx_6.15.0.202507011659\\db\/plugins/boardmanager/
2025-09-26 11:14:33,588 [WARN] ApiDb:259 - Overriding images path with different value:  => C:\ST\STM32CubeIDE_1.19.0\STM32CubeIDE\plugins\com.st.stm32cube.common.mx_6.15.0.202507011659\\db\/plugins/mcufinder/images/
2025-09-26 11:14:33,600 [INFO] ApiDb:250 - Set database path to: C:\Users\samyo\.stmcufinder\plugins\mcufinder//mcu/
2025-09-26 11:14:33,602 [INFO] DbMcusAds:125 - Set database path to: C:\Users\samyo\.stmcufinder\plugins\mcufinder//mcu/
2025-09-26 11:14:33,607 [INFO] CrossReferenceDbSqlite:203 - Set database path to: C:\Users\samyo\.stmcufinder\plugins\mcufinder//mcu/cs/
2025-09-26 11:14:33,814 [INFO] RulesReader:64 - Compatibility file has been processed (317 Rules)
2025-09-26 11:14:33,959 [INFO] DbMcusXml:78 - Set database path to: C:\ST\STM32CubeIDE_1.19.0\STM32CubeIDE\plugins\com.st.stm32cube.common.mx_6.15.0.202507011659\\db\/mcu/
2025-09-26 11:14:33,960 [INFO] ApiDb:274 - Set plugin database path to: C:\ST\STM32CubeIDE_1.19.0\STM32CubeIDE\plugins\com.st.stm32cube.common.mx_6.15.0.202507011659\\db\/plugins/boardmanager/
2025-09-26 11:14:33,960 [INFO] ApiDb:261 - Set plugin images path to: C:\ST\STM32CubeIDE_1.19.0\STM32CubeIDE\plugins\com.st.stm32cube.common.mx_6.15.0.202507011659\\db\/plugins/mcufinder/images/
2025-09-26 11:14:33,960 [WARN] DbFile:41 - Overriding database path with different value: C:\Users\samyo\.stmcufinder\plugins\mcufinder/ => C:\Users\samyo\.stmcufinder\plugins\mcufinder
2025-09-26 11:14:33,960 [INFO] ApiDb:250 - Set database path to: C:\Users\samyo\.stmcufinder\plugins\mcufinder//mcu/
2025-09-26 11:14:33,960 [WARN] DbFile:41 - Overriding database path with different value: C:\Users\samyo\.stmcufinder\plugins\mcufinder/ => C:\Users\samyo\.stmcufinder\plugins\mcufinder
2025-09-26 11:14:33,961 [INFO] DbMcusAds:125 - Set database path to: C:\Users\samyo\.stmcufinder\plugins\mcufinder//mcu/
2025-09-26 11:14:33,961 [WARN] DbFile:41 - Overriding database path with different value: C:\Users\samyo\.stmcufinder\plugins\mcufinder/ => C:\Users\samyo\.stmcufinder\plugins\mcufinder
2025-09-26 11:14:33,961 [WARN] DbFile:41 - Overriding database path with different value: C:\Users\samyo\.stmcufinder\plugins\mcufinder/ => C:\Users\samyo\.stmcufinder\plugins\mcufinder
2025-09-26 11:14:33,961 [INFO] CrossReferenceDbSqlite:203 - Set database path to: C:\Users\samyo\.stmcufinder\plugins\mcufinder//mcu/cs/
2025-09-26 11:14:34,094 [INFO] MainPanel:274 - HeapMemory: 268435456
2025-09-26 11:14:34,285 [INFO] DbMcusXml:78 - Set database path to: C:\ST\STM32CubeIDE_1.19.0\STM32CubeIDE\plugins\com.st.stm32cube.common.mx_6.15.0.202507011659\\db\/mcu/
2025-09-26 11:14:34,287 [INFO] ApiDb:274 - Set plugin database path to: C:\ST\STM32CubeIDE_1.19.0\STM32CubeIDE\plugins\com.st.stm32cube.common.mx_6.15.0.202507011659\\db\/plugins/boardmanager/
2025-09-26 11:14:34,287 [INFO] ApiDb:261 - Set plugin images path to: C:\ST\STM32CubeIDE_1.19.0\STM32CubeIDE\plugins\com.st.stm32cube.common.mx_6.15.0.202507011659\\db\/plugins/mcufinder/images/
2025-09-26 11:14:34,288 [WARN] DbFile:41 - Overriding database path with different value: C:\Users\samyo\.stmcufinder\plugins\mcufinder/ => C:\Users\samyo\.stmcufinder\plugins\mcufinder
2025-09-26 11:14:34,288 [INFO] ApiDb:250 - Set database path to: C:\Users\samyo\.stmcufinder\plugins\mcufinder//mcu/
2025-09-26 11:14:34,288 [WARN] DbFile:41 - Overriding database path with different value: C:\Users\samyo\.stmcufinder\plugins\mcufinder/ => C:\Users\samyo\.stmcufinder\plugins\mcufinder
2025-09-26 11:14:34,288 [INFO] DbMcusAds:125 - Set database path to: C:\Users\samyo\.stmcufinder\plugins\mcufinder//mcu/
2025-09-26 11:14:34,289 [WARN] DbFile:41 - Overriding database path with different value: C:\Users\samyo\.stmcufinder\plugins\mcufinder/ => C:\Users\samyo\.stmcufinder\plugins\mcufinder
2025-09-26 11:14:34,289 [WARN] DbFile:41 - Overriding database path with different value: C:\Users\samyo\.stmcufinder\plugins\mcufinder/ => C:\Users\samyo\.stmcufinder\plugins\mcufinder
2025-09-26 11:14:34,289 [INFO] CrossReferenceDbSqlite:203 - Set database path to: C:\Users\samyo\.stmcufinder\plugins\mcufinder//mcu/cs/
2025-09-26 11:14:34,317 [INFO] ApplicationProperties:184 - Using Application install path: C:\ST\STM32CubeIDE_1.19.0\STM32CubeIDE\plugins\com.st.stm32cube.common.mx_6.15.0.202507011659
2025-09-26 11:14:34,320 [INFO] PluginManage:196 - Search for loadable plugins [exclusion list=, ]
2025-09-26 11:14:34,322 [INFO] PluginManage:310 - Check plugin analytics
2025-09-26 11:14:34,689 [INFO] AnalyticsPlugin:253 - Accepted Software Licenses: 
2025-09-26 11:14:34,689 [INFO] AnalyticsPlugin:255 - Accepted CMSIS Pack Licenses: 
2025-09-26 11:14:34,690 [INFO] AnalyticsPlugin:257 - Accepted Firmware Licenses: FW.L4.1.18.0
2025-09-26 11:14:34,698 [INFO] PluginManage:359 - Loaded plugin analytics (category:tool,tabindex:-1)
2025-09-26 11:14:34,699 [INFO] PluginManage:310 - Check plugin cadmodel
2025-09-26 11:14:34,713 [INFO] CADModel:105 - Init CAD model plugin
2025-09-26 11:14:34,714 [INFO] PluginManage:359 - Loaded plugin cadmodel (category:power,tabindex:5)
2025-09-26 11:14:34,714 [INFO] PluginManage:310 - Check plugin clock
2025-09-26 11:14:34,740 [INFO] PluginManage:359 - Loaded plugin clock (category:base,tabindex:2)
2025-09-26 11:14:34,741 [INFO] PluginManage:310 - Check plugin ddr
2025-09-26 11:14:34,747 [INFO] PluginManage:359 - Loaded plugin ddr (category:tool,tabindex:6)
2025-09-26 11:14:34,747 [INFO] PluginManage:310 - Check plugin filemanager
2025-09-26 11:14:35,253 [INFO] PluginManage:359 - Loaded plugin filemanager (category:base,tabindex:10)
2025-09-26 11:14:35,254 [INFO] PluginManage:310 - Check plugin ipmanager
2025-09-26 11:14:35,273 [INFO] PluginManage:359 - Loaded plugin ipmanager (category:base,tabindex:5)
2025-09-26 11:14:35,274 [INFO] PluginManage:310 - Check plugin lpbam
2025-09-26 11:14:35,301 [INFO] PluginManage:359 - Loaded plugin lpbam (category:base,tabindex:0)
2025-09-26 11:14:35,301 [INFO] PluginManage:310 - Check plugin memorymap
2025-09-26 11:14:35,340 [INFO] PluginManage:359 - Loaded plugin memorymap (category:base,tabindex:4)
2025-09-26 11:14:35,341 [INFO] PluginManage:310 - Check plugin pinoutandconfiguration
2025-09-26 11:14:35,365 [INFO] PluginManage:359 - Loaded plugin pinoutandconfiguration (category:base,tabindex:1)
2025-09-26 11:14:35,365 [INFO] PluginManage:310 - Check plugin pinoutconfig
2025-09-26 11:14:35,643 [WARN] SupportedApi:132 - Cannot load RTOS API schema: s4s-elt-must-match.1: The content of 'definitions' must match (annotation?, (simpleType | complexType)?, (unique | key | keyref)*)). A problem was found starting at: attribute.
2025-09-26 11:14:35,982 [INFO] PluginManage:359 - Loaded plugin pinoutconfig (category:base,tabindex:0)
2025-09-26 11:14:35,983 [INFO] PluginManage:310 - Check plugin power
2025-09-26 11:14:36,013 [INFO] PluginManage:359 - Loaded plugin power (category:power,tabindex:4)
2025-09-26 11:14:36,015 [INFO] PluginManage:310 - Check plugin projectmanager
2025-09-26 11:14:36,057 [INFO] PluginManage:359 - Loaded plugin projectmanager (category:projectmanager,tabindex:4)
2025-09-26 11:14:36,057 [INFO] PluginManage:310 - Check plugin rif
2025-09-26 11:14:36,089 [INFO] PluginManage:359 - Loaded plugin rif (category:base,tabindex:3)
2025-09-26 11:14:36,090 [INFO] PluginManage:310 - Check plugin thirdparty
2025-09-26 11:14:36,407 [WARN] IntegrityCheckThread:84 - waiting for thirdparty lock release [integrity check]
2025-09-26 11:14:36,408 [INFO] IntegrityCheckThread:86 - entering critical section [integrity check]
2025-09-26 11:14:36,408 [INFO] PluginManage:359 - Loaded plugin thirdparty (category:base,tabindex:-1)
2025-09-26 11:14:36,408 [INFO] PluginManage:310 - Check plugin tools
2025-09-26 11:14:36,408 [INFO] ThirdPartyUpdaterWithRetryManager:70 - Updater plugin not ready yet. [1/15]
2025-09-26 11:14:36,414 [INFO] PluginManage:359 - Loaded plugin tools (category:base,tabindex:7)
2025-09-26 11:14:36,415 [INFO] PluginManage:310 - Check plugin tutovideos
2025-09-26 11:14:36,852 [INFO] PluginManage:359 - Loaded plugin tutovideos (category:base,tabindex:-1)
2025-09-26 11:14:36,852 [INFO] PluginManage:310 - Check plugin updater
2025-09-26 11:14:36,888 [INFO] PluginManage:359 - Loaded plugin updater (category:base,tabindex:12)
2025-09-26 11:14:36,888 [INFO] PluginManage:310 - Check plugin userauth
2025-09-26 11:14:36,894 [INFO] UserAuth:118 - Init User Auth plugin
2025-09-26 11:14:36,895 [INFO] PluginManage:359 - Loaded plugin userauth (category:base,tabindex:14)
2025-09-26 11:14:36,895 [INFO] PluginManage:283 - PluginManage : Loaded plugins [18]
2025-09-26 11:14:37,269 [INFO] PinOutPanel:1589 - setPackage(No Configuration,No Configuration)
2025-09-26 11:14:37,407 [INFO] CADModel:165 - CPN selected for project level
2025-09-26 11:14:37,407 [INFO] CADModel:114 - Register for checkConnection events
2025-09-26 11:14:37,439 [INFO] IPUIPlugin:80 - create IPUIPlugin
2025-09-26 11:14:37,440 [INFO] PluginManager:220 - loadIPPluginJar : add adc
2025-09-26 11:14:37,445 [INFO] IPUIPlugin:80 - create IPUIPlugin
2025-09-26 11:14:37,445 [INFO] PluginManager:220 - loadIPPluginJar : add aes
2025-09-26 11:14:37,450 [INFO] IPUIPlugin:80 - create IPUIPlugin
2025-09-26 11:14:37,450 [INFO] PluginManager:220 - loadIPPluginJar : add can
2025-09-26 11:14:37,454 [INFO] IPUIPlugin:80 - create IPUIPlugin
2025-09-26 11:14:37,454 [INFO] PluginManager:220 - loadIPPluginJar : add comp
2025-09-26 11:14:37,458 [INFO] IPUIPlugin:80 - create IPUIPlugin
2025-09-26 11:14:37,458 [INFO] PluginManager:220 - loadIPPluginJar : add cryp
2025-09-26 11:14:37,468 [INFO] IPUIPlugin:80 - create IPUIPlugin
2025-09-26 11:14:37,468 [INFO] PluginManager:220 - loadIPPluginJar : add ddr_ctrl_phy
2025-09-26 11:14:37,474 [INFO] IPUIPlugin:80 - create IPUIPlugin
2025-09-26 11:14:37,474 [INFO] PluginManager:220 - loadIPPluginJar : add dfsdm
2025-09-26 11:14:37,485 [INFO] IPUIPlugin:80 - create IPUIPlugin
2025-09-26 11:14:37,486 [INFO] PluginManager:220 - loadIPPluginJar : add dma
2025-09-26 11:14:37,491 [INFO] IPUIPlugin:80 - create IPUIPlugin
2025-09-26 11:14:37,491 [INFO] PluginManager:220 - loadIPPluginJar : add dma3
2025-09-26 11:14:37,497 [INFO] IPUIPlugin:80 - create IPUIPlugin
2025-09-26 11:14:37,498 [INFO] PluginManager:220 - loadIPPluginJar : add extmemmanager
2025-09-26 11:14:37,500 [INFO] IPUIPlugin:80 - create IPUIPlugin
2025-09-26 11:14:37,501 [INFO] PluginManager:220 - loadIPPluginJar : add fatfs
2025-09-26 11:14:37,510 [INFO] IPUIPlugin:80 - create IPUIPlugin
2025-09-26 11:14:37,511 [INFO] PluginManager:220 - loadIPPluginJar : add fmc
2025-09-26 11:14:37,523 [INFO] IPUIPlugin:80 - create IPUIPlugin
2025-09-26 11:14:37,523 [INFO] PluginManager:220 - loadIPPluginJar : add freertos
2025-09-26 11:14:37,527 [INFO] IPUIPlugin:80 - create IPUIPlugin
2025-09-26 11:14:37,527 [INFO] PluginManager:220 - loadIPPluginJar : add genericplugin
2025-09-26 11:14:37,532 [INFO] IPUIPlugin:80 - create IPUIPlugin
2025-09-26 11:14:37,532 [INFO] PluginManager:220 - loadIPPluginJar : add gfxmmu
2025-09-26 11:14:37,540 [INFO] IPUIPlugin:80 - create IPUIPlugin
2025-09-26 11:14:37,541 [INFO] PluginManager:220 - loadIPPluginJar : add gic
2025-09-26 11:14:37,551 [INFO] IPUIPlugin:80 - create IPUIPlugin
2025-09-26 11:14:37,551 [INFO] PluginManager:220 - loadIPPluginJar : add gpio
2025-09-26 11:14:37,558 [INFO] IPUIPlugin:80 - create IPUIPlugin
2025-09-26 11:14:37,558 [INFO] PluginManager:220 - loadIPPluginJar : add gtzc
2025-09-26 11:14:37,565 [INFO] IPUIPlugin:80 - create IPUIPlugin
2025-09-26 11:14:37,565 [INFO] PluginManager:220 - loadIPPluginJar : add hash
2025-09-26 11:14:37,570 [INFO] IPUIPlugin:80 - create IPUIPlugin
2025-09-26 11:14:37,570 [INFO] PluginManager:220 - loadIPPluginJar : add i2c
2025-09-26 11:14:37,577 [INFO] IPUIPlugin:80 - create IPUIPlugin
2025-09-26 11:14:37,577 [INFO] PluginManager:220 - loadIPPluginJar : add i2s
2025-09-26 11:14:37,584 [INFO] IPUIPlugin:80 - create IPUIPlugin
2025-09-26 11:14:37,584 [INFO] PluginManager:220 - loadIPPluginJar : add i3c
2025-09-26 11:14:37,590 [INFO] IPUIPlugin:80 - create IPUIPlugin
2025-09-26 11:14:37,590 [INFO] PluginManager:220 - loadIPPluginJar : add ipddr
2025-09-26 11:14:37,604 [INFO] IPUIPlugin:80 - create IPUIPlugin
2025-09-26 11:14:37,604 [INFO] PluginManager:220 - loadIPPluginJar : add linkedlist
2025-09-26 11:14:37,612 [INFO] IPUIPlugin:80 - create IPUIPlugin
2025-09-26 11:14:37,612 [INFO] PluginManager:220 - loadIPPluginJar : add lorawan
2025-09-26 11:14:37,615 [INFO] IPUIPlugin:80 - create IPUIPlugin
2025-09-26 11:14:37,615 [INFO] PluginManager:220 - loadIPPluginJar : add ltdc
2025-09-26 11:14:37,626 [INFO] IPUIPlugin:80 - create IPUIPlugin
2025-09-26 11:14:37,627 [INFO] PluginManager:220 - loadIPPluginJar : add mdma
2025-09-26 11:14:37,634 [INFO] IPUIPlugin:80 - create IPUIPlugin
2025-09-26 11:14:37,634 [INFO] PluginManager:220 - loadIPPluginJar : add nvic
2025-09-26 11:14:37,641 [INFO] IPUIPlugin:80 - create IPUIPlugin
2025-09-26 11:14:37,643 [INFO] PluginManager:220 - loadIPPluginJar : add opamp
2025-09-26 11:14:37,650 [INFO] IPUIPlugin:80 - create IPUIPlugin
2025-09-26 11:14:37,650 [INFO] PluginManager:220 - loadIPPluginJar : add openamp
2025-09-26 11:14:37,657 [INFO] IPUIPlugin:80 - create IPUIPlugin
2025-09-26 11:14:37,658 [INFO] PluginManager:220 - loadIPPluginJar : add pdm2pcm
2025-09-26 11:14:37,669 [INFO] IPUIPlugin:80 - create IPUIPlugin
2025-09-26 11:14:37,674 [INFO] PluginManager:220 - loadIPPluginJar : add plateformsettings
2025-09-26 11:14:37,677 [INFO] IPUIPlugin:80 - create IPUIPlugin
2025-09-26 11:14:37,677 [INFO] PluginManager:220 - loadIPPluginJar : add quadspi
2025-09-26 11:14:37,681 [INFO] IPUIPlugin:80 - create IPUIPlugin
2025-09-26 11:14:37,682 [INFO] PluginManager:220 - loadIPPluginJar : add radio
2025-09-26 11:14:37,689 [INFO] IPUIPlugin:80 - create IPUIPlugin
2025-09-26 11:14:37,690 [INFO] PluginManager:220 - loadIPPluginJar : add resmgrutility
2025-09-26 11:14:37,694 [INFO] IPUIPlugin:80 - create IPUIPlugin
2025-09-26 11:14:37,695 [INFO] PluginManager:220 - loadIPPluginJar : add sai
2025-09-26 11:14:37,700 [INFO] IPUIPlugin:80 - create IPUIPlugin
2025-09-26 11:14:37,700 [INFO] PluginManager:220 - loadIPPluginJar : add spi
2025-09-26 11:14:37,711 [INFO] IPUIPlugin:80 - create IPUIPlugin
2025-09-26 11:14:37,711 [INFO] PluginManager:220 - loadIPPluginJar : add stm32_wpan
2025-09-26 11:14:37,715 [INFO] IPUIPlugin:80 - create IPUIPlugin
2025-09-26 11:14:37,715 [INFO] PluginManager:220 - loadIPPluginJar : add tim
2025-09-26 11:14:37,721 [INFO] IPUIPlugin:80 - create IPUIPlugin
2025-09-26 11:14:37,721 [INFO] PluginManager:220 - loadIPPluginJar : add touchsensing
2025-09-26 11:14:37,725 [INFO] IPUIPlugin:80 - create IPUIPlugin
2025-09-26 11:14:37,725 [INFO] PluginManager:220 - loadIPPluginJar : add tracer_emb
2025-09-26 11:14:37,729 [INFO] IPUIPlugin:80 - create IPUIPlugin
2025-09-26 11:14:37,729 [INFO] PluginManager:220 - loadIPPluginJar : add ts
2025-09-26 11:14:37,732 [INFO] IPUIPlugin:80 - create IPUIPlugin
2025-09-26 11:14:37,732 [INFO] PluginManager:220 - loadIPPluginJar : add tsc
2025-09-26 11:14:37,735 [INFO] IPUIPlugin:80 - create IPUIPlugin
2025-09-26 11:14:37,736 [INFO] PluginManager:220 - loadIPPluginJar : add ucpd
2025-09-26 11:14:37,740 [INFO] IPUIPlugin:80 - create IPUIPlugin
2025-09-26 11:14:37,740 [INFO] PluginManager:220 - loadIPPluginJar : add usart
2025-09-26 11:14:37,746 [INFO] IPUIPlugin:80 - create IPUIPlugin
2025-09-26 11:14:37,746 [INFO] PluginManager:220 - loadIPPluginJar : add usbx
2025-09-26 11:14:37,922 [FATAL] Updater:351 - Updater called before beeing initialized
2025-09-26 11:14:37,985 [INFO] RulesReader:64 - Compatibility file has been processed (317 Rules)
2025-09-26 11:14:38,009 [INFO] RulesReader:64 - Compatibility file has been processed (317 Rules)
2025-09-26 11:14:38,031 [INFO] CADModel:165 - CPN selected for project level
2025-09-26 11:14:38,031 [INFO] CADModel:114 - Register for checkConnection events
2025-09-26 11:14:38,031 [FATAL] Updater:351 - Updater called before beeing initialized
2025-09-26 11:14:38,033 [ERROR] CADModel:125 - Updater not yet initialized, retry later 
2025-09-26 11:14:38,378 [FATAL] Updater:351 - Updater called before beeing initialized
2025-09-26 11:14:38,382 [INFO] CADModel:165 - CPN selected for project level
2025-09-26 11:14:38,382 [INFO] CADModel:114 - Register for checkConnection events
2025-09-26 11:14:38,382 [FATAL] Updater:351 - Updater called before beeing initialized
2025-09-26 11:14:38,383 [ERROR] CADModel:125 - Updater not yet initialized, retry later 
2025-09-26 11:14:38,389 [FATAL] Updater:351 - Updater called before beeing initialized
2025-09-26 11:14:38,637 [FATAL] Updater:351 - Updater called before beeing initialized
2025-09-26 11:14:38,645 [INFO] DbMcusAds:53 - JSON generation date=Tue Jul 08 10:14:23 CEST 2025 (1751962463524)
2025-09-26 11:14:38,645 [FATAL] Updater:351 - Updater called before beeing initialized
2025-09-26 11:14:38,719 [WARN] DetailPanel:346 - Failed to get advertising image, set to default
2025-09-26 11:14:38,877 [FATAL] Updater:351 - Updater called before beeing initialized
2025-09-26 11:14:38,881 [FATAL] Updater:351 - Updater called before beeing initialized
2025-09-26 11:14:38,881 [FATAL] Updater:351 - Updater called before beeing initialized
2025-09-26 11:14:38,881 [WARN] DetailPanel:346 - Failed to get advertising image, set to default
2025-09-26 11:14:38,882 [FATAL] Updater:351 - Updater called before beeing initialized
2025-09-26 11:14:38,958 [ERROR] Updater:1198 - MainUpdater not yet initialized. External WinMGr cannot be set.
2025-09-26 11:14:38,961 [INFO] Updater:1134 - Updater Version found : 6.15.0
2025-09-26 11:14:38,993 [INFO] ApplicationProperties:184 - Using Application install path: C:\ST\STM32CubeIDE_1.19.0\STM32CubeIDE\plugins\com.st.stm32cube.common.mx_6.15.0.202507011659
2025-09-26 11:14:39,409 [INFO] ThirdPartyUpdaterWithRetryManager:70 - Updater plugin not ready yet. [2/15]
2025-09-26 11:14:40,583 [ERROR] LogOutputStream:75 - [STDERR_REDIRECT] Sep 26, 2025 11:14:40 AM java.util.prefs.WindowsPreferences <init>
2025-09-26 11:14:40,584 [ERROR] LogOutputStream:75 - [STDERR_REDIRECT] WARNING: Could not open/create prefs root node Software\JavaSoft\Prefs at root 0xffffffff80000002. Windows RegCreateKeyEx(...) returned error code 5.
2025-09-26 11:14:40,584 [ERROR] LogOutputStream:75 - [STDERR_REDIRECT] 
2025-09-26 11:14:40,956 [INFO] MainUpdater:2872 - connection check result : 10
2025-09-26 11:14:40,958 [INFO] MainUpdater:289 - Updater Check For Update Now.
2025-09-26 11:14:40,958 [INFO] MicroXplorer:498 - Change Database Version : DB.6.0.150
2025-09-26 11:14:40,981 [INFO] McuFinderGlobals:63 - Set McuFinder mode to 2 (CubeIDE integrated)
2025-09-26 11:14:40,982 [INFO] UserAuth:487 - Internet connection configuration mode: 1
2025-09-26 11:14:41,037 [INFO] JxBrowserEngine:152 - Initiate JxBrowser Engine with user profile folder
2025-09-26 11:14:41,160 [INFO] CheckServerUpdateThread:120 - End of CheckServer Thread
2025-09-26 11:14:42,665 [WARN] PackLoader:240 - Cannot read IP mode file for STMicroelectronics.FP-SNS-MOTENVWB1.1.4.0
2025-09-26 11:14:42,677 [WARN] PackLoader:240 - Cannot read IP mode file for STMicroelectronics.FP-ATR-ASTRA1.2.0.2
2025-09-26 11:14:42,688 [WARN] PackLoader:240 - Cannot read IP mode file for STMicroelectronics.X-CUBE-SMBUS.2.1.0
2025-09-26 11:14:42,706 [WARN] PackLoader:240 - Cannot read IP mode file for STMicroelectronics.X-CUBE-ST60.1.0.0
2025-09-26 11:14:42,741 [WARN] PackLoader:240 - Cannot read IP mode file for STMicroelectronics.X-CUBE-AZRTOS-F7.1.1.0
2025-09-26 11:14:42,757 [WARN] PackLoader:240 - Cannot read IP mode file for WES.I-CUBE-Cesium.1.4.0
2025-09-26 11:14:42,784 [WARN] PackLoader:240 - Cannot read IP mode file for Infineon.AIROC-Wi-Fi-Bluetooth-STM32.1.7.1
2025-09-26 11:14:42,820 [WARN] PackLoader:240 - Cannot read IP mode file for STMicroelectronics.X-CUBE-AZRTOS-H7.3.4.0
2025-09-26 11:14:42,838 [WARN] PackLoader:240 - Cannot read IP mode file for STMicroelectronics.X-CUBE-DISPLAY.3.0.0
2025-09-26 11:14:42,861 [WARN] PackLoader:240 - Cannot read IP mode file for STMicroelectronics.X-CUBE-NFC10.1.0.0
2025-09-26 11:14:42,873 [WARN] PackLoader:240 - Cannot read IP mode file for emotas.I-CUBE-CANOPEN.1.3.0
2025-09-26 11:14:42,884 [WARN] PackLoader:240 - Cannot read IP mode file for STMicroelectronics.FP-SNS-STBOX1.2.1.0
2025-09-26 11:14:42,894 [WARN] PackLoader:240 - Cannot read IP mode file for STMicroelectronics.FP-SNS-SMARTAG2.1.2.0
2025-09-26 11:14:42,900 [WARN] PackLoader:240 - Cannot read IP mode file for STMicroelectronics.FP-SNS-FLIGHT1.5.1.0
2025-09-26 11:14:42,915 [INFO] LogOutputStream:77 - [STDOUT_REDIRECT] 1 : Invalid condition id : UX_CORESTACK_Condition cause : null
2025-09-26 11:14:42,918 [INFO] LogOutputStream:77 - [STDOUT_REDIRECT] 1 : Invalid condition id : UX_CORESTACK_Condition cause : null
2025-09-26 11:14:42,920 [INFO] LogOutputStream:77 - [STDOUT_REDIRECT] 1 : Invalid condition id : UX_CORESTACK_Condition cause : null
2025-09-26 11:14:42,923 [INFO] LogOutputStream:77 - [STDOUT_REDIRECT] 1 : Invalid condition id : UX_CORESTACK_Condition cause : null
2025-09-26 11:14:42,926 [INFO] LogOutputStream:77 - [STDOUT_REDIRECT] 1 : Invalid condition id : UX_CORESTACK_Condition cause : null
2025-09-26 11:14:42,932 [WARN] PackLoader:240 - Cannot read IP mode file for STMicroelectronics.X-CUBE-AZRTOS-WL.2.0.0
2025-09-26 11:14:42,941 [WARN] PackLoader:240 - Cannot read IP mode file for STMicroelectronics.FP-SNS-MOTENV1.5.0.0
2025-09-26 11:14:42,954 [WARN] PackLoader:240 - Cannot read IP mode file for STMicroelectronics.X-CUBE-BLE2.3.3.0
2025-09-26 11:14:42,969 [WARN] PackLoader:240 - Cannot read IP mode file for STMicroelectronics.X-CUBE-NFC9.1.0.0
2025-09-26 11:14:42,986 [WARN] PackLoader:240 - Cannot read IP mode file for wolfSSL.I-CUBE-wolfSSL.5.8.2
2025-09-26 11:14:43,014 [WARN] PackLoader:240 - Cannot read IP mode file for STMicroelectronics.X-CUBE-BLE1.7.1.0
2025-09-26 11:14:43,027 [WARN] PackLoader:240 - Cannot read IP mode file for wolfSSL.I-CUBE-wolfMQTT.1.19.2
2025-09-26 11:14:43,050 [WARN] PackLoader:240 - Cannot read IP mode file for STMicroelectronics.X-CUBE-EEPRMA1.5.2.0
2025-09-26 11:14:43,093 [WARN] PackLoader:240 - Cannot read IP mode file for STMicroelectronics.X-CUBE-AZRTOS-G0.1.1.0
2025-09-26 11:14:43,113 [WARN] PackLoader:240 - Cannot read IP mode file for STMicroelectronics.X-CUBE-SAFEA1.1.2.2
2025-09-26 11:14:43,131 [WARN] PackLoader:240 - Cannot read IP mode file for STMicroelectronics.X-CUBE-NFC4.3.0.0
2025-09-26 11:14:43,161 [WARN] PackLoader:240 - Cannot read IP mode file for EmbeddedOffice.I-CUBE-FS-RTOS.1.0.1
2025-09-26 11:14:43,180 [WARN] PackLoader:240 - Cannot read IP mode file for STMicroelectronics.X-CUBE-WB05N.2.0.0
2025-09-26 11:14:43,195 [WARN] PackLoader:240 - Cannot read IP mode file for wolfSSL.I-CUBE-wolfTPM.3.8.0
2025-09-26 11:14:43,212 [WARN] PackLoader:240 - Cannot read IP mode file for STMicroelectronics.X-CUBE-TCPP.4.2.0
2025-09-26 11:14:43,235 [WARN] PackLoader:240 - Cannot read IP mode file for RealThread.X-CUBE-RT-Thread_Nano.4.1.1
2025-09-26 11:14:43,249 [WARN] PackLoader:240 - Cannot read IP mode file for STMicroelectronics.FP-ATR-SIGFOX1.3.2.0
2025-09-26 11:14:43,289 [WARN] PackLoader:240 - Cannot read IP mode file for ITTIA_DB.I-CUBE-ITTIADB.8.9.0
2025-09-26 11:14:43,322 [WARN] PackLoader:240 - Cannot read IP mode file for STMicroelectronics.X-CUBE-ST67W61.1.0.0
2025-09-26 11:14:43,338 [WARN] PackLoader:240 - Cannot read IP mode file for STMicroelectronics.X-CUBE-AI.10.2.0
2025-09-26 11:14:43,435 [WARN] PackLoader:240 - Cannot read IP mode file for SEGGER.I-CUBE-embOS.1.3.1
2025-09-26 11:14:43,687 [WARN] PackLoader:240 - Cannot read IP mode file for STMicroelectronics.X-CUBE-ALGOBUILD.1.4.0
2025-09-26 11:14:43,855 [WARN] PackLoader:240 - Cannot read IP mode file for STMicroelectronics.X-CUBE-MEMS1.11.3.0
2025-09-26 11:14:44,385 [WARN] PackLoader:240 - Cannot read IP mode file for STMicroelectronics.X-CUBE-PM33A1.1.0.0
2025-09-26 11:14:44,435 [WARN] PackLoader:240 - Cannot read IP mode file for STMicroelectronics.X-CUBE-AZRTOS-F4.1.1.0
2025-09-26 11:14:44,466 [WARN] PackLoader:240 - Cannot read IP mode file for Avnet-IotConnect.X-CUBE-IoTC-DA16k-PMOD.1.0.0
2025-09-26 11:14:44,490 [WARN] PackLoader:240 - Cannot read IP mode file for STMicroelectronics.X-CUBE-ISPU.2.1.0
2025-09-26 11:14:44,517 [WARN] PackLoader:240 - Cannot read IP mode file for STMicroelectronics.X-CUBE-NFC12.1.0.0
2025-09-26 11:14:44,569 [WARN] PackLoader:240 - Cannot read IP mode file for STMicroelectronics.X-CUBE-AZRTOS-L5.2.0.0
2025-09-26 11:14:44,602 [WARN] PackLoader:240 - Cannot read IP mode file for STMicroelectronics.X-CUBE-NFC6.3.1.0
2025-09-26 11:14:44,641 [WARN] PackLoader:240 - Cannot read IP mode file for STMicroelectronics.X-CUBE-FREERTOS.1.3.1
2025-09-26 11:14:44,663 [WARN] PackLoader:240 - Cannot read IP mode file for STMicroelectronics.FP-SNS-STAIOTCFT.1.0.0
2025-09-26 11:14:44,685 [WARN] PackLoader:240 - Cannot read IP mode file for STMicroelectronics.X-CUBE-DPower.1.3.0
2025-09-26 11:14:44,741 [WARN] ConditionMgr:438 - getConditionDescription Invalid condition id : LAN8742 Phy interface Condition cause : null
2025-09-26 11:14:44,743 [WARN] PackLoader:240 - Cannot read IP mode file for STMicroelectronics.X-CUBE-AZRTOS-L4.2.0.0
2025-09-26 11:14:44,746 [WARN] ConditionMgr:1044 - genDependencies : Invalid condition id : LAN8742 Phy interface Condition cause : null
2025-09-26 11:14:44,748 [WARN] ConditionMgr:1044 - genDependencies : Invalid condition id : LAN8742 Phy interface Condition cause : null
2025-09-26 11:14:44,751 [WARN] ConditionMgr:1044 - genDependencies : Invalid condition id : LAN8742 Phy interface Condition cause : null
2025-09-26 11:14:44,780 [WARN] PackLoader:240 - Cannot read IP mode file for STMicroelectronics.X-CUBE-SFXS2LP1.4.0.0
2025-09-26 11:14:44,834 [WARN] PackLoader:240 - Cannot read IP mode file for STMicroelectronics.X-CUBE-BLEMGR.4.1.0
2025-09-26 11:14:44,879 [WARN] ConditionMgr:438 - getConditionDescription Invalid condition id : UX DEVICE CLASS RTOS Condition cause : null
2025-09-26 11:14:44,880 [WARN] ConditionMgr:438 - getConditionDescription Invalid condition id : UX DEVICE CLASS RTOS Condition cause : null
2025-09-26 11:14:44,886 [WARN] PackLoader:240 - Cannot read IP mode file for STMicroelectronics.X-CUBE-AZRTOS-WB.2.0.0
2025-09-26 11:14:44,888 [WARN] ConditionMgr:1044 - genDependencies : Invalid condition id : UX DEVICE CLASS RTOS Condition cause : null
2025-09-26 11:14:44,888 [WARN] ConditionMgr:1044 - genDependencies : Invalid condition id : UX DEVICE CLASS RTOS Condition cause : null
2025-09-26 11:14:44,889 [WARN] ConditionMgr:1044 - genDependencies : Invalid condition id : UX DEVICE CLASS RTOS Condition cause : null
2025-09-26 11:14:44,891 [WARN] ConditionMgr:1044 - genDependencies : Invalid condition id : UX DEVICE CLASS RTOS Condition cause : null
2025-09-26 11:14:44,891 [WARN] ConditionMgr:1044 - genDependencies : Invalid condition id : UX DEVICE CLASS RTOS Condition cause : null
2025-09-26 11:14:44,913 [WARN] PackLoader:240 - Cannot read IP mode file for STMicroelectronics.X-CUBE-GNSS1.7.0.1
2025-09-26 11:14:44,951 [WARN] PackLoader:240 - Cannot read IP mode file for STMicroelectronics.X-CUBE-TOUCHGFX.4.25.0
2025-09-26 11:14:44,972 [WARN] ConditionMgr:438 - getConditionDescription Invalid condition id : Cortex-A Device cause : null
2025-09-26 11:14:45,070 [WARN] ConditionMgr:1044 - genDependencies : Invalid condition id : Cortex-A Device cause : null
2025-09-26 11:14:45,071 [WARN] ConditionMgr:1044 - genDependencies : Invalid condition id : Cortex-A Device cause : null
2025-09-26 11:14:45,071 [WARN] ConditionMgr:1044 - genDependencies : Invalid condition id : Cortex-A Device cause : null
2025-09-26 11:14:45,123 [WARN] PackLoader:240 - Cannot read IP mode file for STMicroelectronics.X-CUBE-SUBG2.5.0.0
2025-09-26 11:14:45,220 [WARN] PackLoader:240 - Cannot read IP mode file for STMicroelectronics.X-CUBE-AZRTOS-H7RS.1.1.0
2025-09-26 11:14:45,246 [WARN] PackLoader:240 - Cannot read IP mode file for Cesanta.I-CUBE-Mongoose.7.13.0
2025-09-26 11:14:45,311 [WARN] PackLoader:240 - Cannot read IP mode file for STMicroelectronics.X-CUBE-AZRTOS-G4.2.0.0
2025-09-26 11:14:45,329 [WARN] PackLoader:240 - Cannot read IP mode file for wolfSSL.I-CUBE-wolfSSH.1.4.20
2025-09-26 11:14:45,351 [WARN] PackLoader:240 - Cannot read IP mode file for STMicroelectronics.X-CUBE-NFC7.2.0.0
2025-09-26 11:14:45,396 [WARN] PackLoader:240 - Cannot read IP mode file for STMicroelectronics.X-CUBE-IPS.3.1.0
2025-09-26 11:14:45,440 [WARN] PackLoader:240 - Cannot read IP mode file for STMicroelectronics.X-CUBE-ALS.1.0.2
2025-09-26 11:14:45,464 [WARN] PackLoader:240 - Cannot read IP mode file for STMicroelectronics.X-CUBE-STSE01.1.0.0
2025-09-26 11:14:45,500 [WARN] PackLoader:240 - Cannot read IP mode file for STMicroelectronics.X-CUBE-TOF1.3.4.3
2025-09-26 11:14:45,536 [INFO] ThirdParty:978 - Integrity check success = true
2025-09-26 11:14:45,536 [INFO] IntegrityCheckThread:100 - exiting critical section [integrity check]
2025-09-26 11:14:45,537 [INFO] IntegrityCheckThread:103 - End integrity checks thread
2025-09-26 11:14:48,174 [INFO] WebApp:169 - Instantiating new browser for Auth
2025-09-26 11:14:50,410 [INFO] WebApp:463 - Apply proxy settings
2025-09-26 11:14:50,412 [INFO] WebApp:548 - Chromium requires no authentication
2025-09-26 11:14:50,439 [INFO] WebApp:491 - Direct internet connection detected
2025-09-26 11:14:50,532 [INFO] WebApp:900 - Register for checkConnection events
2025-09-26 11:14:50,532 [INFO] WebApp:463 - Apply proxy settings
2025-09-26 11:14:50,533 [INFO] WebApp:548 - Chromium requires no authentication
2025-09-26 11:14:50,534 [INFO] WebApp:491 - Direct internet connection detected
2025-09-26 11:14:50,931 [INFO] WebApp:191 - Connection restablished
2025-09-26 11:14:51,786 [INFO] WebApp:225 - Starting web application
2025-09-26 11:14:51,788 [INFO] WebApp:593 - Web application path used C:\ST\STM32CubeIDE_1.19.0\STM32CubeIDE\plugins\com.st.stm32cube.common.mx_6.15.0.202507011659\db\plugins\mcufinder\reactClient1\index.html
2025-09-26 11:14:52,523 [INFO] UserAuth:487 - Internet connection configuration mode: 1
2025-09-26 11:14:56,171 [INFO] McuFinderGlobals:63 - Set McuFinder mode to 2 (CubeIDE integrated)
2025-09-26 11:14:56,178 [INFO] MainUpdater:2872 - connection check result : 10
2025-09-26 11:14:56,181 [INFO] MainUpdater:2872 - connection check result : 10
2025-09-26 11:14:56,243 [INFO] MicroXplorer:468 - Change Database Path : 
2025-09-26 11:14:56,244 [INFO] MicroXplorer:498 - Change Database Version : DB.6.0.150
2025-09-26 11:14:56,261 [WARN] ThirdParty:871 - waiting for thirdparty lock release [close project]
2025-09-26 11:14:56,261 [INFO] ThirdParty:873 - entering critical section [close project]
2025-09-26 11:14:56,262 [INFO] ThirdParty:883 - exiting critical section [close project]
2025-09-26 11:14:56,265 [INFO] PinOutPanel:1589 - setPackage(No Configuration,No Configuration)
2025-09-26 11:14:56,267 [INFO] UtilMem:75 - Begin LoadConfig() Used Memory: 190342672 Bytes (293601280)
2025-09-26 11:14:56,270 [INFO] MicroXplorer:468 - Change Database Path : 
2025-09-26 11:14:56,270 [INFO] MicroXplorer:498 - Change Database Version : DB.6.0.150
2025-09-26 11:14:56,270 [INFO] OpenFileManager:355 - Change cursor
2025-09-26 11:14:56,310 [INFO] Mcu:2029 - Initializing MCU STM32L433RCTxP STM32L433RCTxP STM32L433RCT6P
2025-09-26 11:15:00,838 [INFO] Context:786 - Trying to add GPIOservice into a context  which must be forbidden
2025-09-26 11:15:02,565 [INFO] ImportTextPane:234 - (OptionalMessage_ERROR) Pin18 (VP_RIF_VS_RIF1) cannot be retrieved for this MCU
2025-09-26 11:15:03,125 [INFO] RtosManager:558 - Registered RTOS mode: class=CMSIS, group=RTOS, mode=CMSIS_V1, owner=FREERTOS
2025-09-26 11:15:03,127 [INFO] RtosManager:558 - Registered RTOS mode: class=CMSIS, group=RTOS2, mode=CMSIS_V2, owner=FREERTOS
2025-09-26 11:15:03,127 [INFO] RtosManager:558 - Registered RTOS mode: class=RTOS, group=Core, mode=CMSIS_V1, owner=FREERTOS
2025-09-26 11:15:03,128 [INFO] RtosManager:558 - Registered RTOS mode: class=RTOS, group=Core, mode=CMSIS_V2, owner=FREERTOS
2025-09-26 11:15:03,129 [WARN] ModelIntegratedComponent:184 - Missing modes for component STMicroelectronics:FreeRTOS:0.0.1:STMicroelectronics:RTOS:FreeRTOS:Core:::10.2.0:
2025-09-26 11:15:03,215 [WARN] ModelIntegratedComponent:63 - No mode defined for component null
2025-09-26 11:15:03,216 [WARN] ModelIntegratedComponent:63 - No mode defined for component null
2025-09-26 11:15:03,216 [WARN] ModelIntegratedComponent:63 - No mode defined for component null
2025-09-26 11:15:03,216 [WARN] ModelIntegratedComponent:63 - No mode defined for component null
2025-09-26 11:15:03,216 [WARN] ModelIntegratedComponent:63 - No mode defined for component null
2025-09-26 11:15:03,217 [WARN] ModelIntegratedComponent:63 - No mode defined for component null
2025-09-26 11:15:03,217 [WARN] ModelIntegratedComponent:63 - No mode defined for component null
2025-09-26 11:15:03,218 [WARN] ModelIntegratedComponent:63 - No mode defined for component null
2025-09-26 11:15:03,218 [WARN] ModelIntegratedComponent:63 - No mode defined for component null
2025-09-26 11:15:03,218 [WARN] ModelIntegratedComponent:63 - No mode defined for component null
2025-09-26 11:15:03,219 [WARN] ModelIntegratedComponent:63 - No mode defined for component null
2025-09-26 11:15:03,219 [WARN] ModelIntegratedComponent:63 - No mode defined for component null
2025-09-26 11:15:03,219 [WARN] ModelIntegratedComponent:63 - No mode defined for component null
2025-09-26 11:15:03,219 [WARN] ModelIntegratedComponent:63 - No mode defined for component null
2025-09-26 11:15:03,219 [WARN] ModelIntegratedComponent:63 - No mode defined for component null
2025-09-26 11:15:03,220 [WARN] ModelIntegratedComponent:63 - No mode defined for component null
2025-09-26 11:15:03,220 [WARN] ModelIntegratedComponent:63 - No mode defined for component null
2025-09-26 11:15:03,220 [WARN] ModelIntegratedComponent:63 - No mode defined for component null
2025-09-26 11:15:03,221 [WARN] ModelIntegratedComponent:63 - No mode defined for component null
2025-09-26 11:15:03,221 [WARN] ModelIntegratedComponent:63 - No mode defined for component null
2025-09-26 11:15:03,221 [WARN] ModelIntegratedComponent:63 - No mode defined for component null
2025-09-26 11:15:03,222 [WARN] ModelIntegratedComponent:63 - No mode defined for component null
2025-09-26 11:15:03,222 [WARN] ModelIntegratedComponent:63 - No mode defined for component null
2025-09-26 11:15:03,222 [WARN] ModelIntegratedComponent:63 - No mode defined for component null
2025-09-26 11:15:03,222 [WARN] ModelIntegratedComponent:63 - No mode defined for component null
2025-09-26 11:15:03,223 [WARN] ModelIntegratedComponent:63 - No mode defined for component null
2025-09-26 11:15:03,223 [WARN] ModelIntegratedComponent:63 - No mode defined for component null
2025-09-26 11:15:03,223 [WARN] ModelIntegratedComponent:63 - No mode defined for component null
2025-09-26 11:15:03,224 [WARN] ModelIntegratedComponent:63 - No mode defined for component null
2025-09-26 11:15:03,224 [WARN] ModelIntegratedComponent:63 - No mode defined for component null
2025-09-26 11:15:03,224 [WARN] ModelIntegratedComponent:63 - No mode defined for component null
2025-09-26 11:15:03,225 [WARN] ModelIntegratedComponent:63 - No mode defined for component null
2025-09-26 11:15:03,225 [WARN] ModelIntegratedComponent:63 - No mode defined for component null
2025-09-26 11:15:03,225 [WARN] ModelIntegratedComponent:63 - No mode defined for component null
2025-09-26 11:15:03,226 [WARN] ModelIntegratedComponent:63 - No mode defined for component null
2025-09-26 11:15:03,226 [WARN] ModelPack:524 - Component already loaded: STMicroelectronics:HAL Drivers:0.0.0:STMicroelectronics:Device:STMicro_Driver:XSPI:HAL::0.0.1:HAL_XSPI
2025-09-26 11:15:03,552 [INFO] ThirdPartyModel:298 - Start build external matchings
2025-09-26 11:15:04,742 [INFO] ThirdPartyModel:316 - End build external matchings
2025-09-26 11:15:04,763 [INFO] ImportTextPane:234 - (OptionalMessage_ERROR) IP (RCC) : Invalid parameter (FamilyName)
2025-09-26 11:15:04,763 [INFO] ImportTextPane:234 - (OptionalMessage_ERROR) IP (RCC) : Invalid parameter (I2C4Freq_Value)
2025-09-26 11:15:04,764 [INFO] ImportTextPane:234 - (OptionalMessage_ERROR) IP (RCC) : Parameter (RNGFreq_Value) has invalid value (64000000)
2025-09-26 11:15:04,766 [INFO] ImportTextPane:234 - (OptionalMessage_ERROR) IP (RCC) : Parameter (SDMMCFreq_Value) has invalid value (64000000)
2025-09-26 11:15:04,766 [INFO] ImportTextPane:234 - (OptionalMessage_ERROR) IP (RCC) : Invalid parameter (UART4Freq_Value)
2025-09-26 11:15:04,766 [INFO] ImportTextPane:234 - (OptionalMessage_ERROR) IP (RCC) : Invalid parameter (UART5Freq_Value)
2025-09-26 11:15:04,766 [INFO] ImportTextPane:234 - (OptionalMessage_ERROR) IP (RCC) : Parameter (USBFreq_Value) has invalid value (64000000)
2025-09-26 11:15:04,766 [INFO] ImportTextPane:234 - (OptionalMessage_ERROR) IP (RCC) : Invalid parameter (VCOSAI2OutputFreq_Value)
2025-09-26 11:15:05,721 [INFO] ApiDb:581 - Connected to CubeFinder SQLite database (C:\Users\samyo\.stmcufinder\plugins\mcufinder\mcu\cube-finder-db.db)
2025-09-26 11:15:05,896 [INFO] ApiDb:668 - CubeFinder database Data Model version=2.1
2025-09-26 11:15:05,897 [INFO] ApiDb:669 - CubeFinder database Configuration version=3.0.39
2025-09-26 11:15:05,897 [INFO] ApiDb:670 - CubeFinder database generation date=2025-08-25 (1756130511)
2025-09-26 11:15:05,897 [INFO] ApiDb:671 - CubeFinder database FW Pack versions=[FP-ATR-ASTRA1_V2.0.0, FP-SNS-FLIGHT1_V5.1.0, FP-SNS-MOTENV1_V5.0.0, FP-SNS-MOTENVWB1_V1.4.0, FP-SNS-SMARTAG2_V1.2.0, FP-SNS-STBOX1_V2.1.0, STM32Cube_FW_C0_V1.4.0, STM32Cube_FW_F4_V1.28.3, STM32Cube_FW_F7_V1.17.4, STM32Cube_FW_G0_V1.6.2, STM32Cube_FW_G4_V1.6.1, STM32Cube_FW_H5_V1.5.0, STM32Cube_FW_H7RS_V1.2.0, STM32Cube_FW_H7_V1.12.1, STM32Cube_FW_L0_V1.12.2, STM32Cube_FW_L4_V1.18.1, STM32Cube_FW_L5_V1.5.1, STM32Cube_FW_N6_V1.2.0, STM32Cube_FW_U0_V1.3.0, STM32Cube_FW_U3_V1.2.0, STM32Cube_FW_U5_V1.8.0, STM32Cube_FW_WB0_V1.3.0, STM32Cube_FW_WBA_V1.7.0, STM32Cube_FW_WB_V1.23.0, STM32Cube_FW_WL3_V1.2.0, STM32Cube_FW_WL_V1.3.1, X-CUBE-ALGOBUILD_V1.4.0, X-CUBE-ALS_V1.0.2, X-CUBE-AZRTOS-F4_V1.1.0, X-CUBE-AZRTOS-F7_V1.1.0, X-CUBE-AZRTOS-G0_V1.1.0, X-CUBE-AZRTOS-G4_V2.0.0, X-CUBE-AZRTOS-H7RS_V1.1.0, X-CUBE-AZRTOS-H7_V3.4.0, X-CUBE-AZRTOS-L4_V2.0.0, X-CUBE-AZRTOS-L5_V2.0.0, X-CUBE-AZRTOS-WB_V2.0.0, X-CUBE-AZRTOS-WL_V2.0.0, X-CUBE-BLE1_V7.1.0, X-CUBE-BLE2_V3.3.0, X-CUBE-BLEMGR_V4.1.0, X-CUBE-EEPRMA1_V5.2.0, X-CUBE-FREERTOS_V1.3.1, X-CUBE-GNSS1_V6.0.0, X-CUBE-MEMS1_V11.3.0, X-CUBE-NFC4_V3.0.0, X-CUBE-NFC7_V2.0.0, X-CUBE-SFXS2LP1_V4.0.0, X-CUBE-ST67W61_V1.0.0, X-CUBE-SUBG2_V5.0.0, X-CUBE-TOF1_V3.4.3]
2025-09-26 11:15:06,061 [INFO] DbBoardsSqlite:226 - include board P-NUCLEO-WB55-NUCLEO as a kit item of type 'Nucleo-64'
2025-09-26 11:15:06,062 [INFO] DbBoardsSqlite:226 - include board P-NUCLEO-WB55-USBDONGLE as a kit item of type 'Nucleo USB Dongle'
2025-09-26 11:15:06,063 [INFO] DbBoardsSqlite:226 - include board STEVAL-IDP005V1 as a kit item of type 'Evaluation Board'
2025-09-26 11:15:06,065 [INFO] DbBoardsSqlite:226 - include board STEVAL-IDP005V2 as a kit item of type 'Evaluation Board'
2025-09-26 11:15:06,450 [INFO] ApiDb:240 - Found 880 in-development CPN: [B-G473E-ZEST1S, B-WB1M-WPAN1, B-WBA5M-WPAN, B-WL5M-SUBG1, NUCLEO-C031C6, NUCLEO-C051C8, NUCLEO-C071RB, NUCLEO-C092RC, NUCLEO-H503RB, NUCLEO-H533RE, NUCLEO-H563ZI, NUCLEO-H7S3L8, NUCLEO-N657X0-Q, NUCLEO-U031R8, NUCLEO-U083RC, NUCLEO-U385RG-Q, NUCLEO-U545RE-Q, NUCLEO-U5A5ZJ-Q, NUCLEO-WB05KZ, NUCLEO-WB07CC, NUCLEO-WB09KE, NUCLEO-WBA52CG, NUCLEO-WBA55CG, NUCLEO-WL33CC1, NUCLEO-WL33CC2, STEVAL-PROTEUS1, STEVAL-SMARTAG2, STEVAL-STWINBX1, STM320518-EVAL, STM32C0116-DK, STM32C011D6Y3TR, STM32C011D6Y6TR, STM32C011F4P3, STM32C011F4P6, STM32C011F4U3, STM32C011F4U6TR, STM32C011F6P3, STM32C011F6P6, STM32C011F6U3, STM32C011F6U6TR, STM32C011J4M3, STM32C011J4M6, STM32C011J6M3, STM32C011J6M6, STM32C0316-DK, STM32C031C4T3, STM32C031C4T6, STM32C031C4U3, STM32C031C4U6, STM32C031C6T3, STM32C031C6T6, STM32C031C6U3, STM32C031C6U6, STM32C031F4P3, STM32C031F4P6, STM32C031F6P3, STM32C031F6P6, STM32C031G4U3, STM32C031G4U6, STM32C031G6U3, STM32C031G6U6, STM32C031K4T3, STM32C031K4T6, STM32C031K4U3, STM32C031K4U6, STM32C031K6T3, STM32C031K6T6, STM32C031K6U3, STM32C031K6U6, STM32C051C6T6, STM32C051C6U6, STM32C051C8T6, STM32C051C8U6, STM32C051D8Y6TR, STM32C051F6P6, STM32C051F8P6, STM32C051G6U6, STM32C051G8U6, STM32C051K6T6, STM32C051K6U6, STM32C051K8T6, STM32C071C8T6, STM32C071C8T6N, STM32C071C8U6, STM32C071C8U6N, STM32C071CBT6, STM32C071CBT6N, STM32C071CBU6, STM32C071CBU6N, STM32C071F8P6, STM32C071F8P6N, STM32C071FBP6, STM32C071FBP6N, STM32C071FBY6TR, STM32C071G8U6, STM32C071G8U6N, STM32C071GBU6, STM32C071GBU6N, STM32C071K8T6, STM32C071K8T6N, STM32C071K8U6, STM32C071K8U6N, STM32C071KBT6, STM32C071KBT6N, STM32C071KBU6, STM32C071KBU6N, STM32C071R8T6, STM32C071R8T6N, STM32C071RBI6N, STM32C071RBT6, STM32C071RBT6N, STM32C091CBT6, STM32C091CBU6, STM32C091CCT6, STM32C091CCU6, STM32C091ECY6TR, STM32C091FBP6, STM32C091FCP6, STM32C091GBU6, STM32C091GCU6, STM32C091KBT6, STM32C091KBU6, STM32C091KCT6, STM32C091KCU6, STM32C091RBT6, STM32C091RCI6, STM32C091RCT6, STM32C092CBT6, STM32C092CBU6, STM32C092CCT6, STM32C092CCU6, STM32C092ECY6TR, STM32C092FBP6, STM32C092FCP6, STM32C092GBU6, STM32C092GCU6, STM32C092KBT6, STM32C092KBU6, STM32C092KCT6, STM32C092KCU6, STM32C092RBT6, STM32C092RCI6, STM32C092RCT6, STM32G071K8TXN, STM32G071K8UXN, STM32G081GBU6N, STM32G081KBT6N, STM32G081KBUXN, STM32G0B1CCT6N, STM32G0B1KCT6, STM32G0B1NEY6TR, STM32G0B1RCT6N, STM32G0C1CCT6, STM32G0C1CCT6N, STM32G0C1CCU6N, STM32G0C1CET6N, STM32G0C1CEU6N, STM32G0C1KCT6, STM32G0C1NEY6TR, STM32G0C1RCI6N, STM32G0C1RCT6N, STM32G0C1REI6N, STM32G0C1RET6N, STM32G0C1VCI6, STM32G0C1VEI6, STM32G411C6T3, STM32G411C6T6, STM32G411C6U3, STM32G411C6U6, STM32G411C8T3, STM32G411C8T6, STM32G411C8U3, STM32G411C8U6, STM32G411CBT3, STM32G411CBT6, STM32G411CBU3, STM32G411CBU6, STM32G411K6T3, STM32G411K6T6, STM32G411K6U3, STM32G411K6U6, STM32G411K8T3, STM32G411K8T6, STM32G411K8U3, STM32G411K8U6, STM32G411KBT3, STM32G411KBT6, STM32G411KBU3, STM32G411KBU6, STM32G411M6T3, STM32G411M6T6, STM32G411M8T3, STM32G411M8T6, STM32G411MBT3, STM32G411MBT6, STM32G411R6T3, STM32G411R6T6, STM32G411R8T3, STM32G411R8T6, STM32G411RBT3, STM32G411RBT6, STM32G414CBT3, STM32G414CBT6, STM32G414CBU3, STM32G414CBU6, STM32G414CCT3, STM32G414CCT6, STM32G414CCU3, STM32G414CCU6, STM32G414MBT3, STM32G414MBT6, STM32G414MCT3, STM32G414MCT6, STM32G414RBT3, STM32G414RBT6, STM32G414RCT3, STM32G414RCT6, STM32G414VBT3, STM32G414VBT6, STM32G414VCT3, STM32G414VCT6, STM32G431CBT3Z, STM32G431RBT3Z, STM32G471CCT6, STM32G471CCU6, STM32G471CET3, STM32G471CET6, STM32G471CEU3, STM32G471CEU6, STM32G471MCT6, STM32G471MET3, STM32G471MET6, STM32G471MEY6TR, STM32G471QCT6, STM32G471QET3, STM32G471RCT6, STM32G471RET3, STM32G471RET6, STM32G471VCH6, STM32G471VCI6, STM32G471VCT6, STM32G471VEH3, STM32G471VEH6, STM32G471VEI3, STM32G471VEI6, STM32G471VET3, STM32G471VET6, STM32G473QET3Z, STM32G473RET3Z, STM32G474CCT6, STM32G491RET3Z, STM32H503CBT6, STM32H503CBU6, STM32H503EBY6TR, STM32H503KBU6, STM32H503RBT6, STM32H523CCT6, STM32H523CCU6, STM32H523CET6, STM32H523CEU6, STM32H523HEY6TR, STM32H523RCT6, STM32H523RET6, STM32H523VCI6, STM32H523VCT6, STM32H523VEI6, STM32H523VET6, STM32H523ZCJ6, STM32H523ZCT6, STM32H523ZEJ6, STM32H523ZET6, STM32H533CET6, STM32H533CEU6, STM32H533HEY6TR, STM32H533RET6, STM32H533VEI6, STM32H533VET6, STM32H533ZEJ6, STM32H533ZET6, STM32H562AGI6, STM32H562AII6, STM32H562IGK6, STM32H562IGT6, STM32H562IIK6, STM32H562IIT6, STM32H562RGT6, STM32H562RGV6, STM32H562RIT6, STM32H562RIV6, STM32H562VGT6, STM32H562VIT6, STM32H562ZGT6, STM32H562ZIT6, STM32H563AGI6, STM32H563AII3Q, STM32H563AII6, STM32H563IGK6, STM32H563IGT6, STM32H563IIK3Q, STM32H563IIK6, STM32H563IIT3Q, STM32H563IIT6, STM32H563MIY3QTR, STM32H563RGT6, STM32H563RGV6, STM32H563RIT6, STM32H563RIV6, STM32H563VGT6, STM32H563VIT3Q, STM32H563VIT6, STM32H563ZGT6, STM32H563ZIT3Q, STM32H563ZIT6, STM32H573AII3Q, STM32H573AII6, STM32H573I-DK, STM32H573IIK3Q, STM32H573IIK6, STM32H573IIT3Q, STM32H573IIT6, STM32H573MIY3QTR, STM32H573RIT6, STM32H573RIV6, STM32H573VIT3Q, STM32H573VIT6, STM32H573ZIT3Q, STM32H573ZIT6, STM32H7R3A8I6, STM32H7R3I8K6, STM32H7R3I8T6, STM32H7R3L8H6, STM32H7R3L8H6H, STM32H7R3R8V6, STM32H7R3V8H6, STM32H7R3V8T6, STM32H7R3V8Y6TR, STM32H7R3Z8J6, STM32H7R3Z8T6, STM32H7R7A8I6, STM32H7R7I8K6, STM32H7R7I8T6, STM32H7R7L8H6, STM32H7R7L8H6H, STM32H7R7Z8J6, STM32H7S3A8I6, STM32H7S3I8K6, STM32H7S3I8T6, STM32H7S3L8H6, STM32H7S3L8H6H, STM32H7S3R8V6, STM32H7S3V8H6, STM32H7S3V8T6, STM32H7S3V8Y6TR, STM32H7S3Z8J6, STM32H7S3Z8T6, STM32H7S78-DK, STM32H7S7A8I6, STM32H7S7I8K6, STM32H7S7I8T6, STM32H7S7L8H6, STM32H7S7L8H6H, STM32H7S7Z8J6, STM32L4R5QGI6STR, STM32MP131AAE3, STM32MP131AAF3, STM32MP131AAG3, STM32MP131CAE3, STM32MP131CAF3, STM32MP131CAG3, STM32MP131DAE7, STM32MP131DAF7, STM32MP131DAG7, STM32MP131FAE7, STM32MP131FAF7, STM32MP131FAG7, STM32MP133AAE3, STM32MP133AAF3, STM32MP133AAG3, STM32MP133CAE3, STM32MP133CAF3, STM32MP133CAG3, STM32MP133DAE7, STM32MP133DAF7, STM32MP133DAG7, STM32MP133FAE7, STM32MP133FAF7, STM32MP133FAG7, STM32MP135AAE3, STM32MP135AAF3, STM32MP135AAG3, STM32MP135CAE3, STM32MP135CAF3, STM32MP135CAG3, STM32MP135DAE7, STM32MP135DAF7, STM32MP135DAG7, STM32MP135F-DK, STM32MP135FAE7, STM32MP135FAF7, STM32MP135FAF7T, STM32MP135FAF7U, STM32MP135FAG7, STM32MP211AAL3, STM32MP211AAM3, STM32MP211AAN3, STM32MP211AAO3, STM32MP211CAL3, STM32MP211CAM3, STM32MP211CAN3, STM32MP211CAO3, STM32MP211DAL3, STM32MP211DAM3, STM32MP211DAN3, STM32MP211DAO3, STM32MP211FAL3, STM32MP211FAM3, STM32MP211FAN3, STM32MP211FAO3, STM32MP213AAL3, STM32MP213AAM3, STM32MP213AAN3, STM32MP213AAO3, STM32MP213CAL3, STM32MP213CAM3, STM32MP213CAN3, STM32MP213CAO3, STM32MP213DAL3, STM32MP213DAM3, STM32MP213DAN3, STM32MP213DAO3, STM32MP213FAL3, STM32MP213FAM3, STM32MP213FAN3, STM32MP213FAO3, STM32MP215AAL3, STM32MP215AAM3, STM32MP215AAN3, STM32MP215AAO3, STM32MP215CAL3, STM32MP215CAM3, STM32MP215CAN3, STM32MP215CAO3, STM32MP215DAL3, STM32MP215DAM3, STM32MP215DAN3, STM32MP215DAO3, STM32MP215F-DK, STM32MP215FAL3, STM32MP215FAM3, STM32MP215FAN3, STM32MP215FAO3, STM32MP231AAJ3, STM32MP231AAK3, STM32MP231AAL3, STM32MP231CAJ3, STM32MP231CAK3, STM32MP231CAL3, STM32MP231DAJ3, STM32MP231DAK3, STM32MP231DAL3, STM32MP231FAJ3, STM32MP231FAK3, STM32MP231FAL3, STM32MP233AAJ3, STM32MP233AAK3, STM32MP233AAL3, STM32MP233CAJ3, STM32MP233CAK3, STM32MP233CAL3, STM32MP233DAJ3, STM32MP233DAK3, STM32MP233DAL3, STM32MP233FAJ3, STM32MP233FAK3, STM32MP233FAL3, STM32MP235AAJ3, STM32MP235AAK3, STM32MP235AAL3, STM32MP235CAJ3, STM32MP235CAK3, STM32MP235CAL3, STM32MP235DAJ3, STM32MP235DAK3, STM32MP235DAL3, STM32MP235FAJ3, STM32MP235FAK3, STM32MP235FAL3, STM32MP251AAI3, STM32MP251AAK3, STM32MP251AAL3, STM32MP251CAI3, STM32MP251CAK3, STM32MP251CAL3, STM32MP251DAI3, STM32MP251DAK3, STM32MP251DAL3, STM32MP251FAI3, STM32MP251FAK3, STM32MP251FAL3, STM32MP253AAI3, STM32MP253AAK3, STM32MP253AAL3, STM32MP253CAI3, STM32MP253CAK3, STM32MP253CAL3, STM32MP253DAI3, STM32MP253DAK3, STM32MP253DAL3, STM32MP253FAI3, STM32MP253FAK3, STM32MP253FAL3, STM32MP255AAI3, STM32MP255AAK3, STM32MP255AAL3, STM32MP255CAI3, STM32MP255CAK3, STM32MP255CAL3, STM32MP255DAI3, STM32MP255DAK3, STM32MP255DAL3, STM32MP255FAI3, STM32MP255FAK3, STM32MP255FAL3, STM32MP257AAI3, STM32MP257AAK3, STM32MP257AAL3, STM32MP257CAI3, STM32MP257CAK3, STM32MP257CAL3, STM32MP257DAI3, STM32MP257DAK3, STM32MP257DAL3, STM32MP257F-DK, STM32MP257F-EV1, STM32MP257FAI3, STM32MP257FAK3, STM32MP257FAL3, STM32N645A0H3Q, STM32N645B0H3Q, STM32N645I0H3Q, STM32N645L0H3Q, STM32N645X0H3Q, STM32N645Z0H3Q, STM32N647A0H3Q, STM32N647B0H3Q, STM32N647I0H3Q, STM32N647L0H3Q, STM32N647X0H3Q, STM32N647Z0H3Q, STM32N655A0H3Q, STM32N655B0H3Q, STM32N655I0H3Q, STM32N655L0H3Q, STM32N655X0H3Q, STM32N655Z0H3Q, STM32N6570-DK, STM32N657A0H3Q, STM32N657B0H3Q, STM32N657I0H3Q, STM32N657L0H3Q, STM32N657X0H3Q, STM32N657Z0H3Q, STM32U031C6T6, STM32U031C6U6, STM32U031C8T6, STM32U031C8U6, STM32U031F4P6, STM32U031F6P6, STM32U031F8P6, STM32U031G6Y6TR, STM32U031G8Y6TR, STM32U031K4U6, STM32U031K6U6, STM32U031K8U6, STM32U031R6I6, STM32U031R6T6, STM32U031R8I6, STM32U031R8T6, STM32U073C8T6, STM32U073C8U6, STM32U073CBT6, STM32U073CBU6, STM32U073CCT6, STM32U073CCU6, STM32U073H8Y6TR, STM32U073HBY6TR, STM32U073HCY6TR, STM32U073K8U6, STM32U073KBU6, STM32U073KCU6, STM32U073M8I6, STM32U073M8T6, STM32U073MBI6, STM32U073MBT6, STM32U073MCI6, STM32U073MCT6, STM32U073R8I6, STM32U073R8T6, STM32U073RBI6, STM32U073RBT6, STM32U073RCI6, STM32U073RCT6, STM32U083C-DK, STM32U083CCT6, STM32U083CCU6, STM32U083HCY6TR, STM32U083KCU6, STM32U083MCI6, STM32U083MCT6, STM32U083RCI6, STM32U083RCT6, STM32U375CET6, STM32U375CET6Q, STM32U375CEU6, STM32U375CEU6Q, STM32U375CEY6QTR, STM32U375CGT6, STM32U375CGT6Q, STM32U375CGU6, STM32U375CGU6Q, STM32U375CGY6QTR, STM32U375KEU6, STM32U375KGU6, STM32U375REI6, STM32U375REI6Q, STM32U375RET6, STM32U375RET6Q, STM32U375REY6GTR, STM32U375REY6QTR, STM32U375RGI6, STM32U375RGI6Q, STM32U375RGT6, STM32U375RGT6Q, STM32U375RGY6GTR, STM32U375RGY6QTR, STM32U375VEI6, STM32U375VEI6Q, STM32U375VET6, STM32U375VET6Q, STM32U375VGI6, STM32U375VGI6Q, STM32U375VGT6, STM32U375VGT6Q, STM32U385CGT6, STM32U385CGT6Q, STM32U385CGU6, STM32U385CGU6Q, STM32U385CGY6QTR, STM32U385KGU6, STM32U385RGI6, STM32U385RGI6Q, STM32U385RGT6, STM32U385RGT6Q, STM32U385RGY6GTR, STM32U385RGY6QTR, STM32U385VGI6, STM32U385VGI6Q, STM32U385VGT6, STM32U385VGT6Q, STM32U535CBT6, STM32U535CBT6Q, STM32U535CBU6, STM32U535CBU6Q, STM32U535CCT6, STM32U535CCT6Q, STM32U535CCU6, STM32U535CCU6Q, STM32U535CET6, STM32U535CET6Q, STM32U535CEU6, STM32U535CEU6Q, STM32U535JEY6QTR, STM32U535NCY6QTR, STM32U535NEY6QTR, STM32U535RBI6, STM32U535RBI6Q, STM32U535RBT6, STM32U535RBT6Q, STM32U535RCI6, STM32U535RCI6Q, STM32U535RCT6, STM32U535RCT6Q, STM32U535REI6, STM32U535REI6Q, STM32U535RET6, STM32U535RET6Q, STM32U535VCI6, STM32U535VCI6Q, STM32U535VCT6, STM32U535VCT6Q, STM32U535VEI6, STM32U535VEI6Q, STM32U535VET6, STM32U535VET6Q, STM32U545CET6, STM32U545CET6Q, STM32U545CEU6, STM32U545CEU6Q, STM32U545JEY6QTR, STM32U545NEY6QTR, STM32U545REI6, STM32U545REI6Q, STM32U545RET6, STM32U545RET6Q, STM32U545VEI6, STM32U545VEI6Q, STM32U545VET6, STM32U545VET6Q, STM32U595AIH6, STM32U595AIH6Q, STM32U595AJH6, STM32U595AJH6Q, STM32U595QII6, STM32U595QII6Q, STM32U595QJI6, STM32U595QJI6Q, STM32U595RIT6, STM32U595RIT6Q, STM32U595RJT6, STM32U595RJT6Q, STM32U595VIT6, STM32U595VIT6Q, STM32U595VJT6, STM32U595VJT6Q, STM32U595ZIT6, STM32U595ZIT6Q, STM32U595ZIY6QTR, STM32U595ZJT6, STM32U595ZJT6Q, STM32U595ZJY6QTR, STM32U599BJY6QTR, STM32U599NIH6Q, STM32U599NJH6Q, STM32U599VIT6Q, STM32U599VJT6, STM32U599VJT6Q, STM32U599ZIT6Q, STM32U599ZIY6QTR, STM32U599ZJT6Q, STM32U599ZJY6QTR, STM32U5A5AJH6, STM32U5A5AJH6Q, STM32U5A5QII3Q , STM32U5A5QJI6, STM32U5A5QJI6Q, STM32U5A5RJT6, STM32U5A5RJT6Q, STM32U5A5VJT6, STM32U5A5VJT6Q, STM32U5A5ZJT6, STM32U5A5ZJT6Q, STM32U5A5ZJY6QTR, STM32U5A9BJY6QTR, STM32U5A9J-DK, STM32U5A9NJH6Q, STM32U5A9VJT6Q, STM32U5A9ZJT6Q, STM32U5A9ZJY6QTR, STM32U5F7VIT6, STM32U5F7VIT6Q, STM32U5F7VJT6, STM32U5F7VJT6Q, STM32U5F9BJY6QTR, STM32U5F9NJH6Q, STM32U5F9VIT6Q, STM32U5F9VJT6Q, STM32U5F9ZIJ6QTR, STM32U5F9ZIT6Q, STM32U5F9ZJJ6QTR, STM32U5F9ZJT6Q, STM32U5G7VJT6, STM32U5G7VJT6Q, STM32U5G9BJY6QTR, STM32U5G9J-DK1, STM32U5G9J-DK2, STM32U5G9NJH6Q, STM32U5G9VJT6Q, STM32U5G9ZJJ6QTR, STM32U5G9ZJT6Q, STM32WB05KZV6TR, STM32WB05KZV7TR, STM32WB05TZF6TR, STM32WB05TZF7TR, STM32WB06CCF6TR, STM32WB06CCF7TR, STM32WB06CCV6TR, STM32WB06CCV7TR, STM32WB06KCV6TR, STM32WB06KCV7TR, STM32WB07CCF6TR, STM32WB07CCF7TR, STM32WB07CCV6TR, STM32WB07CCV7TR, STM32WB07KCV6TR, STM32WB07KCV7TR, STM32WB09KEV6TR, STM32WB09KEV7TR, STM32WB09TEF6TR, STM32WB09TEF7TR, STM32WB1MMCH6, STM32WBA50KGU6, STM32WBA50KGU6TR, STM32WBA52CEU6, STM32WBA52CEU6TR, STM32WBA52CEU7, STM32WBA52CEU7TR, STM32WBA52CGU6, STM32WBA52CGU6TR, STM32WBA52CGU6U, STM32WBA52CGU7, STM32WBA52CGU7TR, STM32WBA52KEU6, STM32WBA52KEU6TR, STM32WBA52KGU6, STM32WBA52KGU6TR, STM32WBA54CEU6, STM32WBA54CEU6TR, STM32WBA54CEU7, STM32WBA54CEU7TR, STM32WBA54CGU6, STM32WBA54CGU6TR, STM32WBA54CGU7, STM32WBA54CGU7TR, STM32WBA54KEU6, STM32WBA54KEU6TR, STM32WBA54KEU7, STM32WBA54KEU7TR, STM32WBA54KGU6, STM32WBA54KGU6TR, STM32WBA54KGU7, STM32WBA54KGU7TR, STM32WBA55CEU6, STM32WBA55CEU6TR, STM32WBA55CEU7, STM32WBA55CEU7TR, STM32WBA55CGU6, STM32WBA55CGU6TR, STM32WBA55CGU6U, STM32WBA55CGU7, STM32WBA55CGU7TR, STM32WBA55G-DK1, STM32WBA55HEF6, STM32WBA55HEF7, STM32WBA55HGF6, STM32WBA55HGF7, STM32WBA55UEI6, STM32WBA55UEI6TR, STM32WBA55UEI7, STM32WBA55UEI7TR, STM32WBA55UGI6, STM32WBA55UGI6TR, STM32WBA55UGI7, STM32WBA55UGI7TR, STM32WBA5MMGH6TR, STM32WBA62MGF6, STM32WBA62MIF6, STM32WBA65MGF7, STM32WBA65MIF6, STM32WBA65MIF7, STM32WL30K8V6, STM32WL30KBV6, STM32WL31C8V6, STM32WL31CBV6, STM32WL31K8V6, STM32WL31KBV6, STM32WL33C8V6, STM32WL33C8V6X, STM32WL33CBV6, STM32WL33CBV6X, STM32WL33CCV6, STM32WL33CCV6A, STM32WL33CCV6X, STM32WL33K8V7, STM32WL33K8V7X, STM32WL33KBV7 , STM32WL33KBV7X, STM32WL33KCV7, STM32WL33KCV7X, STM32WL5MOCH6, STM32WL5MOCH6TR]
2025-09-26 11:15:06,855 [INFO] BoardInfo:889 - No configuration file found for board P-NUCLEO-WB55
2025-09-26 11:15:06,859 [INFO] DbBoards:161 - Kit is not supported: P-NUCLEO-WB55
2025-09-26 11:15:06,877 [INFO] BoardInfo:889 - No configuration file found for board STEVAL-BFA001V1B
2025-09-26 11:15:06,879 [INFO] DbBoards:161 - Kit is not supported: STEVAL-BFA001V1B
2025-09-26 11:15:06,880 [INFO] BoardInfo:889 - No configuration file found for board STEVAL-BFA001V2B
2025-09-26 11:15:06,882 [INFO] DbBoards:161 - Kit is not supported: STEVAL-BFA001V2B
2025-09-26 11:15:07,259 [INFO] DbBoards:168 - Found 212 boards, 209 are supported
2025-09-26 11:15:07,259 [INFO] DbBoards:169 - Found 212 boards, 43 of them is supported for  Bsp
2025-09-26 11:15:07,265 [INFO] ApiDb:668 - CubeFinder database Data Model version=2.1
2025-09-26 11:15:07,265 [INFO] ApiDb:669 - CubeFinder database Configuration version=3.0.39
2025-09-26 11:15:07,265 [INFO] ApiDb:670 - CubeFinder database generation date=2025-08-25 (1756130511)
2025-09-26 11:15:07,265 [INFO] ApiDb:671 - CubeFinder database FW Pack versions=[FP-ATR-ASTRA1_V2.0.0, FP-SNS-FLIGHT1_V5.1.0, FP-SNS-MOTENV1_V5.0.0, FP-SNS-MOTENVWB1_V1.4.0, FP-SNS-SMARTAG2_V1.2.0, FP-SNS-STBOX1_V2.1.0, STM32Cube_FW_C0_V1.4.0, STM32Cube_FW_F4_V1.28.3, STM32Cube_FW_F7_V1.17.4, STM32Cube_FW_G0_V1.6.2, STM32Cube_FW_G4_V1.6.1, STM32Cube_FW_H5_V1.5.0, STM32Cube_FW_H7RS_V1.2.0, STM32Cube_FW_H7_V1.12.1, STM32Cube_FW_L0_V1.12.2, STM32Cube_FW_L4_V1.18.1, STM32Cube_FW_L5_V1.5.1, STM32Cube_FW_N6_V1.2.0, STM32Cube_FW_U0_V1.3.0, STM32Cube_FW_U3_V1.2.0, STM32Cube_FW_U5_V1.8.0, STM32Cube_FW_WB0_V1.3.0, STM32Cube_FW_WBA_V1.7.0, STM32Cube_FW_WB_V1.23.0, STM32Cube_FW_WL3_V1.2.0, STM32Cube_FW_WL_V1.3.1, X-CUBE-ALGOBUILD_V1.4.0, X-CUBE-ALS_V1.0.2, X-CUBE-AZRTOS-F4_V1.1.0, X-CUBE-AZRTOS-F7_V1.1.0, X-CUBE-AZRTOS-G0_V1.1.0, X-CUBE-AZRTOS-G4_V2.0.0, X-CUBE-AZRTOS-H7RS_V1.1.0, X-CUBE-AZRTOS-H7_V3.4.0, X-CUBE-AZRTOS-L4_V2.0.0, X-CUBE-AZRTOS-L5_V2.0.0, X-CUBE-AZRTOS-WB_V2.0.0, X-CUBE-AZRTOS-WL_V2.0.0, X-CUBE-BLE1_V7.1.0, X-CUBE-BLE2_V3.3.0, X-CUBE-BLEMGR_V4.1.0, X-CUBE-EEPRMA1_V5.2.0, X-CUBE-FREERTOS_V1.3.1, X-CUBE-GNSS1_V6.0.0, X-CUBE-MEMS1_V11.3.0, X-CUBE-NFC4_V3.0.0, X-CUBE-NFC7_V2.0.0, X-CUBE-SFXS2LP1_V4.0.0, X-CUBE-ST67W61_V1.0.0, X-CUBE-SUBG2_V5.0.0, X-CUBE-TOF1_V3.4.3]
2025-09-26 11:15:09,789 [INFO] ApiDb:240 - Found 880 in-development CPN: [B-G473E-ZEST1S, B-WB1M-WPAN1, B-WBA5M-WPAN, B-WL5M-SUBG1, NUCLEO-C031C6, NUCLEO-C051C8, NUCLEO-C071RB, NUCLEO-C092RC, NUCLEO-H503RB, NUCLEO-H533RE, NUCLEO-H563ZI, NUCLEO-H7S3L8, NUCLEO-N657X0-Q, NUCLEO-U031R8, NUCLEO-U083RC, NUCLEO-U385RG-Q, NUCLEO-U545RE-Q, NUCLEO-U5A5ZJ-Q, NUCLEO-WB05KZ, NUCLEO-WB07CC, NUCLEO-WB09KE, NUCLEO-WBA52CG, NUCLEO-WBA55CG, NUCLEO-WL33CC1, NUCLEO-WL33CC2, STEVAL-PROTEUS1, STEVAL-SMARTAG2, STEVAL-STWINBX1, STM320518-EVAL, STM32C0116-DK, STM32C011D6Y3TR, STM32C011D6Y6TR, STM32C011F4P3, STM32C011F4P6, STM32C011F4U3, STM32C011F4U6TR, STM32C011F6P3, STM32C011F6P6, STM32C011F6U3, STM32C011F6U6TR, STM32C011J4M3, STM32C011J4M6, STM32C011J6M3, STM32C011J6M6, STM32C0316-DK, STM32C031C4T3, STM32C031C4T6, STM32C031C4U3, STM32C031C4U6, STM32C031C6T3, STM32C031C6T6, STM32C031C6U3, STM32C031C6U6, STM32C031F4P3, STM32C031F4P6, STM32C031F6P3, STM32C031F6P6, STM32C031G4U3, STM32C031G4U6, STM32C031G6U3, STM32C031G6U6, STM32C031K4T3, STM32C031K4T6, STM32C031K4U3, STM32C031K4U6, STM32C031K6T3, STM32C031K6T6, STM32C031K6U3, STM32C031K6U6, STM32C051C6T6, STM32C051C6U6, STM32C051C8T6, STM32C051C8U6, STM32C051D8Y6TR, STM32C051F6P6, STM32C051F8P6, STM32C051G6U6, STM32C051G8U6, STM32C051K6T6, STM32C051K6U6, STM32C051K8T6, STM32C071C8T6, STM32C071C8T6N, STM32C071C8U6, STM32C071C8U6N, STM32C071CBT6, STM32C071CBT6N, STM32C071CBU6, STM32C071CBU6N, STM32C071F8P6, STM32C071F8P6N, STM32C071FBP6, STM32C071FBP6N, STM32C071FBY6TR, STM32C071G8U6, STM32C071G8U6N, STM32C071GBU6, STM32C071GBU6N, STM32C071K8T6, STM32C071K8T6N, STM32C071K8U6, STM32C071K8U6N, STM32C071KBT6, STM32C071KBT6N, STM32C071KBU6, STM32C071KBU6N, STM32C071R8T6, STM32C071R8T6N, STM32C071RBI6N, STM32C071RBT6, STM32C071RBT6N, STM32C091CBT6, STM32C091CBU6, STM32C091CCT6, STM32C091CCU6, STM32C091ECY6TR, STM32C091FBP6, STM32C091FCP6, STM32C091GBU6, STM32C091GCU6, STM32C091KBT6, STM32C091KBU6, STM32C091KCT6, STM32C091KCU6, STM32C091RBT6, STM32C091RCI6, STM32C091RCT6, STM32C092CBT6, STM32C092CBU6, STM32C092CCT6, STM32C092CCU6, STM32C092ECY6TR, STM32C092FBP6, STM32C092FCP6, STM32C092GBU6, STM32C092GCU6, STM32C092KBT6, STM32C092KBU6, STM32C092KCT6, STM32C092KCU6, STM32C092RBT6, STM32C092RCI6, STM32C092RCT6, STM32G071K8TXN, STM32G071K8UXN, STM32G081GBU6N, STM32G081KBT6N, STM32G081KBUXN, STM32G0B1CCT6N, STM32G0B1KCT6, STM32G0B1NEY6TR, STM32G0B1RCT6N, STM32G0C1CCT6, STM32G0C1CCT6N, STM32G0C1CCU6N, STM32G0C1CET6N, STM32G0C1CEU6N, STM32G0C1KCT6, STM32G0C1NEY6TR, STM32G0C1RCI6N, STM32G0C1RCT6N, STM32G0C1REI6N, STM32G0C1RET6N, STM32G0C1VCI6, STM32G0C1VEI6, STM32G411C6T3, STM32G411C6T6, STM32G411C6U3, STM32G411C6U6, STM32G411C8T3, STM32G411C8T6, STM32G411C8U3, STM32G411C8U6, STM32G411CBT3, STM32G411CBT6, STM32G411CBU3, STM32G411CBU6, STM32G411K6T3, STM32G411K6T6, STM32G411K6U3, STM32G411K6U6, STM32G411K8T3, STM32G411K8T6, STM32G411K8U3, STM32G411K8U6, STM32G411KBT3, STM32G411KBT6, STM32G411KBU3, STM32G411KBU6, STM32G411M6T3, STM32G411M6T6, STM32G411M8T3, STM32G411M8T6, STM32G411MBT3, STM32G411MBT6, STM32G411R6T3, STM32G411R6T6, STM32G411R8T3, STM32G411R8T6, STM32G411RBT3, STM32G411RBT6, STM32G414CBT3, STM32G414CBT6, STM32G414CBU3, STM32G414CBU6, STM32G414CCT3, STM32G414CCT6, STM32G414CCU3, STM32G414CCU6, STM32G414MBT3, STM32G414MBT6, STM32G414MCT3, STM32G414MCT6, STM32G414RBT3, STM32G414RBT6, STM32G414RCT3, STM32G414RCT6, STM32G414VBT3, STM32G414VBT6, STM32G414VCT3, STM32G414VCT6, STM32G431CBT3Z, STM32G431RBT3Z, STM32G471CCT6, STM32G471CCU6, STM32G471CET3, STM32G471CET6, STM32G471CEU3, STM32G471CEU6, STM32G471MCT6, STM32G471MET3, STM32G471MET6, STM32G471MEY6TR, STM32G471QCT6, STM32G471QET3, STM32G471RCT6, STM32G471RET3, STM32G471RET6, STM32G471VCH6, STM32G471VCI6, STM32G471VCT6, STM32G471VEH3, STM32G471VEH6, STM32G471VEI3, STM32G471VEI6, STM32G471VET3, STM32G471VET6, STM32G473QET3Z, STM32G473RET3Z, STM32G474CCT6, STM32G491RET3Z, STM32H503CBT6, STM32H503CBU6, STM32H503EBY6TR, STM32H503KBU6, STM32H503RBT6, STM32H523CCT6, STM32H523CCU6, STM32H523CET6, STM32H523CEU6, STM32H523HEY6TR, STM32H523RCT6, STM32H523RET6, STM32H523VCI6, STM32H523VCT6, STM32H523VEI6, STM32H523VET6, STM32H523ZCJ6, STM32H523ZCT6, STM32H523ZEJ6, STM32H523ZET6, STM32H533CET6, STM32H533CEU6, STM32H533HEY6TR, STM32H533RET6, STM32H533VEI6, STM32H533VET6, STM32H533ZEJ6, STM32H533ZET6, STM32H562AGI6, STM32H562AII6, STM32H562IGK6, STM32H562IGT6, STM32H562IIK6, STM32H562IIT6, STM32H562RGT6, STM32H562RGV6, STM32H562RIT6, STM32H562RIV6, STM32H562VGT6, STM32H562VIT6, STM32H562ZGT6, STM32H562ZIT6, STM32H563AGI6, STM32H563AII3Q, STM32H563AII6, STM32H563IGK6, STM32H563IGT6, STM32H563IIK3Q, STM32H563IIK6, STM32H563IIT3Q, STM32H563IIT6, STM32H563MIY3QTR, STM32H563RGT6, STM32H563RGV6, STM32H563RIT6, STM32H563RIV6, STM32H563VGT6, STM32H563VIT3Q, STM32H563VIT6, STM32H563ZGT6, STM32H563ZIT3Q, STM32H563ZIT6, STM32H573AII3Q, STM32H573AII6, STM32H573I-DK, STM32H573IIK3Q, STM32H573IIK6, STM32H573IIT3Q, STM32H573IIT6, STM32H573MIY3QTR, STM32H573RIT6, STM32H573RIV6, STM32H573VIT3Q, STM32H573VIT6, STM32H573ZIT3Q, STM32H573ZIT6, STM32H7R3A8I6, STM32H7R3I8K6, STM32H7R3I8T6, STM32H7R3L8H6, STM32H7R3L8H6H, STM32H7R3R8V6, STM32H7R3V8H6, STM32H7R3V8T6, STM32H7R3V8Y6TR, STM32H7R3Z8J6, STM32H7R3Z8T6, STM32H7R7A8I6, STM32H7R7I8K6, STM32H7R7I8T6, STM32H7R7L8H6, STM32H7R7L8H6H, STM32H7R7Z8J6, STM32H7S3A8I6, STM32H7S3I8K6, STM32H7S3I8T6, STM32H7S3L8H6, STM32H7S3L8H6H, STM32H7S3R8V6, STM32H7S3V8H6, STM32H7S3V8T6, STM32H7S3V8Y6TR, STM32H7S3Z8J6, STM32H7S3Z8T6, STM32H7S78-DK, STM32H7S7A8I6, STM32H7S7I8K6, STM32H7S7I8T6, STM32H7S7L8H6, STM32H7S7L8H6H, STM32H7S7Z8J6, STM32L4R5QGI6STR, STM32MP131AAE3, STM32MP131AAF3, STM32MP131AAG3, STM32MP131CAE3, STM32MP131CAF3, STM32MP131CAG3, STM32MP131DAE7, STM32MP131DAF7, STM32MP131DAG7, STM32MP131FAE7, STM32MP131FAF7, STM32MP131FAG7, STM32MP133AAE3, STM32MP133AAF3, STM32MP133AAG3, STM32MP133CAE3, STM32MP133CAF3, STM32MP133CAG3, STM32MP133DAE7, STM32MP133DAF7, STM32MP133DAG7, STM32MP133FAE7, STM32MP133FAF7, STM32MP133FAG7, STM32MP135AAE3, STM32MP135AAF3, STM32MP135AAG3, STM32MP135CAE3, STM32MP135CAF3, STM32MP135CAG3, STM32MP135DAE7, STM32MP135DAF7, STM32MP135DAG7, STM32MP135F-DK, STM32MP135FAE7, STM32MP135FAF7, STM32MP135FAF7T, STM32MP135FAF7U, STM32MP135FAG7, STM32MP211AAL3, STM32MP211AAM3, STM32MP211AAN3, STM32MP211AAO3, STM32MP211CAL3, STM32MP211CAM3, STM32MP211CAN3, STM32MP211CAO3, STM32MP211DAL3, STM32MP211DAM3, STM32MP211DAN3, STM32MP211DAO3, STM32MP211FAL3, STM32MP211FAM3, STM32MP211FAN3, STM32MP211FAO3, STM32MP213AAL3, STM32MP213AAM3, STM32MP213AAN3, STM32MP213AAO3, STM32MP213CAL3, STM32MP213CAM3, STM32MP213CAN3, STM32MP213CAO3, STM32MP213DAL3, STM32MP213DAM3, STM32MP213DAN3, STM32MP213DAO3, STM32MP213FAL3, STM32MP213FAM3, STM32MP213FAN3, STM32MP213FAO3, STM32MP215AAL3, STM32MP215AAM3, STM32MP215AAN3, STM32MP215AAO3, STM32MP215CAL3, STM32MP215CAM3, STM32MP215CAN3, STM32MP215CAO3, STM32MP215DAL3, STM32MP215DAM3, STM32MP215DAN3, STM32MP215DAO3, STM32MP215F-DK, STM32MP215FAL3, STM32MP215FAM3, STM32MP215FAN3, STM32MP215FAO3, STM32MP231AAJ3, STM32MP231AAK3, STM32MP231AAL3, STM32MP231CAJ3, STM32MP231CAK3, STM32MP231CAL3, STM32MP231DAJ3, STM32MP231DAK3, STM32MP231DAL3, STM32MP231FAJ3, STM32MP231FAK3, STM32MP231FAL3, STM32MP233AAJ3, STM32MP233AAK3, STM32MP233AAL3, STM32MP233CAJ3, STM32MP233CAK3, STM32MP233CAL3, STM32MP233DAJ3, STM32MP233DAK3, STM32MP233DAL3, STM32MP233FAJ3, STM32MP233FAK3, STM32MP233FAL3, STM32MP235AAJ3, STM32MP235AAK3, STM32MP235AAL3, STM32MP235CAJ3, STM32MP235CAK3, STM32MP235CAL3, STM32MP235DAJ3, STM32MP235DAK3, STM32MP235DAL3, STM32MP235FAJ3, STM32MP235FAK3, STM32MP235FAL3, STM32MP251AAI3, STM32MP251AAK3, STM32MP251AAL3, STM32MP251CAI3, STM32MP251CAK3, STM32MP251CAL3, STM32MP251DAI3, STM32MP251DAK3, STM32MP251DAL3, STM32MP251FAI3, STM32MP251FAK3, STM32MP251FAL3, STM32MP253AAI3, STM32MP253AAK3, STM32MP253AAL3, STM32MP253CAI3, STM32MP253CAK3, STM32MP253CAL3, STM32MP253DAI3, STM32MP253DAK3, STM32MP253DAL3, STM32MP253FAI3, STM32MP253FAK3, STM32MP253FAL3, STM32MP255AAI3, STM32MP255AAK3, STM32MP255AAL3, STM32MP255CAI3, STM32MP255CAK3, STM32MP255CAL3, STM32MP255DAI3, STM32MP255DAK3, STM32MP255DAL3, STM32MP255FAI3, STM32MP255FAK3, STM32MP255FAL3, STM32MP257AAI3, STM32MP257AAK3, STM32MP257AAL3, STM32MP257CAI3, STM32MP257CAK3, STM32MP257CAL3, STM32MP257DAI3, STM32MP257DAK3, STM32MP257DAL3, STM32MP257F-DK, STM32MP257F-EV1, STM32MP257FAI3, STM32MP257FAK3, STM32MP257FAL3, STM32N645A0H3Q, STM32N645B0H3Q, STM32N645I0H3Q, STM32N645L0H3Q, STM32N645X0H3Q, STM32N645Z0H3Q, STM32N647A0H3Q, STM32N647B0H3Q, STM32N647I0H3Q, STM32N647L0H3Q, STM32N647X0H3Q, STM32N647Z0H3Q, STM32N655A0H3Q, STM32N655B0H3Q, STM32N655I0H3Q, STM32N655L0H3Q, STM32N655X0H3Q, STM32N655Z0H3Q, STM32N6570-DK, STM32N657A0H3Q, STM32N657B0H3Q, STM32N657I0H3Q, STM32N657L0H3Q, STM32N657X0H3Q, STM32N657Z0H3Q, STM32U031C6T6, STM32U031C6U6, STM32U031C8T6, STM32U031C8U6, STM32U031F4P6, STM32U031F6P6, STM32U031F8P6, STM32U031G6Y6TR, STM32U031G8Y6TR, STM32U031K4U6, STM32U031K6U6, STM32U031K8U6, STM32U031R6I6, STM32U031R6T6, STM32U031R8I6, STM32U031R8T6, STM32U073C8T6, STM32U073C8U6, STM32U073CBT6, STM32U073CBU6, STM32U073CCT6, STM32U073CCU6, STM32U073H8Y6TR, STM32U073HBY6TR, STM32U073HCY6TR, STM32U073K8U6, STM32U073KBU6, STM32U073KCU6, STM32U073M8I6, STM32U073M8T6, STM32U073MBI6, STM32U073MBT6, STM32U073MCI6, STM32U073MCT6, STM32U073R8I6, STM32U073R8T6, STM32U073RBI6, STM32U073RBT6, STM32U073RCI6, STM32U073RCT6, STM32U083C-DK, STM32U083CCT6, STM32U083CCU6, STM32U083HCY6TR, STM32U083KCU6, STM32U083MCI6, STM32U083MCT6, STM32U083RCI6, STM32U083RCT6, STM32U375CET6, STM32U375CET6Q, STM32U375CEU6, STM32U375CEU6Q, STM32U375CEY6QTR, STM32U375CGT6, STM32U375CGT6Q, STM32U375CGU6, STM32U375CGU6Q, STM32U375CGY6QTR, STM32U375KEU6, STM32U375KGU6, STM32U375REI6, STM32U375REI6Q, STM32U375RET6, STM32U375RET6Q, STM32U375REY6GTR, STM32U375REY6QTR, STM32U375RGI6, STM32U375RGI6Q, STM32U375RGT6, STM32U375RGT6Q, STM32U375RGY6GTR, STM32U375RGY6QTR, STM32U375VEI6, STM32U375VEI6Q, STM32U375VET6, STM32U375VET6Q, STM32U375VGI6, STM32U375VGI6Q, STM32U375VGT6, STM32U375VGT6Q, STM32U385CGT6, STM32U385CGT6Q, STM32U385CGU6, STM32U385CGU6Q, STM32U385CGY6QTR, STM32U385KGU6, STM32U385RGI6, STM32U385RGI6Q, STM32U385RGT6, STM32U385RGT6Q, STM32U385RGY6GTR, STM32U385RGY6QTR, STM32U385VGI6, STM32U385VGI6Q, STM32U385VGT6, STM32U385VGT6Q, STM32U535CBT6, STM32U535CBT6Q, STM32U535CBU6, STM32U535CBU6Q, STM32U535CCT6, STM32U535CCT6Q, STM32U535CCU6, STM32U535CCU6Q, STM32U535CET6, STM32U535CET6Q, STM32U535CEU6, STM32U535CEU6Q, STM32U535JEY6QTR, STM32U535NCY6QTR, STM32U535NEY6QTR, STM32U535RBI6, STM32U535RBI6Q, STM32U535RBT6, STM32U535RBT6Q, STM32U535RCI6, STM32U535RCI6Q, STM32U535RCT6, STM32U535RCT6Q, STM32U535REI6, STM32U535REI6Q, STM32U535RET6, STM32U535RET6Q, STM32U535VCI6, STM32U535VCI6Q, STM32U535VCT6, STM32U535VCT6Q, STM32U535VEI6, STM32U535VEI6Q, STM32U535VET6, STM32U535VET6Q, STM32U545CET6, STM32U545CET6Q, STM32U545CEU6, STM32U545CEU6Q, STM32U545JEY6QTR, STM32U545NEY6QTR, STM32U545REI6, STM32U545REI6Q, STM32U545RET6, STM32U545RET6Q, STM32U545VEI6, STM32U545VEI6Q, STM32U545VET6, STM32U545VET6Q, STM32U595AIH6, STM32U595AIH6Q, STM32U595AJH6, STM32U595AJH6Q, STM32U595QII6, STM32U595QII6Q, STM32U595QJI6, STM32U595QJI6Q, STM32U595RIT6, STM32U595RIT6Q, STM32U595RJT6, STM32U595RJT6Q, STM32U595VIT6, STM32U595VIT6Q, STM32U595VJT6, STM32U595VJT6Q, STM32U595ZIT6, STM32U595ZIT6Q, STM32U595ZIY6QTR, STM32U595ZJT6, STM32U595ZJT6Q, STM32U595ZJY6QTR, STM32U599BJY6QTR, STM32U599NIH6Q, STM32U599NJH6Q, STM32U599VIT6Q, STM32U599VJT6, STM32U599VJT6Q, STM32U599ZIT6Q, STM32U599ZIY6QTR, STM32U599ZJT6Q, STM32U599ZJY6QTR, STM32U5A5AJH6, STM32U5A5AJH6Q, STM32U5A5QII3Q , STM32U5A5QJI6, STM32U5A5QJI6Q, STM32U5A5RJT6, STM32U5A5RJT6Q, STM32U5A5VJT6, STM32U5A5VJT6Q, STM32U5A5ZJT6, STM32U5A5ZJT6Q, STM32U5A5ZJY6QTR, STM32U5A9BJY6QTR, STM32U5A9J-DK, STM32U5A9NJH6Q, STM32U5A9VJT6Q, STM32U5A9ZJT6Q, STM32U5A9ZJY6QTR, STM32U5F7VIT6, STM32U5F7VIT6Q, STM32U5F7VJT6, STM32U5F7VJT6Q, STM32U5F9BJY6QTR, STM32U5F9NJH6Q, STM32U5F9VIT6Q, STM32U5F9VJT6Q, STM32U5F9ZIJ6QTR, STM32U5F9ZIT6Q, STM32U5F9ZJJ6QTR, STM32U5F9ZJT6Q, STM32U5G7VJT6, STM32U5G7VJT6Q, STM32U5G9BJY6QTR, STM32U5G9J-DK1, STM32U5G9J-DK2, STM32U5G9NJH6Q, STM32U5G9VJT6Q, STM32U5G9ZJJ6QTR, STM32U5G9ZJT6Q, STM32WB05KZV6TR, STM32WB05KZV7TR, STM32WB05TZF6TR, STM32WB05TZF7TR, STM32WB06CCF6TR, STM32WB06CCF7TR, STM32WB06CCV6TR, STM32WB06CCV7TR, STM32WB06KCV6TR, STM32WB06KCV7TR, STM32WB07CCF6TR, STM32WB07CCF7TR, STM32WB07CCV6TR, STM32WB07CCV7TR, STM32WB07KCV6TR, STM32WB07KCV7TR, STM32WB09KEV6TR, STM32WB09KEV7TR, STM32WB09TEF6TR, STM32WB09TEF7TR, STM32WB1MMCH6, STM32WBA50KGU6, STM32WBA50KGU6TR, STM32WBA52CEU6, STM32WBA52CEU6TR, STM32WBA52CEU7, STM32WBA52CEU7TR, STM32WBA52CGU6, STM32WBA52CGU6TR, STM32WBA52CGU6U, STM32WBA52CGU7, STM32WBA52CGU7TR, STM32WBA52KEU6, STM32WBA52KEU6TR, STM32WBA52KGU6, STM32WBA52KGU6TR, STM32WBA54CEU6, STM32WBA54CEU6TR, STM32WBA54CEU7, STM32WBA54CEU7TR, STM32WBA54CGU6, STM32WBA54CGU6TR, STM32WBA54CGU7, STM32WBA54CGU7TR, STM32WBA54KEU6, STM32WBA54KEU6TR, STM32WBA54KEU7, STM32WBA54KEU7TR, STM32WBA54KGU6, STM32WBA54KGU6TR, STM32WBA54KGU7, STM32WBA54KGU7TR, STM32WBA55CEU6, STM32WBA55CEU6TR, STM32WBA55CEU7, STM32WBA55CEU7TR, STM32WBA55CGU6, STM32WBA55CGU6TR, STM32WBA55CGU6U, STM32WBA55CGU7, STM32WBA55CGU7TR, STM32WBA55G-DK1, STM32WBA55HEF6, STM32WBA55HEF7, STM32WBA55HGF6, STM32WBA55HGF7, STM32WBA55UEI6, STM32WBA55UEI6TR, STM32WBA55UEI7, STM32WBA55UEI7TR, STM32WBA55UGI6, STM32WBA55UGI6TR, STM32WBA55UGI7, STM32WBA55UGI7TR, STM32WBA5MMGH6TR, STM32WBA62MGF6, STM32WBA62MIF6, STM32WBA65MGF7, STM32WBA65MIF6, STM32WBA65MIF7, STM32WL30K8V6, STM32WL30KBV6, STM32WL31C8V6, STM32WL31CBV6, STM32WL31K8V6, STM32WL31KBV6, STM32WL33C8V6, STM32WL33C8V6X, STM32WL33CBV6, STM32WL33CBV6X, STM32WL33CCV6, STM32WL33CCV6A, STM32WL33CCV6X, STM32WL33K8V7, STM32WL33K8V7X, STM32WL33KBV7 , STM32WL33KBV7X, STM32WL33KCV7, STM32WL33KCV7X, STM32WL5MOCH6, STM32WL5MOCH6TR]
2025-09-26 11:15:09,794 [INFO] DbMcus:218 - Found 4801 MCUs, 4801 are supported
2025-09-26 11:15:09,795 [INFO] ApiDb:423 - Load user favorites file C:\Users\samyo/.stm32cubeide/favorites.mcus.txt: 0 item(s)
2025-09-26 11:15:09,795 [INFO] ApiDb:427 - User favorites MCUs=[]
2025-09-26 11:15:09,795 [INFO] DbMcus:224 - Set 0 / 0 favorites MCUs
2025-09-26 11:15:10,348 [INFO] ApiDb:423 - Load user favorites file C:\Users\samyo/.stm32cubeide/favorites.boards.txt: 1 item(s)
2025-09-26 11:15:10,348 [INFO] ApiDb:427 - User favorites Boards=[NUCLEO-L433RC-P]
2025-09-26 11:15:10,348 [INFO] DbBoards:198 - Set 1 / 1 favorites Boards
2025-09-26 11:15:10,442 [INFO] UtilMem:75 - End LoadConfig() Used Memory: 303239216 Bytes (334495744)
2025-09-26 11:15:10,681 [WARN] ThirdParty:833 - waiting for thirdparty lock release [change project]
2025-09-26 11:15:10,681 [INFO] ThirdParty:835 - entering critical section [change project]
2025-09-26 11:15:10,682 [INFO] ThirdParty:1030 - CMSIS Pack Vendor :STMicroelectronics X-CUBE-PM33A1 1.0.0
2025-09-26 11:15:10,682 [INFO] ThirdParty:1030 - CMSIS Pack Vendor :STMicroelectronics USBPD 4.1
2025-09-26 11:15:10,682 [INFO] ThirdParty:1030 - CMSIS Pack Vendor :STMicroelectronics X-CUBE-NFC9 1.0.0
2025-09-26 11:15:10,682 [INFO] ThirdParty:1030 - CMSIS Pack Vendor :STMicroelectronics USB_HOST 2.0.0
2025-09-26 11:15:10,682 [INFO] ThirdParty:1030 - CMSIS Pack Vendor :STMicroelectronics FP-SNS-MOTENVWB1 1.4.0
2025-09-26 11:15:10,682 [INFO] ThirdParty:1030 - CMSIS Pack Vendor :STMicroelectronics X-CUBE-AZRTOS-F4 1.1.0
2025-09-26 11:15:10,682 [INFO] ThirdParty:1030 - CMSIS Pack Vendor :STMicroelectronics LIBJPEG 8.0.0
2025-09-26 11:15:10,682 [INFO] ThirdParty:1030 - CMSIS Pack Vendor :STMicroelectronics FP-ATR-ASTRA1 2.0.2
2025-09-26 11:15:10,682 [INFO] ThirdParty:1030 - CMSIS Pack Vendor :wolfSSL I-CUBE-wolfSSL 5.8.2
2025-09-26 11:15:10,682 [INFO] ThirdParty:1030 - CMSIS Pack Vendor :STMicroelectronics X-CUBE-BLE1 7.1.0
2025-09-26 11:15:10,682 [INFO] ThirdParty:1030 - CMSIS Pack Vendor :Avnet-IotConnect X-CUBE-IoTC-DA16k-PMOD 1.0.0
2025-09-26 11:15:10,682 [INFO] ThirdParty:1030 - CMSIS Pack Vendor :STMicroelectronics X-CUBE-SMBUS 2.1.0
2025-09-26 11:15:10,682 [INFO] ThirdParty:1030 - CMSIS Pack Vendor :wolfSSL I-CUBE-wolfMQTT 1.19.2
2025-09-26 11:15:10,682 [INFO] ThirdParty:1030 - CMSIS Pack Vendor :STMicroelectronics USB_DEVICE 3.0.0
2025-09-26 11:15:10,682 [INFO] ThirdParty:1030 - CMSIS Pack Vendor :STMicroelectronics X-CUBE-ISPU 2.1.0
2025-09-26 11:15:10,682 [INFO] ThirdParty:1030 - CMSIS Pack Vendor :STMicroelectronics X-CUBE-EEPRMA1 5.2.0
2025-09-26 11:15:10,682 [INFO] ThirdParty:1030 - CMSIS Pack Vendor :STMicroelectronics X-CUBE-BLEMGR 4.1.0
2025-09-26 11:15:10,682 [INFO] ThirdParty:1030 - CMSIS Pack Vendor :STMicroelectronics X-CUBE-AZRTOS-WB 2.0.0
2025-09-26 11:15:10,682 [INFO] ThirdParty:1030 - CMSIS Pack Vendor :STMicroelectronics X-CUBE-ST60 1.0.0
2025-09-26 11:15:10,682 [INFO] ThirdParty:1030 - CMSIS Pack Vendor :STMicroelectronics X-CUBE-GNSS1 7.0.1
2025-09-26 11:15:10,682 [INFO] ThirdParty:1030 - CMSIS Pack Vendor :STMicroelectronics X-CUBE-NFC12 1.0.0
2025-09-26 11:15:10,682 [INFO] ThirdParty:1030 - CMSIS Pack Vendor :STMicroelectronics X-CUBE-AZRTOS-F7 1.1.0
2025-09-26 11:15:10,682 [INFO] ThirdParty:1030 - CMSIS Pack Vendor :STMicroelectronics X-CUBE-AZRTOS-L5 2.0.0
2025-09-26 11:15:10,683 [INFO] ThirdParty:1030 - CMSIS Pack Vendor :STMicroelectronics X-CUBE-TOUCHGFX 4.25.0
2025-09-26 11:15:10,683 [INFO] ThirdParty:1030 - CMSIS Pack Vendor :STMicroelectronics USB_DEVICE 2.0.0
2025-09-26 11:15:10,683 [INFO] ThirdParty:1030 - CMSIS Pack Vendor :STMicroelectronics X-CUBE-NFC6 3.1.0
2025-09-26 11:15:10,683 [INFO] ThirdParty:1030 - CMSIS Pack Vendor :quantropi X-CUBE-qispace-sdk-base 2.1.0
2025-09-26 11:15:10,683 [INFO] ThirdParty:1030 - CMSIS Pack Vendor :STMicroelectronics FreeRTOS 0.0.1
2025-09-26 11:15:10,683 [INFO] ThirdParty:1030 - CMSIS Pack Vendor :STMicroelectronics X-CUBE-AZRTOS-G0 1.1.0
2025-09-26 11:15:10,683 [INFO] ThirdParty:1030 - CMSIS Pack Vendor :STMicroelectronics X-CUBE-SAFEA1 1.2.2
2025-09-26 11:15:10,683 [INFO] ThirdParty:1030 - CMSIS Pack Vendor :STMicroelectronics X-CUBE-NFC4 3.0.0
2025-09-26 11:15:10,683 [INFO] ThirdParty:1030 - CMSIS Pack Vendor :STMicroelectronics X-CUBE-SUBG2 5.0.0
2025-09-26 11:15:10,683 [INFO] ThirdParty:1030 - CMSIS Pack Vendor :STMicroelectronics X-CUBE-AZRTOS-H7RS 1.1.0
2025-09-26 11:15:10,683 [INFO] ThirdParty:1030 - CMSIS Pack Vendor :STMicroelectronics STM32_WPAN 1.0.0
2025-09-26 11:15:10,683 [INFO] ThirdParty:1030 - CMSIS Pack Vendor :EmbeddedOffice I-CUBE-FS-RTOS 1.0.1
2025-09-26 11:15:10,683 [INFO] ThirdParty:1030 - CMSIS Pack Vendor :STMicroelectronics lwIP 2.0.3
2025-09-26 11:15:10,683 [INFO] ThirdParty:1030 - CMSIS Pack Vendor :WES I-CUBE-Cesium 1.4.0
2025-09-26 11:15:10,683 [INFO] ThirdParty:1030 - CMSIS Pack Vendor :Cesanta I-CUBE-Mongoose 7.13.0
2025-09-26 11:15:10,683 [INFO] ThirdParty:1030 - CMSIS Pack Vendor :STMicroelectronics USB_HOST 1.0.0
2025-09-26 11:15:10,683 [INFO] ThirdParty:1030 - CMSIS Pack Vendor :Infineon AIROC-Wi-Fi-Bluetooth-STM32 1.7.1
2025-09-26 11:15:10,683 [INFO] ThirdParty:1030 - CMSIS Pack Vendor :STMicroelectronics X-CUBE-AZRTOS-G4 2.0.0
2025-09-26 11:15:10,683 [INFO] ThirdParty:1030 - CMSIS Pack Vendor :STMicroelectronics X-CUBE-WB05N 2.0.0
2025-09-26 11:15:10,683 [INFO] ThirdParty:1030 - CMSIS Pack Vendor :STMicroelectronics PDM2PCM 3.1.0
2025-09-26 11:15:10,683 [INFO] ThirdParty:1030 - CMSIS Pack Vendor :STMicroelectronics PDM2PCM 3.3.0
2025-09-26 11:15:10,683 [INFO] ThirdParty:1030 - CMSIS Pack Vendor :wolfSSL I-CUBE-wolfTPM 3.8.0
2025-09-26 11:15:10,683 [INFO] ThirdParty:1030 - CMSIS Pack Vendor :STMicroelectronics X-CUBE-AZRTOS-H7 3.4.0
2025-09-26 11:15:10,683 [INFO] ThirdParty:1030 - CMSIS Pack Vendor :STMicroelectronics X-CUBE-DISPLAY 3.0.0
2025-09-26 11:15:10,683 [INFO] ThirdParty:1030 - CMSIS Pack Vendor :wolfSSL I-CUBE-wolfSSH 1.4.20
2025-09-26 11:15:10,683 [INFO] ThirdParty:1030 - CMSIS Pack Vendor :STMicroelectronics X-CUBE-NFC7 2.0.0
2025-09-26 11:15:10,683 [INFO] ThirdParty:1030 - CMSIS Pack Vendor :STMicroelectronics X-CUBE-TCPP 4.2.0
2025-09-26 11:15:10,683 [INFO] ThirdParty:1030 - CMSIS Pack Vendor :RealThread X-CUBE-RT-Thread_Nano 4.1.1
2025-09-26 11:15:10,683 [INFO] ThirdParty:1030 - CMSIS Pack Vendor :STMicroelectronics FP-ATR-SIGFOX1 3.2.0
2025-09-26 11:15:10,683 [INFO] ThirdParty:1030 - CMSIS Pack Vendor :STMicroelectronics X-CUBE-NFC10 1.0.0
2025-09-26 11:15:10,683 [INFO] ThirdParty:1030 - CMSIS Pack Vendor :STMicroelectronics X-CUBE-FREERTOS 1.3.1
2025-09-26 11:15:10,684 [INFO] ThirdParty:1030 - CMSIS Pack Vendor :STMicroelectronics HAL Drivers 0.0.0
2025-09-26 11:15:10,684 [INFO] ThirdParty:1030 - CMSIS Pack Vendor :STMicroelectronics MBEDTLS 2.16.2
2025-09-26 11:15:10,684 [INFO] ThirdParty:1030 - CMSIS Pack Vendor :STMicroelectronics X-CUBE-IPS 3.1.0
2025-09-26 11:15:10,684 [INFO] ThirdParty:1030 - CMSIS Pack Vendor :STMicroelectronics X-CUBE-ALS 1.0.2
2025-09-26 11:15:10,684 [INFO] ThirdParty:1030 - CMSIS Pack Vendor :emotas I-CUBE-CANOPEN 1.3.0
2025-09-26 11:15:10,684 [INFO] ThirdParty:1030 - CMSIS Pack Vendor :STMicroelectronics MBEDTLS 2.14.1
2025-09-26 11:15:10,684 [INFO] ThirdParty:1030 - CMSIS Pack Vendor :ITTIA_DB I-CUBE-ITTIADB 8.9.0
2025-09-26 11:15:10,684 [INFO] ThirdParty:1030 - CMSIS Pack Vendor :STMicroelectronics X-CUBE-STSE01 1.0.0
2025-09-26 11:15:10,684 [INFO] ThirdParty:1030 - CMSIS Pack Vendor :STMicroelectronics X-CUBE-ST67W61 1.0.0
2025-09-26 11:15:10,684 [INFO] ThirdParty:1030 - CMSIS Pack Vendor :STMicroelectronics FP-SNS-STBOX1 2.1.0
2025-09-26 11:15:10,684 [INFO] ThirdParty:1030 - CMSIS Pack Vendor :STMicroelectronics X-CUBE-AI 10.2.0
2025-09-26 11:15:10,684 [INFO] ThirdParty:1030 - CMSIS Pack Vendor :STMicroelectronics FP-SNS-STAIOTCFT 1.0.0
2025-09-26 11:15:10,684 [INFO] ThirdParty:1030 - CMSIS Pack Vendor :STMicroelectronics ThreadX 1.0.0
2025-09-26 11:15:10,684 [INFO] ThirdParty:1030 - CMSIS Pack Vendor :STMicroelectronics FP-SNS-SMARTAG2 1.2.0
2025-09-26 11:15:10,684 [INFO] ThirdParty:1030 - CMSIS Pack Vendor :STMicroelectronics FP-SNS-FLIGHT1 5.1.0
2025-09-26 11:15:10,684 [INFO] ThirdParty:1030 - CMSIS Pack Vendor :STMicroelectronics X-CUBE-AZRTOS-WL 2.0.0
2025-09-26 11:15:10,684 [INFO] ThirdParty:1030 - CMSIS Pack Vendor :SEGGER I-CUBE-embOS 1.3.1
2025-09-26 11:15:10,684 [INFO] ThirdParty:1030 - CMSIS Pack Vendor :STMicroelectronics X-CUBE-ALGOBUILD 1.4.0
2025-09-26 11:15:10,684 [INFO] ThirdParty:1030 - CMSIS Pack Vendor :STMicroelectronics X-CUBE-DPower 1.3.0
2025-09-26 11:15:10,684 [INFO] ThirdParty:1030 - CMSIS Pack Vendor :STMicroelectronics X-CUBE-MEMS1 11.3.0
2025-09-26 11:15:10,684 [INFO] ThirdParty:1030 - CMSIS Pack Vendor :STMicroelectronics FP-SNS-MOTENV1 5.0.0
2025-09-26 11:15:10,684 [INFO] ThirdParty:1030 - CMSIS Pack Vendor :STMicroelectronics USB_DEVICE 1.0.0
2025-09-26 11:15:10,684 [INFO] ThirdParty:1030 - CMSIS Pack Vendor :STMicroelectronics X-CUBE-AZRTOS-L4 2.0.0
2025-09-26 11:15:10,684 [INFO] ThirdParty:1030 - CMSIS Pack Vendor :STMicroelectronics ThreadX 0.0.2
2025-09-26 11:15:10,684 [INFO] ThirdParty:1030 - CMSIS Pack Vendor :STMicroelectronics lwIP 2.1.2
2025-09-26 11:15:10,684 [INFO] ThirdParty:1030 - CMSIS Pack Vendor :STMicroelectronics X-CUBE-SFXS2LP1 4.0.0
2025-09-26 11:15:10,684 [INFO] ThirdParty:1030 - CMSIS Pack Vendor :STMicroelectronics X-CUBE-BLE2 3.3.0
2025-09-26 11:15:10,685 [INFO] ThirdParty:1030 - CMSIS Pack Vendor :STMicroelectronics X-CUBE-TOF1 3.4.3
2025-09-26 11:15:10,685 [INFO] ThirdParty:1030 - CMSIS Pack Vendor :STMicroelectronics PDM2PCM 3.2.0
2025-09-26 11:15:10,685 [INFO] ThirdParty:841 - exiting critical section [change project]
2025-09-26 11:15:11,807 [INFO] PinOutPanel:1589 - setPackage(No Configuration,No Configuration)
2025-09-26 11:15:11,813 [INFO] PinOutPanel:1589 - setPackage(STM32L433RCTxP,LQFP64)
2025-09-26 11:15:15,062 [INFO] UtilMem:75 - Before build in PCC Used Memory: 229005440 Bytes (340787200)
2025-09-26 11:15:19,865 [INFO] UtilMem:75 - After build in PCC Used Memory: 239086304 Bytes (400556032)
2025-09-26 11:15:20,015 [INFO] IPUIPlugin:80 - create IPUIPlugin
2025-09-26 11:15:20,015 [INFO] IPUIPlugin:80 - create IPUIPlugin
2025-09-26 11:15:20,016 [INFO] IPUIPlugin:80 - create IPUIPlugin
2025-09-26 11:15:20,016 [INFO] IPUIPlugin:80 - create IPUIPlugin
2025-09-26 11:15:20,017 [INFO] IPUIPlugin:80 - create IPUIPlugin
2025-09-26 11:15:20,018 [INFO] IPUIPlugin:80 - create IPUIPlugin
2025-09-26 11:15:20,018 [INFO] IPUIPlugin:80 - create IPUIPlugin
2025-09-26 11:15:20,019 [INFO] IPUIPlugin:80 - create IPUIPlugin
2025-09-26 11:15:20,019 [INFO] IPUIPlugin:80 - create IPUIPlugin
2025-09-26 11:15:20,020 [INFO] IPUIPlugin:80 - create IPUIPlugin
2025-09-26 11:15:20,020 [INFO] IPUIPlugin:80 - create IPUIPlugin
2025-09-26 11:15:20,022 [INFO] IPUIPlugin:80 - create IPUIPlugin
2025-09-26 11:15:20,022 [INFO] IPUIPlugin:80 - create IPUIPlugin
2025-09-26 11:15:20,023 [INFO] IPUIPlugin:80 - create IPUIPlugin
2025-09-26 11:15:20,025 [INFO] IPUIPlugin:80 - create IPUIPlugin
2025-09-26 11:15:20,026 [INFO] IPUIPlugin:80 - create IPUIPlugin
2025-09-26 11:15:20,027 [INFO] IPUIPlugin:80 - create IPUIPlugin
2025-09-26 11:15:20,030 [INFO] IPUIPlugin:80 - create IPUIPlugin
2025-09-26 11:15:20,032 [INFO] IPUIPlugin:80 - create IPUIPlugin
2025-09-26 11:15:20,033 [INFO] IPUIPlugin:80 - create IPUIPlugin
2025-09-26 11:15:20,034 [INFO] IPUIPlugin:80 - create IPUIPlugin
2025-09-26 11:15:20,034 [INFO] IPUIPlugin:80 - create IPUIPlugin
2025-09-26 11:15:20,035 [INFO] IPUIPlugin:80 - create IPUIPlugin
2025-09-26 11:15:20,036 [INFO] IPUIPlugin:80 - create IPUIPlugin
2025-09-26 11:15:20,037 [INFO] IPUIPlugin:80 - create IPUIPlugin
2025-09-26 11:15:20,039 [INFO] IPUIPlugin:80 - create IPUIPlugin
2025-09-26 11:15:20,041 [INFO] IPUIPlugin:80 - create IPUIPlugin
2025-09-26 11:15:20,041 [INFO] IPUIPlugin:80 - create IPUIPlugin
2025-09-26 11:15:20,042 [INFO] IPUIPlugin:80 - create IPUIPlugin
2025-09-26 11:15:20,044 [INFO] IPUIPlugin:80 - create IPUIPlugin
2025-09-26 11:15:20,046 [INFO] IPUIPlugin:80 - create IPUIPlugin
2025-09-26 11:15:20,047 [INFO] IPUIPlugin:80 - create IPUIPlugin
2025-09-26 11:15:20,049 [INFO] IPUIPlugin:80 - create IPUIPlugin
2025-09-26 11:15:20,050 [INFO] IPUIPlugin:80 - create IPUIPlugin
2025-09-26 11:15:20,051 [INFO] IPUIPlugin:80 - create IPUIPlugin
2025-09-26 11:15:20,053 [INFO] IPUIPlugin:80 - create IPUIPlugin
2025-09-26 11:15:20,056 [INFO] IPUIPlugin:80 - create IPUIPlugin
2025-09-26 11:15:20,057 [INFO] IPUIPlugin:80 - create IPUIPlugin
2025-09-26 11:15:20,059 [INFO] IPUIPlugin:80 - create IPUIPlugin
2025-09-26 11:15:20,062 [INFO] IPUIPlugin:80 - create IPUIPlugin
2025-09-26 11:15:20,064 [INFO] IPUIPlugin:80 - create IPUIPlugin
2025-09-26 11:15:20,066 [INFO] IPUIPlugin:80 - create IPUIPlugin
2025-09-26 11:15:20,068 [INFO] IPUIPlugin:80 - create IPUIPlugin
2025-09-26 11:15:20,069 [INFO] IPUIPlugin:80 - create IPUIPlugin
2025-09-26 11:15:20,071 [INFO] IPUIPlugin:80 - create IPUIPlugin
2025-09-26 11:15:21,346 [INFO] CADModel:165 - CPN selected for project levelSTM32L433RCT6P
2025-09-26 11:15:21,348 [INFO] CADModel:114 - Register for checkConnection events
2025-09-26 11:15:21,519 [INFO] OpenFileManager:386 - Restore cursor
2025-09-26 11:20:52,024 [INFO] Gpio:278 - dependency for GPIO [RCC, SYS, USART2]
2025-09-26 11:21:11,071 [INFO] NvicIntPanel:101 - NVIC parent = com.st.microxplorer.plugins.ip.nvic.MultiNvicIntPanel[,2,46,392x282,layout=javax.swing.BoxLayout,alignmentX=0.0,alignmentY=0.0,border=,flags=9,maximumSize=,minimumSize=,preferredSize=]
2025-09-26 11:21:56,853 [INFO] Gpio:278 - dependency for GPIO [RCC, SYS, USART2]
2025-09-26 11:22:30,997 [INFO] UtilMem:75 - End SaveConfig() Used Memory: 792416936 Bytes (1073741824)
2025-09-26 11:22:31,140 [INFO] UtilMem:75 - End SaveConfig() Used Memory: 808545624 Bytes (1073741824)
2025-09-26 11:22:31,997 [INFO] UtilMem:75 - End SaveConfig() Used Memory: 855209232 Bytes (1073741824)
2025-09-26 11:22:32,556 [INFO] BlockDiagram:2775 - set Specific Code input for plugin: NVIC
2025-09-26 11:22:32,556 [INFO] BlockDiagram:2775 - set Specific Code input for plugin: USART
2025-09-26 11:22:32,556 [INFO] BlockDiagram:2775 - set Specific Code input for plugin: SYS
2025-09-26 11:22:32,557 [INFO] BlockDiagram:2775 - set Specific Code input for plugin: GPIO
2025-09-26 11:22:32,557 [INFO] BlockDiagram:2775 - set Specific Code input for plugin: RCC
2025-09-26 11:22:32,559 [INFO] CodeGenerator:892 - code generatio: config db path: C:\ST\STM32CubeIDE_1.19.0\STM32CubeIDE\plugins\com.st.stm32cube.common.mx_6.15.0.202507011659\\db\
2025-09-26 11:22:32,776 [INFO] CodeEngine:265 - oldGeneratedFile, C:\Code\Mikrodatorteknik\Labbar\Lab3_klocka_och_knapp\MXTmpFiles\license.tmp_save
2025-09-26 11:22:33,364 [INFO] CodeEngine:289 - Generated code: C:\Code\Mikrodatorteknik\Labbar\Lab3_klocka_och_knapp\MXTmpFiles\license.tmp
2025-09-26 11:22:33,618 [INFO] CodeEngine:265 - oldGeneratedFile, C:\Code\Mikrodatorteknik\Labbar\Lab3_klocka_och_knapp\MXTmpFiles\gpio.tmp_save
2025-09-26 11:22:33,808 [INFO] CodeEngine:289 - Generated code: C:\Code\Mikrodatorteknik\Labbar\Lab3_klocka_och_knapp\MXTmpFiles\gpio.tmp
2025-09-26 11:22:34,050 [INFO] CodeEngine:265 - oldGeneratedFile, C:\Code\Mikrodatorteknik\Labbar\Lab3_klocka_och_knapp\Core\Src\stm32l4xx_it.c_save
2025-09-26 11:22:34,211 [INFO] CodeEngine:289 - Generated code: C:\Code\Mikrodatorteknik\Labbar\Lab3_klocka_och_knapp\Core\Src\stm32l4xx_it.c
2025-09-26 11:22:34,220 [INFO] CodeEngine:265 - oldGeneratedFile, C:\Code\Mikrodatorteknik\Labbar\Lab3_klocka_och_knapp\Core\Inc\stm32l4xx_it.h_save
2025-09-26 11:22:34,293 [INFO] CodeEngine:289 - Generated code: C:\Code\Mikrodatorteknik\Labbar\Lab3_klocka_och_knapp\Core\Inc\stm32l4xx_it.h
2025-09-26 11:22:34,313 [INFO] CodeEngine:265 - oldGeneratedFile, C:\Code\Mikrodatorteknik\Labbar\Lab3_klocka_och_knapp\Core\Src\stm32l4xx_hal_msp.c_save
2025-09-26 11:22:34,461 [INFO] CodeEngine:289 - Generated code: C:\Code\Mikrodatorteknik\Labbar\Lab3_klocka_och_knapp\Core\Src\stm32l4xx_hal_msp.c
2025-09-26 11:22:34,469 [INFO] CodeEngine:265 - oldGeneratedFile, C:\Code\Mikrodatorteknik\Labbar\Lab3_klocka_och_knapp\MXTmpFiles\system.tmp_save
2025-09-26 11:22:34,534 [INFO] CodeEngine:289 - Generated code: C:\Code\Mikrodatorteknik\Labbar\Lab3_klocka_och_knapp\MXTmpFiles\system.tmp
2025-09-26 11:22:34,551 [INFO] CodeEngine:321 - oldGeneratedFile, C:\Code\Mikrodatorteknik\Labbar\Lab3_klocka_och_knapp\Core\Inc\stm32l4xx_hal_conf.h_save
2025-09-26 11:22:34,629 [INFO] CodeEngine:345 - Generated code: C:\Code\Mikrodatorteknik\Labbar\Lab3_klocka_och_knapp\Core\Inc\stm32l4xx_hal_conf.h
2025-09-26 11:22:34,696 [INFO] ApiDbMcu:532 - Load IP Config File for USART2
2025-09-26 11:22:34,700 [INFO] ApiDbMcu:532 - Load IP Config File for RCC
2025-09-26 11:22:34,721 [INFO] CodeEngine:265 - oldGeneratedFile, C:\Code\Mikrodatorteknik\Labbar\Lab3_klocka_och_knapp\Core\Inc\main.h_save
2025-09-26 11:22:34,827 [INFO] CodeEngine:289 - Generated code: C:\Code\Mikrodatorteknik\Labbar\Lab3_klocka_och_knapp\Core\Inc\main.h
2025-09-26 11:22:34,837 [INFO] CodeEngine:265 - oldGeneratedFile, C:\Code\Mikrodatorteknik\Labbar\Lab3_klocka_och_knapp\Core\Src\main.c_save
2025-09-26 11:22:35,013 [INFO] CodeEngine:289 - Generated code: C:\Code\Mikrodatorteknik\Labbar\Lab3_klocka_och_knapp\Core\Src\main.c
2025-09-26 11:22:35,479 [INFO] ProjectBuilder:3606 - Time for Copy HAL[1] : 268mS.
2025-09-26 11:22:35,487 [INFO] ProjectBuilder:5216 - Project Generator version: 4.7.0-B52
2025-09-26 11:22:35,554 [INFO] ConfigFileManager:1595 - The Die is : DIE435
2025-09-26 11:22:35,574 [INFO] ApiDbMcu:532 - Load IP Config File for FATFS
2025-09-26 11:22:35,579 [INFO] ApiDbMcu:532 - Load IP Config File for FREERTOS
2025-09-26 11:22:35,592 [INFO] ApiDbMcu:532 - Load IP Config File for TOUCHSENSING
2025-09-26 11:22:35,600 [INFO] ApiDbMcu:532 - Load IP Config File for USB_DEVICE
2025-09-26 11:22:36,012 [INFO] LogOutputStream:77 - [STDOUT_REDIRECT] 
2025-09-26 11:22:37,373 [INFO] ProjectBuilder:5496 - Time for Generating toolchain IDE Files: 1885mS.
2025-09-26 11:22:37,374 [INFO] ProjectBuilder:3463 - Time for Copy CMSIS : 1mS.
2025-09-26 11:22:37,378 [INFO] ProjectBuilder:3463 - Time for Copy CMSIS : 0mS.
2025-09-26 12:08:14,290 [INFO] WebApp:194 - Connection lost
2025-09-26 12:08:14,435 [INFO] WebApp:191 - Connection restablished
2025-09-26 12:24:15,718 [INFO] WebApp:194 - Connection lost
2025-09-26 12:24:15,892 [INFO] WebApp:191 - Connection restablished
2025-09-26 12:27:20,230 [INFO] WebApp:194 - Connection lost
2025-09-26 12:27:20,439 [INFO] WebApp:191 - Connection restablished
2025-09-26 12:43:24,662 [INFO] WebApp:194 - Connection lost
2025-09-26 12:43:24,867 [INFO] WebApp:191 - Connection restablished
2025-09-26 12:44:33,675 [INFO] WebApp:194 - Connection lost
2025-09-26 12:44:33,875 [INFO] WebApp:191 - Connection restablished
2025-09-26 12:50:54,695 [INFO] WebApp:194 - Connection lost
2025-09-26 12:50:54,865 [INFO] WebApp:191 - Connection restablished
2025-09-26 12:52:27,776 [INFO] WebApp:194 - Connection lost
2025-09-26 12:52:28,002 [INFO] WebApp:191 - Connection restablished
2025-09-26 13:42:14,241 [INFO] WebApp:194 - Connection lost
2025-09-26 13:42:14,466 [INFO] WebApp:191 - Connection restablished
2025-09-26 13:46:26,786 [INFO] WebApp:194 - Connection lost
2025-09-26 13:46:27,026 [INFO] WebApp:191 - Connection restablished
2025-09-26 13:59:42,191 [INFO] WebApp:194 - Connection lost
2025-09-26 13:59:42,440 [INFO] WebApp:191 - Connection restablished
2025-09-26 14:01:26,291 [INFO] WebApp:194 - Connection lost
2025-09-26 14:01:26,483 [INFO] WebApp:191 - Connection restablished
2025-09-26 14:06:16,726 [INFO] WebApp:194 - Connection lost
2025-09-26 14:06:16,868 [INFO] WebApp:191 - Connection restablished
2025-09-26 14:08:02,261 [INFO] WebApp:194 - Connection lost
2025-09-26 14:08:02,409 [INFO] WebApp:191 - Connection restablished
2025-09-26 14:21:13,206 [INFO] WebApp:194 - Connection lost
2025-09-26 14:21:13,360 [INFO] WebApp:191 - Connection restablished
2025-09-26 14:32:13,235 [INFO] WebApp:194 - Connection lost
2025-09-26 14:32:13,360 [INFO] WebApp:191 - Connection restablished
2025-09-26 14:38:09,659 [INFO] WebApp:194 - Connection lost
2025-09-26 14:38:09,804 [INFO] WebApp:191 - Connection restablished
2025-09-26 14:43:19,177 [INFO] WebApp:194 - Connection lost
2025-09-26 14:43:19,334 [INFO] WebApp:191 - Connection restablished
2025-09-26 14:55:03,017 [INFO] Gpio:278 - dependency for GPIO [RCC, SYS, USART2]
2025-09-26 14:55:56,766 [INFO] Gpio:278 - dependency for GPIO [RCC, SYS, USART2]
2025-09-26 14:56:02,926 [INFO] Gpio:278 - dependency for GPIO [RCC, SYS, USART2]
2025-09-26 14:56:03,074 [INFO] NvicIntPanel:101 - NVIC parent = com.st.microxplorer.plugins.ip.nvic.MultiNvicIntPanel[,0,0,0x0,invalid,layout=javax.swing.BoxLayout,alignmentX=0.0,alignmentY=0.0,border=,flags=9,maximumSize=,minimumSize=,preferredSize=]
2025-09-26 14:57:08,139 [INFO] WebApp:194 - Connection lost
2025-09-26 14:57:08,275 [INFO] WebApp:191 - Connection restablished
2025-09-26 14:58:13,786 [INFO] UtilMem:75 - End SaveConfig() Used Memory: 661989640 Bytes (937426944)
2025-09-26 14:58:13,954 [INFO] UtilMem:75 - End SaveConfig() Used Memory: 677196040 Bytes (937426944)
2025-09-26 14:58:14,830 [INFO] UtilMem:75 - End SaveConfig() Used Memory: 755909632 Bytes (937426944)
2025-09-26 14:58:15,329 [INFO] BlockDiagram:2775 - set Specific Code input for plugin: NVIC
2025-09-26 14:58:15,329 [INFO] BlockDiagram:2775 - set Specific Code input for plugin: USART
2025-09-26 14:58:15,329 [INFO] BlockDiagram:2775 - set Specific Code input for plugin: SYS
2025-09-26 14:58:15,330 [INFO] BlockDiagram:2775 - set Specific Code input for plugin: GPIO
2025-09-26 14:58:15,330 [INFO] BlockDiagram:2775 - set Specific Code input for plugin: RCC
2025-09-26 14:58:15,332 [INFO] CodeGenerator:892 - code generatio: config db path: C:\ST\STM32CubeIDE_1.19.0\STM32CubeIDE\plugins\com.st.stm32cube.common.mx_6.15.0.202507011659\\db\
2025-09-26 14:58:15,444 [INFO] CodeEngine:265 - oldGeneratedFile, C:\Code\Mikrodatorteknik\Labbar\Lab3_klocka_och_knapp\MXTmpFiles\license.tmp_save
2025-09-26 14:58:15,685 [INFO] CodeEngine:289 - Generated code: C:\Code\Mikrodatorteknik\Labbar\Lab3_klocka_och_knapp\MXTmpFiles\license.tmp
2025-09-26 14:58:15,764 [INFO] CodeEngine:265 - oldGeneratedFile, C:\Code\Mikrodatorteknik\Labbar\Lab3_klocka_och_knapp\MXTmpFiles\gpio.tmp_save
2025-09-26 14:58:15,909 [INFO] CodeEngine:289 - Generated code: C:\Code\Mikrodatorteknik\Labbar\Lab3_klocka_och_knapp\MXTmpFiles\gpio.tmp
2025-09-26 14:58:16,031 [INFO] CodeEngine:265 - oldGeneratedFile, C:\Code\Mikrodatorteknik\Labbar\Lab3_klocka_och_knapp\Core\Src\stm32l4xx_it.c_save
2025-09-26 14:58:16,321 [INFO] CodeEngine:289 - Generated code: C:\Code\Mikrodatorteknik\Labbar\Lab3_klocka_och_knapp\Core\Src\stm32l4xx_it.c
2025-09-26 14:58:16,338 [INFO] CodeEngine:265 - oldGeneratedFile, C:\Code\Mikrodatorteknik\Labbar\Lab3_klocka_och_knapp\Core\Inc\stm32l4xx_it.h_save
2025-09-26 14:58:16,413 [INFO] CodeEngine:289 - Generated code: C:\Code\Mikrodatorteknik\Labbar\Lab3_klocka_och_knapp\Core\Inc\stm32l4xx_it.h
2025-09-26 14:58:16,435 [INFO] CodeEngine:265 - oldGeneratedFile, C:\Code\Mikrodatorteknik\Labbar\Lab3_klocka_och_knapp\Core\Src\stm32l4xx_hal_msp.c_save
2025-09-26 14:58:16,599 [INFO] CodeEngine:289 - Generated code: C:\Code\Mikrodatorteknik\Labbar\Lab3_klocka_och_knapp\Core\Src\stm32l4xx_hal_msp.c
2025-09-26 14:58:16,610 [INFO] CodeEngine:265 - oldGeneratedFile, C:\Code\Mikrodatorteknik\Labbar\Lab3_klocka_och_knapp\MXTmpFiles\system.tmp_save
2025-09-26 14:58:16,682 [INFO] CodeEngine:289 - Generated code: C:\Code\Mikrodatorteknik\Labbar\Lab3_klocka_och_knapp\MXTmpFiles\system.tmp
2025-09-26 14:58:16,703 [INFO] CodeEngine:321 - oldGeneratedFile, C:\Code\Mikrodatorteknik\Labbar\Lab3_klocka_och_knapp\Core\Inc\stm32l4xx_hal_conf.h_save
2025-09-26 14:58:16,795 [INFO] CodeEngine:345 - Generated code: C:\Code\Mikrodatorteknik\Labbar\Lab3_klocka_och_knapp\Core\Inc\stm32l4xx_hal_conf.h
2025-09-26 14:58:16,830 [INFO] CodeEngine:265 - oldGeneratedFile, C:\Code\Mikrodatorteknik\Labbar\Lab3_klocka_och_knapp\Core\Inc\main.h_save
2025-09-26 14:58:16,953 [INFO] CodeEngine:289 - Generated code: C:\Code\Mikrodatorteknik\Labbar\Lab3_klocka_och_knapp\Core\Inc\main.h
2025-09-26 14:58:16,964 [INFO] CodeEngine:265 - oldGeneratedFile, C:\Code\Mikrodatorteknik\Labbar\Lab3_klocka_och_knapp\Core\Src\main.c_save
2025-09-26 14:58:17,098 [INFO] CodeEngine:289 - Generated code: C:\Code\Mikrodatorteknik\Labbar\Lab3_klocka_och_knapp\Core\Src\main.c
2025-09-26 14:58:17,571 [INFO] ProjectBuilder:3606 - Time for Copy HAL[1] : 316mS.
2025-09-26 14:58:17,576 [INFO] ProjectBuilder:5216 - Project Generator version: 4.7.0-B52
2025-09-26 14:58:17,688 [INFO] ConfigFileManager:1595 - The Die is : DIE435
2025-09-26 14:58:19,368 [INFO] ProjectBuilder:5496 - Time for Generating toolchain IDE Files: 1790mS.
2025-09-26 14:58:19,370 [INFO] ProjectBuilder:3463 - Time for Copy CMSIS : 1mS.
2025-09-26 14:58:19,377 [INFO] ProjectBuilder:3463 - Time for Copy CMSIS : 0mS.
2025-09-26 15:17:30,173 [INFO] WebApp:194 - Connection lost
2025-09-26 15:17:30,306 [INFO] WebApp:191 - Connection restablished
2025-09-26 15:17:48,642 [INFO] WebApp:194 - Connection lost
2025-09-26 15:17:48,805 [INFO] WebApp:191 - Connection restablished
2025-09-26 15:30:35,950 [INFO] UtilMem:75 - End SaveConfig() Used Memory: 524713184 Bytes (891289600)
2025-09-26 15:30:36,332 [INFO] UtilMem:75 - End SaveConfig() Used Memory: 540390408 Bytes (891289600)
2025-09-26 15:30:37,892 [INFO] UtilMem:75 - End SaveConfig() Used Memory: 618507272 Bytes (891289600)
2025-09-26 15:30:39,441 [INFO] BlockDiagram:2775 - set Specific Code input for plugin: NVIC
2025-09-26 15:30:39,443 [INFO] BlockDiagram:2775 - set Specific Code input for plugin: USART
2025-09-26 15:30:39,444 [INFO] BlockDiagram:2775 - set Specific Code input for plugin: SYS
2025-09-26 15:30:39,447 [INFO] BlockDiagram:2775 - set Specific Code input for plugin: GPIO
2025-09-26 15:30:39,448 [INFO] BlockDiagram:2775 - set Specific Code input for plugin: RCC
2025-09-26 15:30:39,454 [INFO] CodeGenerator:892 - code generatio: config db path: C:\ST\STM32CubeIDE_1.19.0\STM32CubeIDE\plugins\com.st.stm32cube.common.mx_6.15.0.202507011659\\db\
2025-09-26 15:30:39,733 [INFO] CodeEngine:265 - oldGeneratedFile, C:\Code\Mikrodatorteknik\Labbar\Lab3_klocka_och_knapp\MXTmpFiles\license.tmp_save
2025-09-26 15:30:40,921 [INFO] CodeEngine:289 - Generated code: C:\Code\Mikrodatorteknik\Labbar\Lab3_klocka_och_knapp\MXTmpFiles\license.tmp
2025-09-26 15:30:41,196 [INFO] CodeEngine:265 - oldGeneratedFile, C:\Code\Mikrodatorteknik\Labbar\Lab3_klocka_och_knapp\MXTmpFiles\gpio.tmp_save
2025-09-26 15:30:41,795 [INFO] CodeEngine:289 - Generated code: C:\Code\Mikrodatorteknik\Labbar\Lab3_klocka_och_knapp\MXTmpFiles\gpio.tmp
2025-09-26 15:30:42,183 [INFO] CodeEngine:265 - oldGeneratedFile, C:\Code\Mikrodatorteknik\Labbar\Lab3_klocka_och_knapp\Core\Src\stm32l4xx_it.c_save
2025-09-26 15:30:42,970 [INFO] CodeEngine:289 - Generated code: C:\Code\Mikrodatorteknik\Labbar\Lab3_klocka_och_knapp\Core\Src\stm32l4xx_it.c
2025-09-26 15:30:43,003 [INFO] CodeEngine:265 - oldGeneratedFile, C:\Code\Mikrodatorteknik\Labbar\Lab3_klocka_och_knapp\Core\Inc\stm32l4xx_it.h_save
2025-09-26 15:30:43,283 [INFO] CodeEngine:289 - Generated code: C:\Code\Mikrodatorteknik\Labbar\Lab3_klocka_och_knapp\Core\Inc\stm32l4xx_it.h
2025-09-26 15:30:43,346 [INFO] CodeEngine:265 - oldGeneratedFile, C:\Code\Mikrodatorteknik\Labbar\Lab3_klocka_och_knapp\Core\Src\stm32l4xx_hal_msp.c_save
2025-09-26 15:30:43,787 [INFO] CodeEngine:289 - Generated code: C:\Code\Mikrodatorteknik\Labbar\Lab3_klocka_och_knapp\Core\Src\stm32l4xx_hal_msp.c
2025-09-26 15:30:43,808 [INFO] CodeEngine:265 - oldGeneratedFile, C:\Code\Mikrodatorteknik\Labbar\Lab3_klocka_och_knapp\MXTmpFiles\system.tmp_save
2025-09-26 15:30:44,038 [INFO] CodeEngine:289 - Generated code: C:\Code\Mikrodatorteknik\Labbar\Lab3_klocka_och_knapp\MXTmpFiles\system.tmp
2025-09-26 15:30:44,086 [INFO] CodeEngine:321 - oldGeneratedFile, C:\Code\Mikrodatorteknik\Labbar\Lab3_klocka_och_knapp\Core\Inc\stm32l4xx_hal_conf.h_save
2025-09-26 15:30:44,301 [INFO] CodeEngine:345 - Generated code: C:\Code\Mikrodatorteknik\Labbar\Lab3_klocka_och_knapp\Core\Inc\stm32l4xx_hal_conf.h
2025-09-26 15:30:44,359 [INFO] CodeEngine:265 - oldGeneratedFile, C:\Code\Mikrodatorteknik\Labbar\Lab3_klocka_och_knapp\Core\Inc\main.h_save
2025-09-26 15:30:44,588 [INFO] CodeEngine:289 - Generated code: C:\Code\Mikrodatorteknik\Labbar\Lab3_klocka_och_knapp\Core\Inc\main.h
2025-09-26 15:30:44,607 [INFO] CodeEngine:265 - oldGeneratedFile, C:\Code\Mikrodatorteknik\Labbar\Lab3_klocka_och_knapp\Core\Src\main.c_save
2025-09-26 15:30:44,909 [INFO] CodeEngine:289 - Generated code: C:\Code\Mikrodatorteknik\Labbar\Lab3_klocka_och_knapp\Core\Src\main.c
2025-09-26 15:30:46,364 [INFO] ProjectBuilder:3606 - Time for Copy HAL[1] : 978mS.
2025-09-26 15:30:46,383 [INFO] ProjectBuilder:5216 - Project Generator version: 4.7.0-B52
2025-09-26 15:30:46,733 [INFO] ConfigFileManager:1595 - The Die is : DIE435
2025-09-26 15:30:49,274 [INFO] ProjectBuilder:5496 - Time for Generating toolchain IDE Files: 2891mS.
2025-09-26 15:30:49,278 [INFO] ProjectBuilder:3463 - Time for Copy CMSIS : 3mS.
2025-09-26 15:30:49,296 [INFO] ProjectBuilder:3463 - Time for Copy CMSIS : 1mS.
2025-09-26 15:39:44,124 [INFO] WebApp:194 - Connection lost
2025-09-26 15:39:44,240 [INFO] WebApp:191 - Connection restablished
2025-09-26 15:39:49,115 [INFO] WebApp:194 - Connection lost
2025-09-26 15:39:49,235 [INFO] WebApp:191 - Connection restablished
2025-09-26 15:43:22,112 [INFO] WebApp:194 - Connection lost
2025-09-26 15:43:22,240 [INFO] WebApp:191 - Connection restablished
2025-09-26 15:43:27,120 [INFO] WebApp:194 - Connection lost
2025-09-26 15:43:27,227 [INFO] WebApp:191 - Connection restablished
2025-09-26 16:03:56,112 [INFO] WebApp:194 - Connection lost
2025-09-26 16:03:56,257 [INFO] WebApp:191 - Connection restablished
2025-09-26 16:05:15,625 [INFO] WebApp:194 - Connection lost
2025-09-26 16:05:15,755 [INFO] WebApp:191 - Connection restablished
2025-09-26 16:35:24,129 [INFO] WebApp:194 - Connection lost
2025-09-26 16:35:24,364 [INFO] WebApp:191 - Connection restablished
2025-09-26 16:36:50,112 [INFO] WebApp:194 - Connection lost
2025-09-26 16:36:50,238 [INFO] WebApp:191 - Connection restablished
2025-09-26 16:36:55,114 [INFO] WebApp:194 - Connection lost
2025-09-26 16:36:55,233 [INFO] WebApp:191 - Connection restablished
2025-09-26 16:45:59,621 [INFO] WebApp:194 - Connection lost
2025-09-26 16:45:59,760 [INFO] WebApp:191 - Connection restablished
2025-09-26 16:46:05,134 [INFO] WebApp:194 - Connection lost
2025-09-26 16:46:05,244 [INFO] WebApp:191 - Connection restablished
2025-09-26 16:46:56,113 [INFO] WebApp:194 - Connection lost
2025-09-26 16:46:56,260 [INFO] WebApp:191 - Connection restablished
2025-09-26 16:47:14,612 [INFO] WebApp:194 - Connection lost
2025-09-26 16:47:14,732 [INFO] WebApp:191 - Connection restablished
2025-09-26 16:48:27,129 [INFO] WebApp:194 - Connection lost
2025-09-26 16:48:27,255 [INFO] WebApp:191 - Connection restablished
2025-09-26 16:49:54,612 [INFO] WebApp:194 - Connection lost
2025-09-26 16:49:55,755 [INFO] WebApp:191 - Connection restablished
2025-09-26 16:53:13,636 [INFO] WebApp:194 - Connection lost
2025-09-26 16:53:13,865 [INFO] WebApp:191 - Connection restablished
2025-09-26 16:53:18,612 [INFO] WebApp:194 - Connection lost
2025-09-26 16:53:18,724 [INFO] WebApp:191 - Connection restablished
2025-09-26 16:55:08,627 [INFO] WebApp:194 - Connection lost
2025-09-26 16:55:08,795 [INFO] WebApp:191 - Connection restablished
2025-09-26 16:55:13,620 [INFO] WebApp:194 - Connection lost
2025-09-26 16:55:13,730 [INFO] WebApp:191 - Connection restablished
2025-09-26 17:07:13,512 [INFO] MainUpdater:2872 - connection check result : 10
2025-09-26 17:07:13,512 [INFO] MainUpdater:2872 - connection check result : 10
2025-09-26 17:07:13,600 [INFO] MicroXplorer:468 - Change Database Path : 
2025-09-26 17:07:13,601 [INFO] MicroXplorer:498 - Change Database Version : DB.6.0.150
2025-09-26 17:07:13,783 [ERROR] ProjectManagerView:395 - 
java.lang.NullPointerException: Cannot invoke "javax.swing.JTextField.getText()" because the return value of "java.util.List.get(int)" is null
	at com.st.microxplorer.plugins.projectmanager.gui.ProjectChoiceTab$9.caretUpdate(ProjectChoiceTab.java:2706) ~[filemanager.jar:?]
	at javax.swing.text.JTextComponent.fireCaretUpdate(JTextComponent.java:408) ~[?:?]
	at javax.swing.text.JTextComponent$MutableCaretEvent.fire(JTextComponent.java:4484) ~[?:?]
	at javax.swing.text.JTextComponent$MutableCaretEvent.stateChanged(JTextComponent.java:4506) ~[?:?]
	at javax.swing.text.DefaultCaret.fireStateChanged(DefaultCaret.java:857) ~[?:?]
	at javax.swing.text.DefaultCaret.changeCaretPosition(DefaultCaret.java:1343) ~[?:?]
	at javax.swing.text.DefaultCaret.handleSetDot(DefaultCaret.java:1242) ~[?:?]
	at javax.swing.text.DefaultCaret.setDot(DefaultCaret.java:1223) ~[?:?]
	at javax.swing.text.DefaultCaret$Handler.insertUpdate(DefaultCaret.java:1819) ~[?:?]
	at javax.swing.text.AbstractDocument.fireInsertUpdate(AbstractDocument.java:227) ~[?:?]
	at javax.swing.text.AbstractDocument.handleInsertString(AbstractDocument.java:781) ~[?:?]
	at javax.swing.text.AbstractDocument.insertString(AbstractDocument.java:740) ~[?:?]
	at javax.swing.text.PlainDocument.insertString(PlainDocument.java:131) ~[?:?]
	at javax.swing.text.AbstractDocument.replace(AbstractDocument.java:699) ~[?:?]
	at javax.swing.text.JTextComponent.setText(JTextComponent.java:1725) ~[?:?]
	at com.st.microxplorer.plugins.projectmanager.gui.ProjectChoiceTab.createHeapStackFields(ProjectChoiceTab.java:993) ~[filemanager.jar:?]
	at com.st.microxplorer.plugins.projectmanager.gui.ProjectChoiceTab.buildLinkSettingsPanel(ProjectChoiceTab.java:3813) ~[filemanager.jar:?]
	at com.st.microxplorer.plugins.projectmanager.gui.ProjectChoiceTab.defineWindowsFields(ProjectChoiceTab.java:1987) ~[filemanager.jar:?]
	at com.st.microxplorer.plugins.projectmanager.gui.ProjectChoiceTab.updateSettings(ProjectChoiceTab.java:558) ~[filemanager.jar:?]
	at com.st.microxplorer.plugins.projectmanager.gui.ProjectSettingsPanel.UpdateDialog(ProjectSettingsPanel.java:247) ~[filemanager.jar:?]
	at com.st.microxplorer.plugins.projectmanager.ProjectManagerView.propertyChange(ProjectManagerView.java:392) ~[filemanager.jar:?]
	at java.beans.PropertyChangeSupport.fire(PropertyChangeSupport.java:343) ~[?:?]
	at java.beans.PropertyChangeSupport.firePropertyChange(PropertyChangeSupport.java:335) ~[?:?]
	at java.beans.PropertyChangeSupport.firePropertyChange(PropertyChangeSupport.java:268) ~[?:?]
	at com.st.microxplorer.util.MXPropertyChangeSupport.firePropertyChange(MXPropertyChangeSupport.java:54) ~[STM32CubeMX.jar:?]
	at com.st.microxplorer.mxsystem.MxSystem.closeConfig(MxSystem.java:899) ~[STM32CubeMX.jar:?]
	at com.st.microxplorer.maingui.MainPanel.closeConfig(MainPanel.java:792) ~[STM32CubeMX.jar:?]
	at com.st.microxplorer.plugins.filemanager.engine.OpenFileManager.loadConfigurationFile(OpenFileManager.java:288) ~[filemanager.jar:?]
	at com.st.microxplorer.plugins.filemanager.engine.MainFileManager.userLoadConfig(MainFileManager.java:364) ~[filemanager.jar:?]
	at com.st.microxplorer.plugins.filemanager.engine.MainFileManager.userLoadConfig(MainFileManager.java:342) ~[filemanager.jar:?]
	at com.st.microxplorer.plugins.filemanager.FileManagerView.getSpecificTask(FileManagerView.java:264) ~[filemanager.jar:?]
	at com.st.stm32cube.common.mx.editor.CubeMxEditor.getMxTabbedPaneInstance(CubeMxEditor.java:1198) ~[com.st.stm32cube.common.mx_6.15.0.202507011659/:?]
	at com.st.stm32cube.common.mx.editor.CubeMxEditor$12$1.createSwingComponent(CubeMxEditor.java:1068) ~[com.st.stm32cube.common.mx_6.15.0.202507011659/:?]
	at com.st.stm32cube.common.mx.oss.core.awtswtbridge.EmbeddedSwingComposite.doComponentCreation(EmbeddedSwingComposite.java:492) ~[com.st.stm32cube.common.mx.oss_6.15.0.202507011659/:?]
	at com.st.stm32cube.common.mx.oss.core.awtswtbridge.EmbeddedSwingComposite$4.run(EmbeddedSwingComposite.java:291) ~[com.st.stm32cube.common.mx.oss_6.15.0.202507011659/:?]
	at com.st.stm32cube.common.mx.oss.core.awtswtbridge.AwtEnvironment$2.run(AwtEnvironment.java:166) ~[com.st.stm32cube.common.mx.oss_6.15.0.202507011659/:?]
	at java.awt.event.InvocationEvent.dispatch(InvocationEvent.java:318) ~[?:?]
	at java.awt.EventQueue.dispatchEventImpl(EventQueue.java:773) ~[?:?]
	at java.awt.EventQueue$4.run(EventQueue.java:720) ~[?:?]
	at java.awt.EventQueue$4.run(EventQueue.java:714) ~[?:?]
	at java.security.AccessController.doPrivileged(AccessController.java:400) ~[?:?]
	at java.security.ProtectionDomain$JavaSecurityAccessImpl.doIntersectionPrivilege(ProtectionDomain.java:87) ~[?:?]
	at java.awt.EventQueue.dispatchEvent(EventQueue.java:742) ~[?:?]
	at java.awt.EventDispatchThread.pumpOneEventForFilters(EventDispatchThread.java:203) ~[?:?]
	at java.awt.EventDispatchThread.pumpEventsForFilter(EventDispatchThread.java:124) ~[?:?]
	at java.awt.EventDispatchThread.pumpEventsForHierarchy(EventDispatchThread.java:113) ~[?:?]
	at java.awt.EventDispatchThread.pumpEvents(EventDispatchThread.java:109) ~[?:?]
	at java.awt.EventDispatchThread.pumpEvents(EventDispatchThread.java:101) ~[?:?]
	at java.awt.EventDispatchThread.run(EventDispatchThread.java:90) ~[?:?]
2025-09-26 17:07:13,898 [WARN] ThirdParty:871 - waiting for thirdparty lock release [close project]
2025-09-26 17:07:13,898 [INFO] ThirdParty:873 - entering critical section [close project]
2025-09-26 17:07:13,899 [INFO] ThirdParty:883 - exiting critical section [close project]
2025-09-26 17:07:13,908 [INFO] PinOutPanel:1589 - setPackage(No Configuration,No Configuration)
2025-09-26 17:07:13,952 [INFO] UtilMem:75 - Begin LoadConfig() Used Memory: 464086608 Bytes (891289600)
2025-09-26 17:07:13,957 [INFO] MicroXplorer:468 - Change Database Path : 
2025-09-26 17:07:13,958 [INFO] MicroXplorer:498 - Change Database Version : DB.6.0.150
2025-09-26 17:07:13,961 [INFO] OpenFileManager:355 - Change cursor
2025-09-26 17:07:14,091 [INFO] RulesReader:64 - Compatibility file has been processed (317 Rules)
2025-09-26 17:07:14,122 [INFO] Mcu:2029 - Initializing MCU STM32L433RCTxP STM32L433RCTxP STM32L433RCT6P
2025-09-26 17:07:19,027 [INFO] Context:786 - Trying to add GPIOservice into a context  which must be forbidden
2025-09-26 17:07:21,062 [INFO] ImportTextPane:234 - (OptionalMessage_ERROR) Pin19 (VP_RIF_VS_RIF1) cannot be retrieved for this MCU
2025-09-26 17:07:21,288 [INFO] RtosManager:558 - Registered RTOS mode: class=CMSIS, group=RTOS, mode=CMSIS_V1, owner=FREERTOS
2025-09-26 17:07:21,289 [INFO] RtosManager:558 - Registered RTOS mode: class=CMSIS, group=RTOS2, mode=CMSIS_V2, owner=FREERTOS
2025-09-26 17:07:21,290 [INFO] RtosManager:558 - Registered RTOS mode: class=RTOS, group=Core, mode=CMSIS_V1, owner=FREERTOS
2025-09-26 17:07:21,290 [INFO] RtosManager:558 - Registered RTOS mode: class=RTOS, group=Core, mode=CMSIS_V2, owner=FREERTOS
2025-09-26 17:07:21,292 [WARN] ModelIntegratedComponent:184 - Missing modes for component STMicroelectronics:FreeRTOS:0.0.1:STMicroelectronics:RTOS:FreeRTOS:Core:::10.2.0:
2025-09-26 17:07:21,439 [WARN] ModelIntegratedComponent:63 - No mode defined for component null
2025-09-26 17:07:21,440 [WARN] ModelIntegratedComponent:63 - No mode defined for component null
2025-09-26 17:07:21,440 [WARN] ModelIntegratedComponent:63 - No mode defined for component null
2025-09-26 17:07:21,441 [WARN] ModelIntegratedComponent:63 - No mode defined for component null
2025-09-26 17:07:21,441 [WARN] ModelIntegratedComponent:63 - No mode defined for component null
2025-09-26 17:07:21,441 [WARN] ModelIntegratedComponent:63 - No mode defined for component null
2025-09-26 17:07:21,442 [WARN] ModelIntegratedComponent:63 - No mode defined for component null
2025-09-26 17:07:21,442 [WARN] ModelIntegratedComponent:63 - No mode defined for component null
2025-09-26 17:07:21,442 [WARN] ModelIntegratedComponent:63 - No mode defined for component null
2025-09-26 17:07:21,444 [WARN] ModelIntegratedComponent:63 - No mode defined for component null
2025-09-26 17:07:21,444 [WARN] ModelIntegratedComponent:63 - No mode defined for component null
2025-09-26 17:07:21,444 [WARN] ModelIntegratedComponent:63 - No mode defined for component null
2025-09-26 17:07:21,445 [WARN] ModelIntegratedComponent:63 - No mode defined for component null
2025-09-26 17:07:21,445 [WARN] ModelIntegratedComponent:63 - No mode defined for component null
2025-09-26 17:07:21,445 [WARN] ModelIntegratedComponent:63 - No mode defined for component null
2025-09-26 17:07:21,446 [WARN] ModelIntegratedComponent:63 - No mode defined for component null
2025-09-26 17:07:21,446 [WARN] ModelIntegratedComponent:63 - No mode defined for component null
2025-09-26 17:07:21,446 [WARN] ModelIntegratedComponent:63 - No mode defined for component null
2025-09-26 17:07:21,447 [WARN] ModelIntegratedComponent:63 - No mode defined for component null
2025-09-26 17:07:21,447 [WARN] ModelIntegratedComponent:63 - No mode defined for component null
2025-09-26 17:07:21,447 [WARN] ModelIntegratedComponent:63 - No mode defined for component null
2025-09-26 17:07:21,448 [WARN] ModelIntegratedComponent:63 - No mode defined for component null
2025-09-26 17:07:21,449 [WARN] ModelIntegratedComponent:63 - No mode defined for component null
2025-09-26 17:07:21,449 [WARN] ModelIntegratedComponent:63 - No mode defined for component null
2025-09-26 17:07:21,451 [WARN] ModelIntegratedComponent:63 - No mode defined for component null
2025-09-26 17:07:21,451 [WARN] ModelIntegratedComponent:63 - No mode defined for component null
2025-09-26 17:07:21,452 [WARN] ModelIntegratedComponent:63 - No mode defined for component null
2025-09-26 17:07:21,452 [WARN] ModelIntegratedComponent:63 - No mode defined for component null
2025-09-26 17:07:21,452 [WARN] ModelIntegratedComponent:63 - No mode defined for component null
2025-09-26 17:07:21,453 [WARN] ModelIntegratedComponent:63 - No mode defined for component null
2025-09-26 17:07:21,458 [WARN] ModelIntegratedComponent:63 - No mode defined for component null
2025-09-26 17:07:21,461 [WARN] ModelIntegratedComponent:63 - No mode defined for component null
2025-09-26 17:07:21,462 [WARN] ModelIntegratedComponent:63 - No mode defined for component null
2025-09-26 17:07:21,463 [WARN] ModelIntegratedComponent:63 - No mode defined for component null
2025-09-26 17:07:21,463 [WARN] ModelIntegratedComponent:63 - No mode defined for component null
2025-09-26 17:07:21,463 [WARN] ModelPack:524 - Component already loaded: STMicroelectronics:HAL Drivers:0.0.0:STMicroelectronics:Device:STMicro_Driver:XSPI:HAL::0.0.1:HAL_XSPI
2025-09-26 17:07:21,927 [INFO] ThirdPartyModel:298 - Start build external matchings
2025-09-26 17:07:22,783 [INFO] ThirdPartyModel:316 - End build external matchings
2025-09-26 17:07:22,808 [INFO] ImportTextPane:234 - (OptionalMessage_ERROR) IP (RCC) : Invalid parameter (FamilyName)
2025-09-26 17:07:22,809 [INFO] ImportTextPane:234 - (OptionalMessage_ERROR) IP (RCC) : Invalid parameter (I2C4Freq_Value)
2025-09-26 17:07:22,810 [INFO] ImportTextPane:234 - (OptionalMessage_ERROR) IP (RCC) : Parameter (RNGFreq_Value) has invalid value (64000000)
2025-09-26 17:07:22,810 [INFO] ImportTextPane:234 - (OptionalMessage_ERROR) IP (RCC) : Parameter (SDMMCFreq_Value) has invalid value (64000000)
2025-09-26 17:07:22,810 [INFO] ImportTextPane:234 - (OptionalMessage_ERROR) IP (RCC) : Invalid parameter (UART4Freq_Value)
2025-09-26 17:07:22,810 [INFO] ImportTextPane:234 - (OptionalMessage_ERROR) IP (RCC) : Invalid parameter (UART5Freq_Value)
2025-09-26 17:07:22,810 [INFO] ImportTextPane:234 - (OptionalMessage_ERROR) IP (RCC) : Parameter (USBFreq_Value) has invalid value (64000000)
2025-09-26 17:07:22,811 [INFO] ImportTextPane:234 - (OptionalMessage_ERROR) IP (RCC) : Invalid parameter (VCOSAI2OutputFreq_Value)
2025-09-26 17:07:23,767 [INFO] UtilMem:75 - End LoadConfig() Used Memory: 545452408 Bytes (891289600)
2025-09-26 17:07:23,929 [WARN] ThirdParty:833 - waiting for thirdparty lock release [change project]
2025-09-26 17:07:23,929 [INFO] ThirdParty:835 - entering critical section [change project]
2025-09-26 17:07:23,930 [INFO] ThirdParty:1030 - CMSIS Pack Vendor :STMicroelectronics X-CUBE-PM33A1 1.0.0
2025-09-26 17:07:23,930 [INFO] ThirdParty:1030 - CMSIS Pack Vendor :STMicroelectronics USBPD 4.1
2025-09-26 17:07:23,930 [INFO] ThirdParty:1030 - CMSIS Pack Vendor :STMicroelectronics X-CUBE-NFC9 1.0.0
2025-09-26 17:07:23,930 [INFO] ThirdParty:1030 - CMSIS Pack Vendor :STMicroelectronics USB_HOST 2.0.0
2025-09-26 17:07:23,930 [INFO] ThirdParty:1030 - CMSIS Pack Vendor :STMicroelectronics FP-SNS-MOTENVWB1 1.4.0
2025-09-26 17:07:23,931 [INFO] ThirdParty:1030 - CMSIS Pack Vendor :STMicroelectronics X-CUBE-AZRTOS-F4 1.1.0
2025-09-26 17:07:23,931 [INFO] ThirdParty:1030 - CMSIS Pack Vendor :STMicroelectronics LIBJPEG 8.0.0
2025-09-26 17:07:23,931 [INFO] ThirdParty:1030 - CMSIS Pack Vendor :STMicroelectronics FP-ATR-ASTRA1 2.0.2
2025-09-26 17:07:23,931 [INFO] ThirdParty:1030 - CMSIS Pack Vendor :wolfSSL I-CUBE-wolfSSL 5.8.2
2025-09-26 17:07:23,931 [INFO] ThirdParty:1030 - CMSIS Pack Vendor :STMicroelectronics X-CUBE-BLE1 7.1.0
2025-09-26 17:07:23,931 [INFO] ThirdParty:1030 - CMSIS Pack Vendor :Avnet-IotConnect X-CUBE-IoTC-DA16k-PMOD 1.0.0
2025-09-26 17:07:23,931 [INFO] ThirdParty:1030 - CMSIS Pack Vendor :STMicroelectronics X-CUBE-SMBUS 2.1.0
2025-09-26 17:07:23,932 [INFO] ThirdParty:1030 - CMSIS Pack Vendor :wolfSSL I-CUBE-wolfMQTT 1.19.2
2025-09-26 17:07:23,932 [INFO] ThirdParty:1030 - CMSIS Pack Vendor :STMicroelectronics USB_DEVICE 3.0.0
2025-09-26 17:07:23,932 [INFO] ThirdParty:1030 - CMSIS Pack Vendor :STMicroelectronics X-CUBE-ISPU 2.1.0
2025-09-26 17:07:23,932 [INFO] ThirdParty:1030 - CMSIS Pack Vendor :STMicroelectronics X-CUBE-EEPRMA1 5.2.0
2025-09-26 17:07:23,933 [INFO] ThirdParty:1030 - CMSIS Pack Vendor :STMicroelectronics X-CUBE-BLEMGR 4.1.0
2025-09-26 17:07:23,933 [INFO] ThirdParty:1030 - CMSIS Pack Vendor :STMicroelectronics X-CUBE-AZRTOS-WB 2.0.0
2025-09-26 17:07:23,933 [INFO] ThirdParty:1030 - CMSIS Pack Vendor :STMicroelectronics X-CUBE-ST60 1.0.0
2025-09-26 17:07:23,933 [INFO] ThirdParty:1030 - CMSIS Pack Vendor :STMicroelectronics X-CUBE-GNSS1 7.0.1
2025-09-26 17:07:23,933 [INFO] ThirdParty:1030 - CMSIS Pack Vendor :STMicroelectronics X-CUBE-NFC12 1.0.0
2025-09-26 17:07:23,934 [INFO] ThirdParty:1030 - CMSIS Pack Vendor :STMicroelectronics X-CUBE-AZRTOS-F7 1.1.0
2025-09-26 17:07:23,934 [INFO] ThirdParty:1030 - CMSIS Pack Vendor :STMicroelectronics X-CUBE-AZRTOS-L5 2.0.0
2025-09-26 17:07:23,934 [INFO] ThirdParty:1030 - CMSIS Pack Vendor :STMicroelectronics X-CUBE-TOUCHGFX 4.25.0
2025-09-26 17:07:23,934 [INFO] ThirdParty:1030 - CMSIS Pack Vendor :STMicroelectronics USB_DEVICE 2.0.0
2025-09-26 17:07:23,935 [INFO] ThirdParty:1030 - CMSIS Pack Vendor :STMicroelectronics X-CUBE-NFC6 3.1.0
2025-09-26 17:07:23,935 [INFO] ThirdParty:1030 - CMSIS Pack Vendor :quantropi X-CUBE-qispace-sdk-base 2.1.0
2025-09-26 17:07:23,935 [INFO] ThirdParty:1030 - CMSIS Pack Vendor :STMicroelectronics FreeRTOS 0.0.1
2025-09-26 17:07:23,935 [INFO] ThirdParty:1030 - CMSIS Pack Vendor :STMicroelectronics X-CUBE-AZRTOS-G0 1.1.0
2025-09-26 17:07:23,935 [INFO] ThirdParty:1030 - CMSIS Pack Vendor :STMicroelectronics X-CUBE-SAFEA1 1.2.2
2025-09-26 17:07:23,935 [INFO] ThirdParty:1030 - CMSIS Pack Vendor :STMicroelectronics X-CUBE-NFC4 3.0.0
2025-09-26 17:07:23,936 [INFO] ThirdParty:1030 - CMSIS Pack Vendor :STMicroelectronics X-CUBE-SUBG2 5.0.0
2025-09-26 17:07:23,936 [INFO] ThirdParty:1030 - CMSIS Pack Vendor :STMicroelectronics X-CUBE-AZRTOS-H7RS 1.1.0
2025-09-26 17:07:23,936 [INFO] ThirdParty:1030 - CMSIS Pack Vendor :STMicroelectronics STM32_WPAN 1.0.0
2025-09-26 17:07:23,936 [INFO] ThirdParty:1030 - CMSIS Pack Vendor :EmbeddedOffice I-CUBE-FS-RTOS 1.0.1
2025-09-26 17:07:23,937 [INFO] ThirdParty:1030 - CMSIS Pack Vendor :STMicroelectronics lwIP 2.0.3
2025-09-26 17:07:23,937 [INFO] ThirdParty:1030 - CMSIS Pack Vendor :WES I-CUBE-Cesium 1.4.0
2025-09-26 17:07:23,937 [INFO] ThirdParty:1030 - CMSIS Pack Vendor :Cesanta I-CUBE-Mongoose 7.13.0
2025-09-26 17:07:23,937 [INFO] ThirdParty:1030 - CMSIS Pack Vendor :STMicroelectronics USB_HOST 1.0.0
2025-09-26 17:07:23,937 [INFO] ThirdParty:1030 - CMSIS Pack Vendor :Infineon AIROC-Wi-Fi-Bluetooth-STM32 1.7.1
2025-09-26 17:07:23,937 [INFO] ThirdParty:1030 - CMSIS Pack Vendor :STMicroelectronics X-CUBE-AZRTOS-G4 2.0.0
2025-09-26 17:07:23,938 [INFO] ThirdParty:1030 - CMSIS Pack Vendor :STMicroelectronics X-CUBE-WB05N 2.0.0
2025-09-26 17:07:23,938 [INFO] ThirdParty:1030 - CMSIS Pack Vendor :STMicroelectronics PDM2PCM 3.1.0
2025-09-26 17:07:23,939 [INFO] ThirdParty:1030 - CMSIS Pack Vendor :STMicroelectronics PDM2PCM 3.3.0
2025-09-26 17:07:23,939 [INFO] ThirdParty:1030 - CMSIS Pack Vendor :wolfSSL I-CUBE-wolfTPM 3.8.0
2025-09-26 17:07:23,939 [INFO] ThirdParty:1030 - CMSIS Pack Vendor :STMicroelectronics X-CUBE-AZRTOS-H7 3.4.0
2025-09-26 17:07:23,939 [INFO] ThirdParty:1030 - CMSIS Pack Vendor :STMicroelectronics X-CUBE-DISPLAY 3.0.0
2025-09-26 17:07:23,939 [INFO] ThirdParty:1030 - CMSIS Pack Vendor :wolfSSL I-CUBE-wolfSSH 1.4.20
2025-09-26 17:07:23,939 [INFO] ThirdParty:1030 - CMSIS Pack Vendor :STMicroelectronics X-CUBE-NFC7 2.0.0
2025-09-26 17:07:23,939 [INFO] ThirdParty:1030 - CMSIS Pack Vendor :STMicroelectronics X-CUBE-TCPP 4.2.0
2025-09-26 17:07:23,939 [INFO] ThirdParty:1030 - CMSIS Pack Vendor :RealThread X-CUBE-RT-Thread_Nano 4.1.1
2025-09-26 17:07:23,940 [INFO] ThirdParty:1030 - CMSIS Pack Vendor :STMicroelectronics FP-ATR-SIGFOX1 3.2.0
2025-09-26 17:07:23,940 [INFO] ThirdParty:1030 - CMSIS Pack Vendor :STMicroelectronics X-CUBE-NFC10 1.0.0
2025-09-26 17:07:23,940 [INFO] ThirdParty:1030 - CMSIS Pack Vendor :STMicroelectronics X-CUBE-FREERTOS 1.3.1
2025-09-26 17:07:23,940 [INFO] ThirdParty:1030 - CMSIS Pack Vendor :STMicroelectronics HAL Drivers 0.0.0
2025-09-26 17:07:23,940 [INFO] ThirdParty:1030 - CMSIS Pack Vendor :STMicroelectronics MBEDTLS 2.16.2
2025-09-26 17:07:23,941 [INFO] ThirdParty:1030 - CMSIS Pack Vendor :STMicroelectronics X-CUBE-IPS 3.1.0
2025-09-26 17:07:23,941 [INFO] ThirdParty:1030 - CMSIS Pack Vendor :STMicroelectronics X-CUBE-ALS 1.0.2
2025-09-26 17:07:23,941 [INFO] ThirdParty:1030 - CMSIS Pack Vendor :emotas I-CUBE-CANOPEN 1.3.0
2025-09-26 17:07:23,941 [INFO] ThirdParty:1030 - CMSIS Pack Vendor :STMicroelectronics MBEDTLS 2.14.1
2025-09-26 17:07:23,941 [INFO] ThirdParty:1030 - CMSIS Pack Vendor :ITTIA_DB I-CUBE-ITTIADB 8.9.0
2025-09-26 17:07:23,941 [INFO] ThirdParty:1030 - CMSIS Pack Vendor :STMicroelectronics X-CUBE-STSE01 1.0.0
2025-09-26 17:07:23,941 [INFO] ThirdParty:1030 - CMSIS Pack Vendor :STMicroelectronics X-CUBE-ST67W61 1.0.0
2025-09-26 17:07:23,941 [INFO] ThirdParty:1030 - CMSIS Pack Vendor :STMicroelectronics FP-SNS-STBOX1 2.1.0
2025-09-26 17:07:23,941 [INFO] ThirdParty:1030 - CMSIS Pack Vendor :STMicroelectronics X-CUBE-AI 10.2.0
2025-09-26 17:07:23,941 [INFO] ThirdParty:1030 - CMSIS Pack Vendor :STMicroelectronics FP-SNS-STAIOTCFT 1.0.0
2025-09-26 17:07:23,942 [INFO] ThirdParty:1030 - CMSIS Pack Vendor :STMicroelectronics ThreadX 1.0.0
2025-09-26 17:07:23,942 [INFO] ThirdParty:1030 - CMSIS Pack Vendor :STMicroelectronics FP-SNS-SMARTAG2 1.2.0
2025-09-26 17:07:23,942 [INFO] ThirdParty:1030 - CMSIS Pack Vendor :STMicroelectronics FP-SNS-FLIGHT1 5.1.0
2025-09-26 17:07:23,942 [INFO] ThirdParty:1030 - CMSIS Pack Vendor :STMicroelectronics X-CUBE-AZRTOS-WL 2.0.0
2025-09-26 17:07:23,942 [INFO] ThirdParty:1030 - CMSIS Pack Vendor :SEGGER I-CUBE-embOS 1.3.1
2025-09-26 17:07:23,942 [INFO] ThirdParty:1030 - CMSIS Pack Vendor :STMicroelectronics X-CUBE-ALGOBUILD 1.4.0
2025-09-26 17:07:23,942 [INFO] ThirdParty:1030 - CMSIS Pack Vendor :STMicroelectronics X-CUBE-DPower 1.3.0
2025-09-26 17:07:23,942 [INFO] ThirdParty:1030 - CMSIS Pack Vendor :STMicroelectronics X-CUBE-MEMS1 11.3.0
2025-09-26 17:07:23,942 [INFO] ThirdParty:1030 - CMSIS Pack Vendor :STMicroelectronics FP-SNS-MOTENV1 5.0.0
2025-09-26 17:07:23,942 [INFO] ThirdParty:1030 - CMSIS Pack Vendor :STMicroelectronics USB_DEVICE 1.0.0
2025-09-26 17:07:23,942 [INFO] ThirdParty:1030 - CMSIS Pack Vendor :STMicroelectronics X-CUBE-AZRTOS-L4 2.0.0
2025-09-26 17:07:23,942 [INFO] ThirdParty:1030 - CMSIS Pack Vendor :STMicroelectronics ThreadX 0.0.2
2025-09-26 17:07:23,943 [INFO] ThirdParty:1030 - CMSIS Pack Vendor :STMicroelectronics lwIP 2.1.2
2025-09-26 17:07:23,943 [INFO] ThirdParty:1030 - CMSIS Pack Vendor :STMicroelectronics X-CUBE-SFXS2LP1 4.0.0
2025-09-26 17:07:23,943 [INFO] ThirdParty:1030 - CMSIS Pack Vendor :STMicroelectronics X-CUBE-BLE2 3.3.0
2025-09-26 17:07:23,943 [INFO] ThirdParty:1030 - CMSIS Pack Vendor :STMicroelectronics X-CUBE-TOF1 3.4.3
2025-09-26 17:07:23,943 [INFO] ThirdParty:1030 - CMSIS Pack Vendor :STMicroelectronics PDM2PCM 3.2.0
2025-09-26 17:07:23,943 [INFO] ThirdParty:841 - exiting critical section [change project]
2025-09-26 17:07:24,574 [INFO] PinOutPanel:1589 - setPackage(No Configuration,No Configuration)
2025-09-26 17:07:24,577 [INFO] PinOutPanel:1589 - setPackage(STM32L433RCTxP,LQFP64)
2025-09-26 17:07:25,748 [INFO] UtilMem:75 - Before build in PCC Used Memory: 780327952 Bytes (891289600)
2025-09-26 17:07:27,287 [INFO] UtilMem:75 - After build in PCC Used Memory: 402941488 Bytes (891289600)
2025-09-26 17:07:27,375 [INFO] IPUIPlugin:80 - create IPUIPlugin
2025-09-26 17:07:27,376 [INFO] IPUIPlugin:80 - create IPUIPlugin
2025-09-26 17:07:27,376 [INFO] IPUIPlugin:80 - create IPUIPlugin
2025-09-26 17:07:27,378 [INFO] IPUIPlugin:80 - create IPUIPlugin
2025-09-26 17:07:27,378 [INFO] IPUIPlugin:80 - create IPUIPlugin
2025-09-26 17:07:27,380 [INFO] IPUIPlugin:80 - create IPUIPlugin
2025-09-26 17:07:27,380 [INFO] IPUIPlugin:80 - create IPUIPlugin
2025-09-26 17:07:27,380 [INFO] IPUIPlugin:80 - create IPUIPlugin
2025-09-26 17:07:27,381 [INFO] IPUIPlugin:80 - create IPUIPlugin
2025-09-26 17:07:27,383 [INFO] IPUIPlugin:80 - create IPUIPlugin
2025-09-26 17:07:27,383 [INFO] IPUIPlugin:80 - create IPUIPlugin
2025-09-26 17:07:27,385 [INFO] IPUIPlugin:80 - create IPUIPlugin
2025-09-26 17:07:27,385 [INFO] IPUIPlugin:80 - create IPUIPlugin
2025-09-26 17:07:27,386 [INFO] IPUIPlugin:80 - create IPUIPlugin
2025-09-26 17:07:27,386 [INFO] IPUIPlugin:80 - create IPUIPlugin
2025-09-26 17:07:27,388 [INFO] IPUIPlugin:80 - create IPUIPlugin
2025-09-26 17:07:27,388 [INFO] IPUIPlugin:80 - create IPUIPlugin
2025-09-26 17:07:27,389 [INFO] IPUIPlugin:80 - create IPUIPlugin
2025-09-26 17:07:27,391 [INFO] IPUIPlugin:80 - create IPUIPlugin
2025-09-26 17:07:27,391 [INFO] IPUIPlugin:80 - create IPUIPlugin
2025-09-26 17:07:27,392 [INFO] IPUIPlugin:80 - create IPUIPlugin
2025-09-26 17:07:27,392 [INFO] IPUIPlugin:80 - create IPUIPlugin
2025-09-26 17:07:27,394 [INFO] IPUIPlugin:80 - create IPUIPlugin
2025-09-26 17:07:27,396 [INFO] IPUIPlugin:80 - create IPUIPlugin
2025-09-26 17:07:27,396 [INFO] IPUIPlugin:80 - create IPUIPlugin
2025-09-26 17:07:27,397 [INFO] IPUIPlugin:80 - create IPUIPlugin
2025-09-26 17:07:27,400 [INFO] IPUIPlugin:80 - create IPUIPlugin
2025-09-26 17:07:27,401 [INFO] IPUIPlugin:80 - create IPUIPlugin
2025-09-26 17:07:27,402 [INFO] IPUIPlugin:80 - create IPUIPlugin
2025-09-26 17:07:27,402 [INFO] IPUIPlugin:80 - create IPUIPlugin
2025-09-26 17:07:27,403 [INFO] IPUIPlugin:80 - create IPUIPlugin
2025-09-26 17:07:27,404 [INFO] IPUIPlugin:80 - create IPUIPlugin
2025-09-26 17:07:27,406 [INFO] IPUIPlugin:80 - create IPUIPlugin
2025-09-26 17:07:27,406 [INFO] IPUIPlugin:80 - create IPUIPlugin
2025-09-26 17:07:27,407 [INFO] IPUIPlugin:80 - create IPUIPlugin
2025-09-26 17:07:27,409 [INFO] IPUIPlugin:80 - create IPUIPlugin
2025-09-26 17:07:27,409 [INFO] IPUIPlugin:80 - create IPUIPlugin
2025-09-26 17:07:27,411 [INFO] IPUIPlugin:80 - create IPUIPlugin
2025-09-26 17:07:27,412 [INFO] IPUIPlugin:80 - create IPUIPlugin
2025-09-26 17:07:27,413 [INFO] IPUIPlugin:80 - create IPUIPlugin
2025-09-26 17:07:27,415 [INFO] IPUIPlugin:80 - create IPUIPlugin
2025-09-26 17:07:27,417 [INFO] IPUIPlugin:80 - create IPUIPlugin
2025-09-26 17:07:27,418 [INFO] IPUIPlugin:80 - create IPUIPlugin
2025-09-26 17:07:27,419 [INFO] IPUIPlugin:80 - create IPUIPlugin
2025-09-26 17:07:27,420 [INFO] IPUIPlugin:80 - create IPUIPlugin
2025-09-26 17:07:27,611 [INFO] CADModel:165 - CPN selected for project levelSTM32L433RCT6P
2025-09-26 17:07:27,611 [INFO] CADModel:114 - Register for checkConnection events
2025-09-26 17:07:27,769 [INFO] OpenFileManager:386 - Restore cursor
2025-09-26 17:11:51,682 [INFO] UtilMem:75 - End SaveConfig() Used Memory: 847223728 Bytes (916455424)
2025-09-26 17:11:51,759 [INFO] UtilMem:75 - End SaveConfig() Used Memory: 862931816 Bytes (916455424)
2025-09-26 17:11:52,942 [INFO] UtilMem:75 - End SaveConfig() Used Memory: 830083056 Bytes (919601152)
2025-09-26 17:11:53,658 [INFO] BlockDiagram:2775 - set Specific Code input for plugin: NVIC
2025-09-26 17:11:53,658 [INFO] BlockDiagram:2775 - set Specific Code input for plugin: USART
2025-09-26 17:11:53,660 [INFO] BlockDiagram:2775 - set Specific Code input for plugin: TIM1_8L4
2025-09-26 17:11:53,660 [INFO] BlockDiagram:2775 - set Specific Code input for plugin: SYS
2025-09-26 17:11:53,660 [INFO] BlockDiagram:2775 - set Specific Code input for plugin: GPIO
2025-09-26 17:11:53,660 [INFO] BlockDiagram:2775 - set Specific Code input for plugin: RCC
2025-09-26 17:11:53,664 [INFO] CodeGenerator:892 - code generatio: config db path: C:\ST\STM32CubeIDE_1.19.0\STM32CubeIDE\plugins\com.st.stm32cube.common.mx_6.15.0.202507011659\\db\
2025-09-26 17:11:54,066 [INFO] CodeEngine:265 - oldGeneratedFile, C:\Code\Mikrodatorteknik\Labbar\Lab3_klocka_och_knapp\MXTmpFiles\license.tmp_save
2025-09-26 17:11:55,559 [INFO] CodeEngine:289 - Generated code: C:\Code\Mikrodatorteknik\Labbar\Lab3_klocka_och_knapp\MXTmpFiles\license.tmp
2025-09-26 17:11:55,911 [INFO] CodeEngine:265 - oldGeneratedFile, C:\Code\Mikrodatorteknik\Labbar\Lab3_klocka_och_knapp\MXTmpFiles\gpio.tmp_save
2025-09-26 17:11:56,525 [INFO] CodeEngine:289 - Generated code: C:\Code\Mikrodatorteknik\Labbar\Lab3_klocka_och_knapp\MXTmpFiles\gpio.tmp
2025-09-26 17:11:57,233 [INFO] CodeEngine:265 - oldGeneratedFile, C:\Code\Mikrodatorteknik\Labbar\Lab3_klocka_och_knapp\Core\Src\stm32l4xx_it.c_save
2025-09-26 17:11:58,023 [INFO] CodeEngine:289 - Generated code: C:\Code\Mikrodatorteknik\Labbar\Lab3_klocka_och_knapp\Core\Src\stm32l4xx_it.c
2025-09-26 17:11:58,059 [INFO] CodeEngine:265 - oldGeneratedFile, C:\Code\Mikrodatorteknik\Labbar\Lab3_klocka_och_knapp\Core\Inc\stm32l4xx_it.h_save
2025-09-26 17:11:58,349 [INFO] CodeEngine:289 - Generated code: C:\Code\Mikrodatorteknik\Labbar\Lab3_klocka_och_knapp\Core\Inc\stm32l4xx_it.h
2025-09-26 17:11:58,416 [INFO] CodeEngine:265 - oldGeneratedFile, C:\Code\Mikrodatorteknik\Labbar\Lab3_klocka_och_knapp\Core\Src\stm32l4xx_hal_msp.c_save
2025-09-26 17:11:58,978 [INFO] CodeEngine:289 - Generated code: C:\Code\Mikrodatorteknik\Labbar\Lab3_klocka_och_knapp\Core\Src\stm32l4xx_hal_msp.c
2025-09-26 17:11:59,004 [INFO] CodeEngine:265 - oldGeneratedFile, C:\Code\Mikrodatorteknik\Labbar\Lab3_klocka_och_knapp\MXTmpFiles\system.tmp_save
2025-09-26 17:11:59,277 [INFO] CodeEngine:289 - Generated code: C:\Code\Mikrodatorteknik\Labbar\Lab3_klocka_och_knapp\MXTmpFiles\system.tmp
2025-09-26 17:11:59,343 [INFO] CodeEngine:321 - oldGeneratedFile, C:\Code\Mikrodatorteknik\Labbar\Lab3_klocka_och_knapp\Core\Inc\stm32l4xx_hal_conf.h_save
2025-09-26 17:11:59,625 [INFO] CodeEngine:345 - Generated code: C:\Code\Mikrodatorteknik\Labbar\Lab3_klocka_och_knapp\Core\Inc\stm32l4xx_hal_conf.h
2025-09-26 17:11:59,802 [INFO] ApiDbMcu:532 - Load IP Config File for TIM2
2025-09-26 17:11:59,855 [INFO] ApiDbMcu:532 - Load IP Config File for USART2
2025-09-26 17:11:59,871 [INFO] ApiDbMcu:532 - Load IP Config File for RCC
2025-09-26 17:11:59,879 [WARN] IPConfigManager:3811 - IP not found : TIM
2025-09-26 17:11:59,883 [WARN] CodeGenerator:4259 - IP not found : null
2025-09-26 17:11:59,929 [INFO] CodeEngine:265 - oldGeneratedFile, C:\Code\Mikrodatorteknik\Labbar\Lab3_klocka_och_knapp\Core\Inc\main.h_save
2025-09-26 17:12:00,214 [INFO] CodeEngine:289 - Generated code: C:\Code\Mikrodatorteknik\Labbar\Lab3_klocka_och_knapp\Core\Inc\main.h
2025-09-26 17:12:00,231 [INFO] CodeEngine:265 - oldGeneratedFile, C:\Code\Mikrodatorteknik\Labbar\Lab3_klocka_och_knapp\Core\Src\main.c_save
2025-09-26 17:12:00,469 [INFO] CodeEngine:289 - Generated code: C:\Code\Mikrodatorteknik\Labbar\Lab3_klocka_och_knapp\Core\Src\main.c
2025-09-26 17:12:01,149 [INFO] ProjectBuilder:3606 - Time for Copy HAL[1] : 436mS.
2025-09-26 17:12:01,155 [INFO] ProjectBuilder:5216 - Project Generator version: 4.7.0-B52
2025-09-26 17:12:01,247 [INFO] ConfigFileManager:1595 - The Die is : DIE435
2025-09-26 17:12:01,280 [INFO] ApiDbMcu:532 - Load IP Config File for FATFS
2025-09-26 17:12:01,287 [INFO] ApiDbMcu:532 - Load IP Config File for FREERTOS
2025-09-26 17:12:01,301 [INFO] ApiDbMcu:532 - Load IP Config File for TOUCHSENSING
2025-09-26 17:12:01,309 [INFO] ApiDbMcu:532 - Load IP Config File for USB_DEVICE
2025-09-26 17:12:03,410 [INFO] ProjectBuilder:5496 - Time for Generating toolchain IDE Files: 2256mS.
2025-09-26 17:12:03,415 [INFO] ProjectBuilder:3463 - Time for Copy CMSIS : 3mS.
2025-09-26 17:12:03,443 [INFO] ProjectBuilder:3463 - Time for Copy CMSIS : 1mS.
2025-09-26 17:18:35,135 [INFO] WebApp:194 - Connection lost
2025-09-26 17:18:35,297 [INFO] WebApp:191 - Connection restablished
2025-09-26 17:20:53,696 [INFO] WebApp:194 - Connection lost
2025-09-26 17:20:53,879 [INFO] WebApp:191 - Connection restablished
2025-09-26 17:20:58,638 [INFO] WebApp:194 - Connection lost
2025-09-26 17:20:58,807 [INFO] WebApp:191 - Connection restablished
2025-09-26 17:22:38,122 [INFO] WebApp:194 - Connection lost
2025-09-26 17:22:38,278 [INFO] WebApp:191 - Connection restablished
2025-09-26 17:22:43,122 [INFO] WebApp:194 - Connection lost
2025-09-26 17:22:43,284 [INFO] WebApp:191 - Connection restablished
2025-09-26 17:26:18,194 [INFO] NvicIntPanel:101 - NVIC parent = com.st.microxplorer.plugins.ip.nvic.MultiNvicIntPanel[,0,0,617x85,layout=javax.swing.BoxLayout,alignmentX=0.0,alignmentY=0.0,border=,flags=9,maximumSize=,minimumSize=,preferredSize=]
2025-09-26 17:26:20,102 [INFO] WebApp:194 - Connection lost
2025-09-26 17:26:20,261 [INFO] WebApp:191 - Connection restablished
2025-09-26 17:26:25,624 [INFO] WebApp:194 - Connection lost
2025-09-26 17:26:25,738 [INFO] WebApp:191 - Connection restablished
2025-09-26 17:28:04,226 [INFO] UtilMem:75 - End SaveConfig() Used Memory: 745279920 Bytes (1005584384)
2025-09-26 17:28:04,958 [INFO] UtilMem:75 - End SaveConfig() Used Memory: 761794360 Bytes (1005584384)
2025-09-26 17:28:09,217 [INFO] UtilMem:75 - End SaveConfig() Used Memory: 320190064 Bytes (1005584384)
2025-09-26 17:28:09,936 [INFO] BlockDiagram:2775 - set Specific Code input for plugin: NVIC
2025-09-26 17:28:09,937 [INFO] BlockDiagram:2775 - set Specific Code input for plugin: USART
2025-09-26 17:28:09,937 [INFO] BlockDiagram:2775 - set Specific Code input for plugin: TIM1_8L4
2025-09-26 17:28:09,939 [INFO] BlockDiagram:2775 - set Specific Code input for plugin: SYS
2025-09-26 17:28:09,943 [INFO] BlockDiagram:2775 - set Specific Code input for plugin: GPIO
2025-09-26 17:28:09,944 [INFO] BlockDiagram:2775 - set Specific Code input for plugin: RCC
2025-09-26 17:28:09,947 [INFO] CodeGenerator:892 - code generatio: config db path: C:\ST\STM32CubeIDE_1.19.0\STM32CubeIDE\plugins\com.st.stm32cube.common.mx_6.15.0.202507011659\\db\
2025-09-26 17:28:10,338 [INFO] CodeEngine:265 - oldGeneratedFile, C:\Code\Mikrodatorteknik\Labbar\Lab3_klocka_och_knapp\MXTmpFiles\license.tmp_save
2025-09-26 17:28:11,414 [INFO] CodeEngine:289 - Generated code: C:\Code\Mikrodatorteknik\Labbar\Lab3_klocka_och_knapp\MXTmpFiles\license.tmp
2025-09-26 17:28:11,669 [INFO] CodeEngine:265 - oldGeneratedFile, C:\Code\Mikrodatorteknik\Labbar\Lab3_klocka_och_knapp\MXTmpFiles\gpio.tmp_save
2025-09-26 17:28:12,336 [INFO] CodeEngine:289 - Generated code: C:\Code\Mikrodatorteknik\Labbar\Lab3_klocka_och_knapp\MXTmpFiles\gpio.tmp
2025-09-26 17:28:12,996 [INFO] CodeEngine:265 - oldGeneratedFile, C:\Code\Mikrodatorteknik\Labbar\Lab3_klocka_och_knapp\Core\Src\stm32l4xx_it.c_save
2025-09-26 17:28:14,382 [INFO] CodeEngine:289 - Generated code: C:\Code\Mikrodatorteknik\Labbar\Lab3_klocka_och_knapp\Core\Src\stm32l4xx_it.c
2025-09-26 17:28:14,428 [INFO] CodeEngine:265 - oldGeneratedFile, C:\Code\Mikrodatorteknik\Labbar\Lab3_klocka_och_knapp\Core\Inc\stm32l4xx_it.h_save
2025-09-26 17:28:14,815 [INFO] CodeEngine:289 - Generated code: C:\Code\Mikrodatorteknik\Labbar\Lab3_klocka_och_knapp\Core\Inc\stm32l4xx_it.h
2025-09-26 17:28:14,894 [INFO] CodeEngine:265 - oldGeneratedFile, C:\Code\Mikrodatorteknik\Labbar\Lab3_klocka_och_knapp\Core\Src\stm32l4xx_hal_msp.c_save
2025-09-26 17:28:15,430 [INFO] CodeEngine:289 - Generated code: C:\Code\Mikrodatorteknik\Labbar\Lab3_klocka_och_knapp\Core\Src\stm32l4xx_hal_msp.c
2025-09-26 17:28:15,458 [INFO] CodeEngine:265 - oldGeneratedFile, C:\Code\Mikrodatorteknik\Labbar\Lab3_klocka_och_knapp\MXTmpFiles\system.tmp_save
2025-09-26 17:28:15,779 [INFO] CodeEngine:289 - Generated code: C:\Code\Mikrodatorteknik\Labbar\Lab3_klocka_och_knapp\MXTmpFiles\system.tmp
2025-09-26 17:28:15,841 [INFO] CodeEngine:321 - oldGeneratedFile, C:\Code\Mikrodatorteknik\Labbar\Lab3_klocka_och_knapp\Core\Inc\stm32l4xx_hal_conf.h_save
2025-09-26 17:28:16,134 [INFO] CodeEngine:345 - Generated code: C:\Code\Mikrodatorteknik\Labbar\Lab3_klocka_och_knapp\Core\Inc\stm32l4xx_hal_conf.h
2025-09-26 17:28:16,218 [WARN] IPConfigManager:3811 - IP not found : TIM
2025-09-26 17:28:16,223 [WARN] CodeGenerator:4259 - IP not found : null
2025-09-26 17:28:16,273 [INFO] CodeEngine:265 - oldGeneratedFile, C:\Code\Mikrodatorteknik\Labbar\Lab3_klocka_och_knapp\Core\Inc\main.h_save
2025-09-26 17:28:16,787 [INFO] CodeEngine:289 - Generated code: C:\Code\Mikrodatorteknik\Labbar\Lab3_klocka_och_knapp\Core\Inc\main.h
2025-09-26 17:28:16,823 [INFO] CodeEngine:265 - oldGeneratedFile, C:\Code\Mikrodatorteknik\Labbar\Lab3_klocka_och_knapp\Core\Src\main.c_save
2025-09-26 17:28:17,380 [INFO] CodeEngine:289 - Generated code: C:\Code\Mikrodatorteknik\Labbar\Lab3_klocka_och_knapp\Core\Src\main.c
2025-09-26 17:28:18,451 [INFO] ProjectBuilder:3606 - Time for Copy HAL[1] : 529mS.
2025-09-26 17:28:18,466 [INFO] ProjectBuilder:5216 - Project Generator version: 4.7.0-B52
2025-09-26 17:28:18,744 [INFO] ConfigFileManager:1595 - The Die is : DIE435
2025-09-26 17:28:23,186 [INFO] ProjectBuilder:5496 - Time for Generating toolchain IDE Files: 4720mS.
2025-09-26 17:28:23,190 [INFO] ProjectBuilder:3463 - Time for Copy CMSIS : 2mS.
2025-09-26 17:28:23,210 [INFO] ProjectBuilder:3463 - Time for Copy CMSIS : 0mS.
2025-09-26 17:33:51,648 [INFO] WebApp:194 - Connection lost
2025-09-26 17:33:51,774 [INFO] WebApp:191 - Connection restablished
2025-09-26 17:35:26,905 [ERROR] LogOutputStream:75 - [STDERR_REDIRECT] 
