2025-10-08 14:32:10,596 [INFO] Activator:176 - 


2025-10-08 14:32:10,605 [INFO] Activator:177 - !SESSION log4j initialized
2025-10-08 14:32:20,348 [INFO] LogOutputStream:77 - [STDOUT_REDIRECT] 
2025-10-08 14:32:22,662 [INFO] ApplicationProperties:184 - Using Application install path: C:\ST\STM32CubeIDE_1.19.0\STM32CubeIDE\plugins\com.st.stm32cube.common.mx_6.15.0.202507011659
2025-10-08 14:32:22,686 [INFO] DbMcusXml:78 - Set database path to: C:\ST\STM32CubeIDE_1.19.0\STM32CubeIDE\plugins\com.st.stm32cube.common.mx_6.15.0.202507011659\\db\/mcu/
2025-10-08 14:32:22,686 [INFO] ApiDb:274 - Set plugin database path to: C:\ST\STM32CubeIDE_1.19.0\STM32CubeIDE\plugins\com.st.stm32cube.common.mx_6.15.0.202507011659\\db\/plugins/boardmanager/
2025-10-08 14:32:22,687 [WARN] ApiDb:259 - Overriding images path with different value:  => C:\ST\STM32CubeIDE_1.19.0\STM32CubeIDE\plugins\com.st.stm32cube.common.mx_6.15.0.202507011659\\db\/plugins/mcufinder/images/
2025-10-08 14:32:22,700 [INFO] ApiDb:250 - Set database path to: C:\Users\samyo\.stmcufinder\plugins\mcufinder//mcu/
2025-10-08 14:32:22,702 [INFO] DbMcusAds:125 - Set database path to: C:\Users\samyo\.stmcufinder\plugins\mcufinder//mcu/
2025-10-08 14:32:22,706 [INFO] CrossReferenceDbSqlite:203 - Set database path to: C:\Users\samyo\.stmcufinder\plugins\mcufinder//mcu/cs/
2025-10-08 14:32:22,865 [INFO] RulesReader:64 - Compatibility file has been processed (317 Rules)
2025-10-08 14:32:22,997 [INFO] DbMcusXml:78 - Set database path to: C:\ST\STM32CubeIDE_1.19.0\STM32CubeIDE\plugins\com.st.stm32cube.common.mx_6.15.0.202507011659\\db\/mcu/
2025-10-08 14:32:22,997 [INFO] ApiDb:274 - Set plugin database path to: C:\ST\STM32CubeIDE_1.19.0\STM32CubeIDE\plugins\com.st.stm32cube.common.mx_6.15.0.202507011659\\db\/plugins/boardmanager/
2025-10-08 14:32:22,997 [INFO] ApiDb:261 - Set plugin images path to: C:\ST\STM32CubeIDE_1.19.0\STM32CubeIDE\plugins\com.st.stm32cube.common.mx_6.15.0.202507011659\\db\/plugins/mcufinder/images/
2025-10-08 14:32:22,998 [WARN] DbFile:41 - Overriding database path with different value: C:\Users\samyo\.stmcufinder\plugins\mcufinder/ => C:\Users\samyo\.stmcufinder\plugins\mcufinder
2025-10-08 14:32:22,998 [INFO] ApiDb:250 - Set database path to: C:\Users\samyo\.stmcufinder\plugins\mcufinder//mcu/
2025-10-08 14:32:22,998 [WARN] DbFile:41 - Overriding database path with different value: C:\Users\samyo\.stmcufinder\plugins\mcufinder/ => C:\Users\samyo\.stmcufinder\plugins\mcufinder
2025-10-08 14:32:22,998 [INFO] DbMcusAds:125 - Set database path to: C:\Users\samyo\.stmcufinder\plugins\mcufinder//mcu/
2025-10-08 14:32:22,998 [WARN] DbFile:41 - Overriding database path with different value: C:\Users\samyo\.stmcufinder\plugins\mcufinder/ => C:\Users\samyo\.stmcufinder\plugins\mcufinder
2025-10-08 14:32:22,998 [WARN] DbFile:41 - Overriding database path with different value: C:\Users\samyo\.stmcufinder\plugins\mcufinder/ => C:\Users\samyo\.stmcufinder\plugins\mcufinder
2025-10-08 14:32:22,998 [INFO] CrossReferenceDbSqlite:203 - Set database path to: C:\Users\samyo\.stmcufinder\plugins\mcufinder//mcu/cs/
2025-10-08 14:32:23,102 [INFO] MainPanel:274 - HeapMemory: 268435456
2025-10-08 14:32:23,279 [INFO] DbMcusXml:78 - Set database path to: C:\ST\STM32CubeIDE_1.19.0\STM32CubeIDE\plugins\com.st.stm32cube.common.mx_6.15.0.202507011659\\db\/mcu/
2025-10-08 14:32:23,279 [INFO] ApiDb:274 - Set plugin database path to: C:\ST\STM32CubeIDE_1.19.0\STM32CubeIDE\plugins\com.st.stm32cube.common.mx_6.15.0.202507011659\\db\/plugins/boardmanager/
2025-10-08 14:32:23,279 [INFO] ApiDb:261 - Set plugin images path to: C:\ST\STM32CubeIDE_1.19.0\STM32CubeIDE\plugins\com.st.stm32cube.common.mx_6.15.0.202507011659\\db\/plugins/mcufinder/images/
2025-10-08 14:32:23,280 [WARN] DbFile:41 - Overriding database path with different value: C:\Users\samyo\.stmcufinder\plugins\mcufinder/ => C:\Users\samyo\.stmcufinder\plugins\mcufinder
2025-10-08 14:32:23,280 [INFO] ApiDb:250 - Set database path to: C:\Users\samyo\.stmcufinder\plugins\mcufinder//mcu/
2025-10-08 14:32:23,280 [WARN] DbFile:41 - Overriding database path with different value: C:\Users\samyo\.stmcufinder\plugins\mcufinder/ => C:\Users\samyo\.stmcufinder\plugins\mcufinder
2025-10-08 14:32:23,280 [INFO] DbMcusAds:125 - Set database path to: C:\Users\samyo\.stmcufinder\plugins\mcufinder//mcu/
2025-10-08 14:32:23,280 [WARN] DbFile:41 - Overriding database path with different value: C:\Users\samyo\.stmcufinder\plugins\mcufinder/ => C:\Users\samyo\.stmcufinder\plugins\mcufinder
2025-10-08 14:32:23,280 [WARN] DbFile:41 - Overriding database path with different value: C:\Users\samyo\.stmcufinder\plugins\mcufinder/ => C:\Users\samyo\.stmcufinder\plugins\mcufinder
2025-10-08 14:32:23,281 [INFO] CrossReferenceDbSqlite:203 - Set database path to: C:\Users\samyo\.stmcufinder\plugins\mcufinder//mcu/cs/
2025-10-08 14:32:23,306 [INFO] ApplicationProperties:184 - Using Application install path: C:\ST\STM32CubeIDE_1.19.0\STM32CubeIDE\plugins\com.st.stm32cube.common.mx_6.15.0.202507011659
2025-10-08 14:32:23,308 [INFO] PluginManage:196 - Search for loadable plugins [exclusion list=, ]
2025-10-08 14:32:23,309 [INFO] PluginManage:310 - Check plugin analytics
2025-10-08 14:32:23,694 [INFO] AnalyticsPlugin:253 - Accepted Software Licenses: 
2025-10-08 14:32:23,695 [INFO] AnalyticsPlugin:255 - Accepted CMSIS Pack Licenses: 
2025-10-08 14:32:23,695 [INFO] AnalyticsPlugin:257 - Accepted Firmware Licenses: FW.L4.1.18.0
2025-10-08 14:32:23,702 [INFO] PluginManage:359 - Loaded plugin analytics (category:tool,tabindex:-1)
2025-10-08 14:32:23,702 [INFO] PluginManage:310 - Check plugin cadmodel
2025-10-08 14:32:23,715 [INFO] CADModel:105 - Init CAD model plugin
2025-10-08 14:32:23,716 [INFO] PluginManage:359 - Loaded plugin cadmodel (category:power,tabindex:5)
2025-10-08 14:32:23,716 [INFO] PluginManage:310 - Check plugin clock
2025-10-08 14:32:23,737 [INFO] PluginManage:359 - Loaded plugin clock (category:base,tabindex:2)
2025-10-08 14:32:23,737 [INFO] PluginManage:310 - Check plugin ddr
2025-10-08 14:32:23,742 [INFO] PluginManage:359 - Loaded plugin ddr (category:tool,tabindex:6)
2025-10-08 14:32:23,744 [INFO] PluginManage:310 - Check plugin filemanager
2025-10-08 14:32:24,055 [INFO] PluginManage:359 - Loaded plugin filemanager (category:base,tabindex:10)
2025-10-08 14:32:24,055 [INFO] PluginManage:310 - Check plugin ipmanager
2025-10-08 14:32:24,064 [INFO] PluginManage:359 - Loaded plugin ipmanager (category:base,tabindex:5)
2025-10-08 14:32:24,064 [INFO] PluginManage:310 - Check plugin lpbam
2025-10-08 14:32:24,076 [INFO] PluginManage:359 - Loaded plugin lpbam (category:base,tabindex:0)
2025-10-08 14:32:24,076 [INFO] PluginManage:310 - Check plugin memorymap
2025-10-08 14:32:24,096 [INFO] PluginManage:359 - Loaded plugin memorymap (category:base,tabindex:4)
2025-10-08 14:32:24,097 [INFO] PluginManage:310 - Check plugin pinoutandconfiguration
2025-10-08 14:32:24,120 [INFO] PluginManage:359 - Loaded plugin pinoutandconfiguration (category:base,tabindex:1)
2025-10-08 14:32:24,120 [INFO] PluginManage:310 - Check plugin pinoutconfig
2025-10-08 14:32:24,298 [WARN] SupportedApi:132 - Cannot load RTOS API schema: s4s-elt-must-match.1: The content of 'definitions' must match (annotation?, (simpleType | complexType)?, (unique | key | keyref)*)). A problem was found starting at: attribute.
2025-10-08 14:32:24,550 [INFO] PluginManage:359 - Loaded plugin pinoutconfig (category:base,tabindex:0)
2025-10-08 14:32:24,550 [INFO] PluginManage:310 - Check plugin power
2025-10-08 14:32:24,568 [INFO] PluginManage:359 - Loaded plugin power (category:power,tabindex:4)
2025-10-08 14:32:24,569 [INFO] PluginManage:310 - Check plugin projectmanager
2025-10-08 14:32:24,600 [INFO] PluginManage:359 - Loaded plugin projectmanager (category:projectmanager,tabindex:4)
2025-10-08 14:32:24,600 [INFO] PluginManage:310 - Check plugin rif
2025-10-08 14:32:24,615 [INFO] PluginManage:359 - Loaded plugin rif (category:base,tabindex:3)
2025-10-08 14:32:24,616 [INFO] PluginManage:310 - Check plugin thirdparty
2025-10-08 14:32:24,834 [INFO] PluginManage:359 - Loaded plugin thirdparty (category:base,tabindex:-1)
2025-10-08 14:32:24,833 [WARN] IntegrityCheckThread:84 - waiting for thirdparty lock release [integrity check]
2025-10-08 14:32:24,834 [INFO] PluginManage:310 - Check plugin tools
2025-10-08 14:32:24,834 [INFO] IntegrityCheckThread:86 - entering critical section [integrity check]
2025-10-08 14:32:24,835 [INFO] ThirdPartyUpdaterWithRetryManager:70 - Updater plugin not ready yet. [1/15]
2025-10-08 14:32:24,839 [INFO] PluginManage:359 - Loaded plugin tools (category:base,tabindex:7)
2025-10-08 14:32:24,839 [INFO] PluginManage:310 - Check plugin tutovideos
2025-10-08 14:32:25,086 [INFO] PluginManage:359 - Loaded plugin tutovideos (category:base,tabindex:-1)
2025-10-08 14:32:25,087 [INFO] PluginManage:310 - Check plugin updater
2025-10-08 14:32:25,120 [INFO] PluginManage:359 - Loaded plugin updater (category:base,tabindex:12)
2025-10-08 14:32:25,120 [INFO] PluginManage:310 - Check plugin userauth
2025-10-08 14:32:25,125 [INFO] UserAuth:118 - Init User Auth plugin
2025-10-08 14:32:25,126 [INFO] PluginManage:359 - Loaded plugin userauth (category:base,tabindex:14)
2025-10-08 14:32:25,127 [INFO] PluginManage:283 - PluginManage : Loaded plugins [18]
2025-10-08 14:32:25,411 [INFO] PinOutPanel:1589 - setPackage(No Configuration,No Configuration)
2025-10-08 14:32:25,536 [INFO] CADModel:165 - CPN selected for project level
2025-10-08 14:32:25,536 [INFO] CADModel:114 - Register for checkConnection events
2025-10-08 14:32:25,569 [INFO] IPUIPlugin:80 - create IPUIPlugin
2025-10-08 14:32:25,570 [INFO] PluginManager:220 - loadIPPluginJar : add adc
2025-10-08 14:32:25,576 [INFO] IPUIPlugin:80 - create IPUIPlugin
2025-10-08 14:32:25,576 [INFO] PluginManager:220 - loadIPPluginJar : add aes
2025-10-08 14:32:25,583 [INFO] IPUIPlugin:80 - create IPUIPlugin
2025-10-08 14:32:25,583 [INFO] PluginManager:220 - loadIPPluginJar : add can
2025-10-08 14:32:25,588 [INFO] IPUIPlugin:80 - create IPUIPlugin
2025-10-08 14:32:25,588 [INFO] PluginManager:220 - loadIPPluginJar : add comp
2025-10-08 14:32:25,593 [INFO] IPUIPlugin:80 - create IPUIPlugin
2025-10-08 14:32:25,594 [INFO] PluginManager:220 - loadIPPluginJar : add cryp
2025-10-08 14:32:25,601 [INFO] IPUIPlugin:80 - create IPUIPlugin
2025-10-08 14:32:25,601 [INFO] PluginManager:220 - loadIPPluginJar : add ddr_ctrl_phy
2025-10-08 14:32:25,608 [INFO] IPUIPlugin:80 - create IPUIPlugin
2025-10-08 14:32:25,609 [INFO] PluginManager:220 - loadIPPluginJar : add dfsdm
2025-10-08 14:32:25,620 [INFO] IPUIPlugin:80 - create IPUIPlugin
2025-10-08 14:32:25,621 [INFO] PluginManager:220 - loadIPPluginJar : add dma
2025-10-08 14:32:25,627 [INFO] IPUIPlugin:80 - create IPUIPlugin
2025-10-08 14:32:25,628 [INFO] PluginManager:220 - loadIPPluginJar : add dma3
2025-10-08 14:32:25,634 [INFO] IPUIPlugin:80 - create IPUIPlugin
2025-10-08 14:32:25,634 [INFO] PluginManager:220 - loadIPPluginJar : add extmemmanager
2025-10-08 14:32:25,639 [INFO] IPUIPlugin:80 - create IPUIPlugin
2025-10-08 14:32:25,639 [INFO] PluginManager:220 - loadIPPluginJar : add fatfs
2025-10-08 14:32:25,649 [INFO] IPUIPlugin:80 - create IPUIPlugin
2025-10-08 14:32:25,649 [INFO] PluginManager:220 - loadIPPluginJar : add fmc
2025-10-08 14:32:25,661 [INFO] IPUIPlugin:80 - create IPUIPlugin
2025-10-08 14:32:25,662 [INFO] PluginManager:220 - loadIPPluginJar : add freertos
2025-10-08 14:32:25,666 [INFO] IPUIPlugin:80 - create IPUIPlugin
2025-10-08 14:32:25,667 [INFO] PluginManager:220 - loadIPPluginJar : add genericplugin
2025-10-08 14:32:25,673 [INFO] IPUIPlugin:80 - create IPUIPlugin
2025-10-08 14:32:25,673 [INFO] PluginManager:220 - loadIPPluginJar : add gfxmmu
2025-10-08 14:32:25,685 [INFO] IPUIPlugin:80 - create IPUIPlugin
2025-10-08 14:32:25,685 [INFO] PluginManager:220 - loadIPPluginJar : add gic
2025-10-08 14:32:25,698 [INFO] IPUIPlugin:80 - create IPUIPlugin
2025-10-08 14:32:25,699 [INFO] PluginManager:220 - loadIPPluginJar : add gpio
2025-10-08 14:32:25,708 [INFO] IPUIPlugin:80 - create IPUIPlugin
2025-10-08 14:32:25,708 [INFO] PluginManager:220 - loadIPPluginJar : add gtzc
2025-10-08 14:32:25,715 [INFO] IPUIPlugin:80 - create IPUIPlugin
2025-10-08 14:32:25,715 [INFO] PluginManager:220 - loadIPPluginJar : add hash
2025-10-08 14:32:25,722 [INFO] IPUIPlugin:80 - create IPUIPlugin
2025-10-08 14:32:25,722 [INFO] PluginManager:220 - loadIPPluginJar : add i2c
2025-10-08 14:32:25,729 [INFO] IPUIPlugin:80 - create IPUIPlugin
2025-10-08 14:32:25,729 [INFO] PluginManager:220 - loadIPPluginJar : add i2s
2025-10-08 14:32:25,737 [INFO] IPUIPlugin:80 - create IPUIPlugin
2025-10-08 14:32:25,737 [INFO] PluginManager:220 - loadIPPluginJar : add i3c
2025-10-08 14:32:25,744 [INFO] IPUIPlugin:80 - create IPUIPlugin
2025-10-08 14:32:25,745 [INFO] PluginManager:220 - loadIPPluginJar : add ipddr
2025-10-08 14:32:25,759 [INFO] IPUIPlugin:80 - create IPUIPlugin
2025-10-08 14:32:25,760 [INFO] PluginManager:220 - loadIPPluginJar : add linkedlist
2025-10-08 14:32:25,768 [INFO] IPUIPlugin:80 - create IPUIPlugin
2025-10-08 14:32:25,768 [INFO] PluginManager:220 - loadIPPluginJar : add lorawan
2025-10-08 14:32:25,771 [INFO] IPUIPlugin:80 - create IPUIPlugin
2025-10-08 14:32:25,771 [INFO] PluginManager:220 - loadIPPluginJar : add ltdc
2025-10-08 14:32:25,780 [INFO] IPUIPlugin:80 - create IPUIPlugin
2025-10-08 14:32:25,780 [INFO] PluginManager:220 - loadIPPluginJar : add mdma
2025-10-08 14:32:25,787 [INFO] IPUIPlugin:80 - create IPUIPlugin
2025-10-08 14:32:25,788 [INFO] PluginManager:220 - loadIPPluginJar : add nvic
2025-10-08 14:32:25,793 [INFO] IPUIPlugin:80 - create IPUIPlugin
2025-10-08 14:32:25,793 [INFO] PluginManager:220 - loadIPPluginJar : add opamp
2025-10-08 14:32:25,800 [INFO] IPUIPlugin:80 - create IPUIPlugin
2025-10-08 14:32:25,800 [INFO] PluginManager:220 - loadIPPluginJar : add openamp
2025-10-08 14:32:25,808 [INFO] IPUIPlugin:80 - create IPUIPlugin
2025-10-08 14:32:25,809 [INFO] PluginManager:220 - loadIPPluginJar : add pdm2pcm
2025-10-08 14:32:25,818 [INFO] IPUIPlugin:80 - create IPUIPlugin
2025-10-08 14:32:25,822 [INFO] PluginManager:220 - loadIPPluginJar : add plateformsettings
2025-10-08 14:32:25,826 [INFO] IPUIPlugin:80 - create IPUIPlugin
2025-10-08 14:32:25,827 [INFO] PluginManager:220 - loadIPPluginJar : add quadspi
2025-10-08 14:32:25,831 [INFO] IPUIPlugin:80 - create IPUIPlugin
2025-10-08 14:32:25,833 [INFO] PluginManager:220 - loadIPPluginJar : add radio
2025-10-08 14:32:25,840 [INFO] IPUIPlugin:80 - create IPUIPlugin
2025-10-08 14:32:25,840 [INFO] PluginManager:220 - loadIPPluginJar : add resmgrutility
2025-10-08 14:32:25,848 [INFO] IPUIPlugin:80 - create IPUIPlugin
2025-10-08 14:32:25,848 [INFO] PluginManager:220 - loadIPPluginJar : add sai
2025-10-08 14:32:25,855 [INFO] IPUIPlugin:80 - create IPUIPlugin
2025-10-08 14:32:25,855 [INFO] PluginManager:220 - loadIPPluginJar : add spi
2025-10-08 14:32:25,871 [INFO] IPUIPlugin:80 - create IPUIPlugin
2025-10-08 14:32:25,871 [INFO] PluginManager:220 - loadIPPluginJar : add stm32_wpan
2025-10-08 14:32:25,876 [INFO] IPUIPlugin:80 - create IPUIPlugin
2025-10-08 14:32:25,876 [INFO] PluginManager:220 - loadIPPluginJar : add tim
2025-10-08 14:32:25,885 [INFO] IPUIPlugin:80 - create IPUIPlugin
2025-10-08 14:32:25,886 [INFO] PluginManager:220 - loadIPPluginJar : add touchsensing
2025-10-08 14:32:25,891 [INFO] IPUIPlugin:80 - create IPUIPlugin
2025-10-08 14:32:25,891 [INFO] PluginManager:220 - loadIPPluginJar : add tracer_emb
2025-10-08 14:32:25,899 [INFO] IPUIPlugin:80 - create IPUIPlugin
2025-10-08 14:32:25,899 [INFO] PluginManager:220 - loadIPPluginJar : add ts
2025-10-08 14:32:25,903 [INFO] IPUIPlugin:80 - create IPUIPlugin
2025-10-08 14:32:25,904 [INFO] PluginManager:220 - loadIPPluginJar : add tsc
2025-10-08 14:32:25,909 [INFO] IPUIPlugin:80 - create IPUIPlugin
2025-10-08 14:32:25,910 [INFO] PluginManager:220 - loadIPPluginJar : add ucpd
2025-10-08 14:32:25,918 [INFO] IPUIPlugin:80 - create IPUIPlugin
2025-10-08 14:32:25,918 [INFO] PluginManager:220 - loadIPPluginJar : add usart
2025-10-08 14:32:25,928 [INFO] IPUIPlugin:80 - create IPUIPlugin
2025-10-08 14:32:25,928 [INFO] PluginManager:220 - loadIPPluginJar : add usbx
2025-10-08 14:32:26,119 [FATAL] Updater:351 - Updater called before beeing initialized
2025-10-08 14:32:26,175 [INFO] RulesReader:64 - Compatibility file has been processed (317 Rules)
2025-10-08 14:32:26,201 [INFO] RulesReader:64 - Compatibility file has been processed (317 Rules)
2025-10-08 14:32:26,233 [INFO] CADModel:165 - CPN selected for project level
2025-10-08 14:32:26,233 [INFO] CADModel:114 - Register for checkConnection events
2025-10-08 14:32:26,234 [FATAL] Updater:351 - Updater called before beeing initialized
2025-10-08 14:32:26,234 [ERROR] CADModel:125 - Updater not yet initialized, retry later 
2025-10-08 14:32:26,554 [FATAL] Updater:351 - Updater called before beeing initialized
2025-10-08 14:32:26,558 [INFO] CADModel:165 - CPN selected for project level
2025-10-08 14:32:26,558 [INFO] CADModel:114 - Register for checkConnection events
2025-10-08 14:32:26,558 [FATAL] Updater:351 - Updater called before beeing initialized
2025-10-08 14:32:26,558 [ERROR] CADModel:125 - Updater not yet initialized, retry later 
2025-10-08 14:32:26,567 [FATAL] Updater:351 - Updater called before beeing initialized
2025-10-08 14:32:26,870 [FATAL] Updater:351 - Updater called before beeing initialized
2025-10-08 14:32:26,901 [INFO] DbMcusAds:53 - JSON generation date=Thu Oct 02 11:36:04 CEST 2025 (1759397764907)
2025-10-08 14:32:26,902 [FATAL] Updater:351 - Updater called before beeing initialized
2025-10-08 14:32:27,012 [WARN] DetailPanel:346 - Failed to get advertising image, set to default
2025-10-08 14:32:27,142 [FATAL] Updater:351 - Updater called before beeing initialized
2025-10-08 14:32:27,145 [FATAL] Updater:351 - Updater called before beeing initialized
2025-10-08 14:32:27,145 [FATAL] Updater:351 - Updater called before beeing initialized
2025-10-08 14:32:27,147 [WARN] DetailPanel:346 - Failed to get advertising image, set to default
2025-10-08 14:32:27,148 [FATAL] Updater:351 - Updater called before beeing initialized
2025-10-08 14:32:27,249 [ERROR] Updater:1198 - MainUpdater not yet initialized. External WinMGr cannot be set.
2025-10-08 14:32:27,252 [INFO] Updater:1134 - Updater Version found : 6.15.0
2025-10-08 14:32:27,281 [INFO] ApplicationProperties:184 - Using Application install path: C:\ST\STM32CubeIDE_1.19.0\STM32CubeIDE\plugins\com.st.stm32cube.common.mx_6.15.0.202507011659
2025-10-08 14:32:27,836 [INFO] ThirdPartyUpdaterWithRetryManager:70 - Updater plugin not ready yet. [2/15]
2025-10-08 14:32:28,870 [ERROR] LogOutputStream:75 - [STDERR_REDIRECT] Oct 08, 2025 2:32:28 PM java.util.prefs.WindowsPreferences <init>
2025-10-08 14:32:28,871 [ERROR] LogOutputStream:75 - [STDERR_REDIRECT] WARNING: Could not open/create prefs root node Software\JavaSoft\Prefs at root 0xffffffff80000002. Windows RegCreateKeyEx(...) returned error code 5.
2025-10-08 14:32:28,872 [ERROR] LogOutputStream:75 - [STDERR_REDIRECT] 
2025-10-08 14:32:29,286 [INFO] MainUpdater:2872 - connection check result : 10
2025-10-08 14:32:29,287 [INFO] MainUpdater:3604 - Updater definition file requires update
2025-10-08 14:32:29,288 [INFO] MainUpdater:289 - Updater Check For Update Now.
2025-10-08 14:32:29,288 [INFO] MicroXplorer:498 - Change Database Version : DB.6.0.150
2025-10-08 14:32:29,296 [INFO] McuFinderGlobals:63 - Set McuFinder mode to 2 (CubeIDE integrated)
2025-10-08 14:32:29,297 [INFO] UserAuth:487 - Internet connection configuration mode: 1
2025-10-08 14:32:29,319 [INFO] ServerAccessManage:452 - Complete download http(s) 200
2025-10-08 14:32:29,320 [INFO] ServerAccessManage:509 - Download File updaters.zip
2025-10-08 14:32:29,323 [INFO] JxBrowserEngine:152 - Initiate JxBrowser Engine with user profile folder
2025-10-08 14:32:29,581 [INFO] FileExtend:248 - Unzip File : updaters.zip
2025-10-08 14:32:29,582 [INFO] FileExtend:263 - Standard Zip Deflate
2025-10-08 14:32:30,118 [INFO] ServerAccessManage:452 - Complete download http(s) 200
2025-10-08 14:32:30,118 [INFO] ServerAccessManage:509 - Download File PacksControlFlags.xml
2025-10-08 14:32:30,196 [INFO] ServerAccessManage:452 - Complete download http(s) 200
2025-10-08 14:32:30,196 [INFO] ServerAccessManage:509 - Download File cubemx.pidx
2025-10-08 14:32:30,397 [INFO] LoadServerUpdatesThread:375 - End of LoadServerUpdate Thread
2025-10-08 14:32:30,631 [INFO] CheckServerUpdateThread:120 - End of CheckServer Thread
2025-10-08 14:32:31,256 [WARN] PackLoader:240 - Cannot read IP mode file for STMicroelectronics.FP-SNS-MOTENVWB1.1.4.0
2025-10-08 14:32:31,270 [WARN] PackLoader:240 - Cannot read IP mode file for STMicroelectronics.FP-ATR-ASTRA1.2.0.2
2025-10-08 14:32:31,281 [WARN] PackLoader:240 - Cannot read IP mode file for STMicroelectronics.X-CUBE-SMBUS.2.1.0
2025-10-08 14:32:31,287 [WARN] PackLoader:240 - Cannot read IP mode file for STMicroelectronics.X-CUBE-ST60.1.0.0
2025-10-08 14:32:31,345 [WARN] PackLoader:240 - Cannot read IP mode file for STMicroelectronics.X-CUBE-AZRTOS-F7.1.1.0
2025-10-08 14:32:31,467 [WARN] PackLoader:240 - Cannot read IP mode file for WES.I-CUBE-Cesium.1.4.0
2025-10-08 14:32:31,538 [WARN] PackLoader:240 - Cannot read IP mode file for Infineon.AIROC-Wi-Fi-Bluetooth-STM32.1.7.1
2025-10-08 14:32:31,641 [WARN] PackLoader:240 - Cannot read IP mode file for STMicroelectronics.X-CUBE-AZRTOS-H7.3.4.0
2025-10-08 14:32:31,672 [WARN] PackLoader:240 - Cannot read IP mode file for STMicroelectronics.X-CUBE-DISPLAY.3.0.0
2025-10-08 14:32:31,705 [WARN] PackLoader:240 - Cannot read IP mode file for STMicroelectronics.X-CUBE-NFC10.1.0.0
2025-10-08 14:32:31,733 [WARN] PackLoader:240 - Cannot read IP mode file for emotas.I-CUBE-CANOPEN.1.3.0
2025-10-08 14:32:31,754 [WARN] PackLoader:240 - Cannot read IP mode file for STMicroelectronics.FP-SNS-STBOX1.2.1.0
2025-10-08 14:32:31,773 [WARN] PackLoader:240 - Cannot read IP mode file for STMicroelectronics.FP-SNS-SMARTAG2.1.2.0
2025-10-08 14:32:31,788 [WARN] PackLoader:240 - Cannot read IP mode file for STMicroelectronics.FP-SNS-FLIGHT1.5.1.0
2025-10-08 14:32:31,810 [INFO] LogOutputStream:77 - [STDOUT_REDIRECT] 1 : Invalid condition id : UX_CORESTACK_Condition cause : null
2025-10-08 14:32:31,813 [INFO] LogOutputStream:77 - [STDOUT_REDIRECT] 1 : Invalid condition id : UX_CORESTACK_Condition cause : null
2025-10-08 14:32:31,817 [INFO] LogOutputStream:77 - [STDOUT_REDIRECT] 1 : Invalid condition id : UX_CORESTACK_Condition cause : null
2025-10-08 14:32:31,821 [INFO] LogOutputStream:77 - [STDOUT_REDIRECT] 1 : Invalid condition id : UX_CORESTACK_Condition cause : null
2025-10-08 14:32:31,823 [INFO] LogOutputStream:77 - [STDOUT_REDIRECT] 1 : Invalid condition id : UX_CORESTACK_Condition cause : null
2025-10-08 14:32:31,831 [WARN] PackLoader:240 - Cannot read IP mode file for STMicroelectronics.X-CUBE-AZRTOS-WL.2.0.0
2025-10-08 14:32:31,845 [WARN] PackLoader:240 - Cannot read IP mode file for STMicroelectronics.FP-SNS-MOTENV1.5.0.0
2025-10-08 14:32:31,862 [WARN] PackLoader:240 - Cannot read IP mode file for STMicroelectronics.X-CUBE-BLE2.3.3.0
2025-10-08 14:32:31,880 [WARN] PackLoader:240 - Cannot read IP mode file for STMicroelectronics.X-CUBE-NFC9.1.0.0
2025-10-08 14:32:31,899 [WARN] PackLoader:240 - Cannot read IP mode file for wolfSSL.I-CUBE-wolfSSL.5.8.2
2025-10-08 14:32:31,911 [WARN] PackLoader:240 - Cannot read IP mode file for STMicroelectronics.X-CUBE-BLE1.7.1.0
2025-10-08 14:32:31,922 [WARN] PackLoader:240 - Cannot read IP mode file for wolfSSL.I-CUBE-wolfMQTT.1.19.2
2025-10-08 14:32:31,947 [WARN] PackLoader:240 - Cannot read IP mode file for STMicroelectronics.X-CUBE-EEPRMA1.5.2.0
2025-10-08 14:32:32,190 [WARN] PackLoader:240 - Cannot read IP mode file for STMicroelectronics.X-CUBE-AZRTOS-G0.1.1.0
2025-10-08 14:32:32,301 [WARN] PackLoader:240 - Cannot read IP mode file for STMicroelectronics.X-CUBE-SAFEA1.1.2.2
2025-10-08 14:32:32,358 [WARN] PackLoader:240 - Cannot read IP mode file for STMicroelectronics.X-CUBE-NFC4.3.0.0
2025-10-08 14:32:32,420 [WARN] PackLoader:240 - Cannot read IP mode file for EmbeddedOffice.I-CUBE-FS-RTOS.1.0.1
2025-10-08 14:32:32,455 [WARN] PackLoader:240 - Cannot read IP mode file for STMicroelectronics.X-CUBE-WB05N.2.0.0
2025-10-08 14:32:32,483 [WARN] PackLoader:240 - Cannot read IP mode file for wolfSSL.I-CUBE-wolfTPM.3.8.0
2025-10-08 14:32:32,511 [WARN] PackLoader:240 - Cannot read IP mode file for STMicroelectronics.X-CUBE-TCPP.4.2.0
2025-10-08 14:32:32,543 [WARN] PackLoader:240 - Cannot read IP mode file for RealThread.X-CUBE-RT-Thread_Nano.4.1.1
2025-10-08 14:32:32,561 [WARN] PackLoader:240 - Cannot read IP mode file for STMicroelectronics.FP-ATR-SIGFOX1.3.2.0
2025-10-08 14:32:32,586 [WARN] PackLoader:240 - Cannot read IP mode file for ITTIA_DB.I-CUBE-ITTIADB.8.9.0
2025-10-08 14:32:32,608 [WARN] PackLoader:240 - Cannot read IP mode file for STMicroelectronics.X-CUBE-ST67W61.1.0.0
2025-10-08 14:32:32,624 [WARN] PackLoader:240 - Cannot read IP mode file for STMicroelectronics.X-CUBE-AI.10.2.0
2025-10-08 14:32:32,737 [WARN] PackLoader:240 - Cannot read IP mode file for SEGGER.I-CUBE-embOS.1.3.1
2025-10-08 14:32:32,862 [WARN] PackLoader:240 - Cannot read IP mode file for STMicroelectronics.X-CUBE-ALGOBUILD.1.4.0
2025-10-08 14:32:32,994 [WARN] PackLoader:240 - Cannot read IP mode file for STMicroelectronics.X-CUBE-MEMS1.11.3.0
2025-10-08 14:32:33,312 [WARN] PackLoader:240 - Cannot read IP mode file for STMicroelectronics.X-CUBE-PM33A1.1.0.0
2025-10-08 14:32:33,357 [WARN] PackLoader:240 - Cannot read IP mode file for STMicroelectronics.X-CUBE-AZRTOS-F4.1.1.0
2025-10-08 14:32:33,384 [WARN] PackLoader:240 - Cannot read IP mode file for Avnet-IotConnect.X-CUBE-IoTC-DA16k-PMOD.1.0.0
2025-10-08 14:32:33,401 [WARN] PackLoader:240 - Cannot read IP mode file for STMicroelectronics.X-CUBE-ISPU.2.1.0
2025-10-08 14:32:33,430 [WARN] PackLoader:240 - Cannot read IP mode file for STMicroelectronics.X-CUBE-NFC12.1.0.0
2025-10-08 14:32:33,481 [WARN] PackLoader:240 - Cannot read IP mode file for STMicroelectronics.X-CUBE-AZRTOS-L5.2.0.0
2025-10-08 14:32:33,514 [WARN] PackLoader:240 - Cannot read IP mode file for STMicroelectronics.X-CUBE-NFC6.3.1.0
2025-10-08 14:32:33,547 [WARN] PackLoader:240 - Cannot read IP mode file for STMicroelectronics.X-CUBE-FREERTOS.1.3.1
2025-10-08 14:32:33,569 [WARN] PackLoader:240 - Cannot read IP mode file for STMicroelectronics.X-CUBE-TOUCHGFX.4.26.0
2025-10-08 14:32:33,598 [WARN] PackLoader:240 - Cannot read IP mode file for STMicroelectronics.FP-SNS-STAIOTCFT.1.0.0
2025-10-08 14:32:33,624 [WARN] PackLoader:240 - Cannot read IP mode file for STMicroelectronics.X-CUBE-DPower.1.3.0
2025-10-08 14:32:33,699 [WARN] ConditionMgr:438 - getConditionDescription Invalid condition id : LAN8742 Phy interface Condition cause : null
2025-10-08 14:32:33,701 [WARN] PackLoader:240 - Cannot read IP mode file for STMicroelectronics.X-CUBE-AZRTOS-L4.2.0.0
2025-10-08 14:32:33,705 [WARN] ConditionMgr:1044 - genDependencies : Invalid condition id : LAN8742 Phy interface Condition cause : null
2025-10-08 14:32:33,706 [WARN] ConditionMgr:1044 - genDependencies : Invalid condition id : LAN8742 Phy interface Condition cause : null
2025-10-08 14:32:33,708 [WARN] ConditionMgr:1044 - genDependencies : Invalid condition id : LAN8742 Phy interface Condition cause : null
2025-10-08 14:32:33,740 [WARN] PackLoader:240 - Cannot read IP mode file for STMicroelectronics.X-CUBE-SFXS2LP1.4.0.0
2025-10-08 14:32:33,755 [INFO] WebApp:169 - Instantiating new browser for Auth
2025-10-08 14:32:33,768 [WARN] PackLoader:240 - Cannot read IP mode file for STMicroelectronics.X-CUBE-BLEMGR.4.1.0
2025-10-08 14:32:33,808 [WARN] ConditionMgr:438 - getConditionDescription Invalid condition id : UX DEVICE CLASS RTOS Condition cause : null
2025-10-08 14:32:33,809 [WARN] ConditionMgr:438 - getConditionDescription Invalid condition id : UX DEVICE CLASS RTOS Condition cause : null
2025-10-08 14:32:33,820 [WARN] PackLoader:240 - Cannot read IP mode file for STMicroelectronics.X-CUBE-AZRTOS-WB.2.0.0
2025-10-08 14:32:33,825 [WARN] ConditionMgr:1044 - genDependencies : Invalid condition id : UX DEVICE CLASS RTOS Condition cause : null
2025-10-08 14:32:33,826 [WARN] ConditionMgr:1044 - genDependencies : Invalid condition id : UX DEVICE CLASS RTOS Condition cause : null
2025-10-08 14:32:33,839 [WARN] ConditionMgr:1044 - genDependencies : Invalid condition id : UX DEVICE CLASS RTOS Condition cause : null
2025-10-08 14:32:33,844 [WARN] ConditionMgr:1044 - genDependencies : Invalid condition id : UX DEVICE CLASS RTOS Condition cause : null
2025-10-08 14:32:33,849 [WARN] ConditionMgr:1044 - genDependencies : Invalid condition id : UX DEVICE CLASS RTOS Condition cause : null
2025-10-08 14:32:33,967 [WARN] PackLoader:240 - Cannot read IP mode file for STMicroelectronics.X-CUBE-GNSS1.7.0.1
2025-10-08 14:32:33,995 [WARN] PackLoader:240 - Cannot read IP mode file for STMicroelectronics.X-CUBE-TOUCHGFX.4.25.0
2025-10-08 14:32:34,022 [WARN] ConditionMgr:438 - getConditionDescription Invalid condition id : Cortex-A Device cause : null
2025-10-08 14:32:34,077 [WARN] ConditionMgr:1044 - genDependencies : Invalid condition id : Cortex-A Device cause : null
2025-10-08 14:32:34,077 [WARN] ConditionMgr:1044 - genDependencies : Invalid condition id : Cortex-A Device cause : null
2025-10-08 14:32:34,078 [WARN] ConditionMgr:1044 - genDependencies : Invalid condition id : Cortex-A Device cause : null
2025-10-08 14:32:34,127 [WARN] PackLoader:240 - Cannot read IP mode file for STMicroelectronics.X-CUBE-SUBG2.5.0.0
2025-10-08 14:32:34,233 [WARN] PackLoader:240 - Cannot read IP mode file for STMicroelectronics.X-CUBE-AZRTOS-H7RS.1.1.0
2025-10-08 14:32:34,268 [WARN] PackLoader:240 - Cannot read IP mode file for Cesanta.I-CUBE-Mongoose.7.13.0
2025-10-08 14:32:34,328 [WARN] PackLoader:240 - Cannot read IP mode file for STMicroelectronics.X-CUBE-AZRTOS-G4.2.0.0
2025-10-08 14:32:34,355 [WARN] PackLoader:240 - Cannot read IP mode file for wolfSSL.I-CUBE-wolfSSH.1.4.20
2025-10-08 14:32:34,372 [WARN] PackLoader:240 - Cannot read IP mode file for STMicroelectronics.X-CUBE-NFC7.2.0.0
2025-10-08 14:32:34,416 [WARN] PackLoader:240 - Cannot read IP mode file for STMicroelectronics.X-CUBE-IPS.3.1.0
2025-10-08 14:32:34,449 [WARN] PackLoader:240 - Cannot read IP mode file for STMicroelectronics.X-CUBE-ALS.1.0.2
2025-10-08 14:32:34,477 [WARN] PackLoader:240 - Cannot read IP mode file for STMicroelectronics.X-CUBE-STSE01.1.0.0
2025-10-08 14:32:34,514 [WARN] PackLoader:240 - Cannot read IP mode file for STMicroelectronics.X-CUBE-TOF1.3.4.3
2025-10-08 14:32:34,542 [INFO] ThirdParty:978 - Integrity check success = true
2025-10-08 14:32:34,542 [INFO] IntegrityCheckThread:100 - exiting critical section [integrity check]
2025-10-08 14:32:34,542 [INFO] IntegrityCheckThread:103 - End integrity checks thread
2025-10-08 14:32:36,281 [INFO] WebApp:463 - Apply proxy settings
2025-10-08 14:32:36,282 [INFO] WebApp:548 - Chromium requires no authentication
2025-10-08 14:32:36,309 [INFO] WebApp:491 - Direct internet connection detected
2025-10-08 14:32:36,372 [INFO] WebApp:900 - Register for checkConnection events
2025-10-08 14:32:36,373 [INFO] WebApp:463 - Apply proxy settings
2025-10-08 14:32:36,373 [INFO] WebApp:548 - Chromium requires no authentication
2025-10-08 14:32:36,375 [INFO] WebApp:491 - Direct internet connection detected
2025-10-08 14:32:36,644 [INFO] WebApp:191 - Connection restablished
2025-10-08 14:32:37,242 [INFO] WebApp:225 - Starting web application
2025-10-08 14:32:37,243 [INFO] WebApp:593 - Web application path used C:\ST\STM32CubeIDE_1.19.0\STM32CubeIDE\plugins\com.st.stm32cube.common.mx_6.15.0.202507011659\db\plugins\mcufinder\reactClient1\index.html
2025-10-08 14:32:37,881 [INFO] UserAuth:487 - Internet connection configuration mode: 1
2025-10-08 14:59:06,643 [INFO] McuFinderGlobals:63 - Set McuFinder mode to 2 (CubeIDE integrated)
2025-10-08 14:59:06,650 [INFO] MainUpdater:2872 - connection check result : 10
2025-10-08 14:59:06,651 [INFO] MainUpdater:2872 - connection check result : 10
2025-10-08 14:59:06,704 [INFO] MicroXplorer:468 - Change Database Path : 
2025-10-08 14:59:06,704 [INFO] MicroXplorer:498 - Change Database Version : DB.6.0.150
2025-10-08 14:59:06,715 [WARN] ThirdParty:871 - waiting for thirdparty lock release [close project]
2025-10-08 14:59:06,715 [INFO] ThirdParty:873 - entering critical section [close project]
2025-10-08 14:59:06,716 [INFO] ThirdParty:883 - exiting critical section [close project]
2025-10-08 14:59:06,718 [INFO] PinOutPanel:1589 - setPackage(No Configuration,No Configuration)
2025-10-08 14:59:06,719 [INFO] UtilMem:75 - Begin LoadConfig() Used Memory: 625263152 Bytes (880803840)
2025-10-08 14:59:06,720 [INFO] MicroXplorer:468 - Change Database Path : 
2025-10-08 14:59:06,720 [INFO] MicroXplorer:498 - Change Database Version : DB.6.0.150
2025-10-08 14:59:06,720 [INFO] OpenFileManager:355 - Change cursor
2025-10-08 14:59:06,751 [INFO] Mcu:2029 - Initializing MCU STM32L433RCTxP STM32L433RCTxP STM32L433RCT6P
2025-10-08 14:59:11,518 [INFO] Context:786 - Trying to add GPIOservice into a context  which must be forbidden
2025-10-08 14:59:13,114 [INFO] ImportTextPane:234 - (OptionalMessage_ERROR) Pin19 (VP_RIF_VS_RIF1) cannot be retrieved for this MCU
2025-10-08 14:59:13,486 [INFO] RtosManager:558 - Registered RTOS mode: class=CMSIS, group=RTOS, mode=CMSIS_V1, owner=FREERTOS
2025-10-08 14:59:13,487 [INFO] RtosManager:558 - Registered RTOS mode: class=CMSIS, group=RTOS2, mode=CMSIS_V2, owner=FREERTOS
2025-10-08 14:59:13,487 [INFO] RtosManager:558 - Registered RTOS mode: class=RTOS, group=Core, mode=CMSIS_V1, owner=FREERTOS
2025-10-08 14:59:13,488 [INFO] RtosManager:558 - Registered RTOS mode: class=RTOS, group=Core, mode=CMSIS_V2, owner=FREERTOS
2025-10-08 14:59:13,488 [WARN] ModelIntegratedComponent:184 - Missing modes for component STMicroelectronics:FreeRTOS:0.0.1:STMicroelectronics:RTOS:FreeRTOS:Core:::10.2.0:
2025-10-08 14:59:13,547 [WARN] ModelIntegratedComponent:63 - No mode defined for component null
2025-10-08 14:59:13,548 [WARN] ModelIntegratedComponent:63 - No mode defined for component null
2025-10-08 14:59:13,548 [WARN] ModelIntegratedComponent:63 - No mode defined for component null
2025-10-08 14:59:13,548 [WARN] ModelIntegratedComponent:63 - No mode defined for component null
2025-10-08 14:59:13,548 [WARN] ModelIntegratedComponent:63 - No mode defined for component null
2025-10-08 14:59:13,548 [WARN] ModelIntegratedComponent:63 - No mode defined for component null
2025-10-08 14:59:13,548 [WARN] ModelIntegratedComponent:63 - No mode defined for component null
2025-10-08 14:59:13,548 [WARN] ModelIntegratedComponent:63 - No mode defined for component null
2025-10-08 14:59:13,548 [WARN] ModelIntegratedComponent:63 - No mode defined for component null
2025-10-08 14:59:13,548 [WARN] ModelIntegratedComponent:63 - No mode defined for component null
2025-10-08 14:59:13,548 [WARN] ModelIntegratedComponent:63 - No mode defined for component null
2025-10-08 14:59:13,548 [WARN] ModelIntegratedComponent:63 - No mode defined for component null
2025-10-08 14:59:13,549 [WARN] ModelIntegratedComponent:63 - No mode defined for component null
2025-10-08 14:59:13,549 [WARN] ModelIntegratedComponent:63 - No mode defined for component null
2025-10-08 14:59:13,549 [WARN] ModelIntegratedComponent:63 - No mode defined for component null
2025-10-08 14:59:13,549 [WARN] ModelIntegratedComponent:63 - No mode defined for component null
2025-10-08 14:59:13,549 [WARN] ModelIntegratedComponent:63 - No mode defined for component null
2025-10-08 14:59:13,549 [WARN] ModelIntegratedComponent:63 - No mode defined for component null
2025-10-08 14:59:13,549 [WARN] ModelIntegratedComponent:63 - No mode defined for component null
2025-10-08 14:59:13,549 [WARN] ModelIntegratedComponent:63 - No mode defined for component null
2025-10-08 14:59:13,549 [WARN] ModelIntegratedComponent:63 - No mode defined for component null
2025-10-08 14:59:13,549 [WARN] ModelIntegratedComponent:63 - No mode defined for component null
2025-10-08 14:59:13,549 [WARN] ModelIntegratedComponent:63 - No mode defined for component null
2025-10-08 14:59:13,549 [WARN] ModelIntegratedComponent:63 - No mode defined for component null
2025-10-08 14:59:13,549 [WARN] ModelIntegratedComponent:63 - No mode defined for component null
2025-10-08 14:59:13,550 [WARN] ModelIntegratedComponent:63 - No mode defined for component null
2025-10-08 14:59:13,550 [WARN] ModelIntegratedComponent:63 - No mode defined for component null
2025-10-08 14:59:13,550 [WARN] ModelIntegratedComponent:63 - No mode defined for component null
2025-10-08 14:59:13,550 [WARN] ModelIntegratedComponent:63 - No mode defined for component null
2025-10-08 14:59:13,550 [WARN] ModelIntegratedComponent:63 - No mode defined for component null
2025-10-08 14:59:13,550 [WARN] ModelIntegratedComponent:63 - No mode defined for component null
2025-10-08 14:59:13,550 [WARN] ModelIntegratedComponent:63 - No mode defined for component null
2025-10-08 14:59:13,550 [WARN] ModelIntegratedComponent:63 - No mode defined for component null
2025-10-08 14:59:13,550 [WARN] ModelIntegratedComponent:63 - No mode defined for component null
2025-10-08 14:59:13,550 [WARN] ModelIntegratedComponent:63 - No mode defined for component null
2025-10-08 14:59:13,551 [WARN] ModelPack:524 - Component already loaded: STMicroelectronics:HAL Drivers:0.0.0:STMicroelectronics:Device:STMicro_Driver:XSPI:HAL::0.0.1:HAL_XSPI
2025-10-08 14:59:13,739 [INFO] ThirdPartyModel:298 - Start build external matchings
2025-10-08 14:59:14,565 [INFO] ThirdPartyModel:316 - End build external matchings
2025-10-08 14:59:14,583 [INFO] ImportTextPane:234 - (OptionalMessage_ERROR) IP (RCC) : Invalid parameter (FamilyName)
2025-10-08 14:59:14,583 [INFO] ImportTextPane:234 - (OptionalMessage_ERROR) IP (RCC) : Invalid parameter (I2C4Freq_Value)
2025-10-08 14:59:14,584 [INFO] ImportTextPane:234 - (OptionalMessage_ERROR) IP (RCC) : Parameter (RNGFreq_Value) has invalid value (64000000)
2025-10-08 14:59:14,584 [INFO] ImportTextPane:234 - (OptionalMessage_ERROR) IP (RCC) : Parameter (SDMMCFreq_Value) has invalid value (64000000)
2025-10-08 14:59:14,584 [INFO] ImportTextPane:234 - (OptionalMessage_ERROR) IP (RCC) : Invalid parameter (UART4Freq_Value)
2025-10-08 14:59:14,584 [INFO] ImportTextPane:234 - (OptionalMessage_ERROR) IP (RCC) : Invalid parameter (UART5Freq_Value)
2025-10-08 14:59:14,584 [INFO] ImportTextPane:234 - (OptionalMessage_ERROR) IP (RCC) : Parameter (USBFreq_Value) has invalid value (64000000)
2025-10-08 14:59:14,585 [INFO] ImportTextPane:234 - (OptionalMessage_ERROR) IP (RCC) : Invalid parameter (VCOSAI2OutputFreq_Value)
2025-10-08 14:59:15,163 [INFO] ApiDb:581 - Connected to CubeFinder SQLite database (C:\Users\samyo\.stmcufinder\plugins\mcufinder\mcu\cube-finder-db.db)
2025-10-08 14:59:15,295 [INFO] ApiDb:668 - CubeFinder database Data Model version=2.1
2025-10-08 14:59:15,295 [INFO] ApiDb:669 - CubeFinder database Configuration version=3.0.39
2025-10-08 14:59:15,299 [INFO] ApiDb:670 - CubeFinder database generation date=2025-08-25 (1756130511)
2025-10-08 14:59:15,301 [INFO] ApiDb:671 - CubeFinder database FW Pack versions=[FP-ATR-ASTRA1_V2.0.0, FP-SNS-FLIGHT1_V5.1.0, FP-SNS-MOTENV1_V5.0.0, FP-SNS-MOTENVWB1_V1.4.0, FP-SNS-SMARTAG2_V1.2.0, FP-SNS-STBOX1_V2.1.0, STM32Cube_FW_C0_V1.4.0, STM32Cube_FW_F4_V1.28.3, STM32Cube_FW_F7_V1.17.4, STM32Cube_FW_G0_V1.6.2, STM32Cube_FW_G4_V1.6.1, STM32Cube_FW_H5_V1.5.0, STM32Cube_FW_H7RS_V1.2.0, STM32Cube_FW_H7_V1.12.1, STM32Cube_FW_L0_V1.12.2, STM32Cube_FW_L4_V1.18.1, STM32Cube_FW_L5_V1.5.1, STM32Cube_FW_N6_V1.2.0, STM32Cube_FW_U0_V1.3.0, STM32Cube_FW_U3_V1.2.0, STM32Cube_FW_U5_V1.8.0, STM32Cube_FW_WB0_V1.3.0, STM32Cube_FW_WBA_V1.7.0, STM32Cube_FW_WB_V1.23.0, STM32Cube_FW_WL3_V1.2.0, STM32Cube_FW_WL_V1.3.1, X-CUBE-ALGOBUILD_V1.4.0, X-CUBE-ALS_V1.0.2, X-CUBE-AZRTOS-F4_V1.1.0, X-CUBE-AZRTOS-F7_V1.1.0, X-CUBE-AZRTOS-G0_V1.1.0, X-CUBE-AZRTOS-G4_V2.0.0, X-CUBE-AZRTOS-H7RS_V1.1.0, X-CUBE-AZRTOS-H7_V3.4.0, X-CUBE-AZRTOS-L4_V2.0.0, X-CUBE-AZRTOS-L5_V2.0.0, X-CUBE-AZRTOS-WB_V2.0.0, X-CUBE-AZRTOS-WL_V2.0.0, X-CUBE-BLE1_V7.1.0, X-CUBE-BLE2_V3.3.0, X-CUBE-BLEMGR_V4.1.0, X-CUBE-EEPRMA1_V5.2.0, X-CUBE-FREERTOS_V1.3.1, X-CUBE-GNSS1_V6.0.0, X-CUBE-MEMS1_V11.3.0, X-CUBE-NFC4_V3.0.0, X-CUBE-NFC7_V2.0.0, X-CUBE-SFXS2LP1_V4.0.0, X-CUBE-ST67W61_V1.0.0, X-CUBE-SUBG2_V5.0.0, X-CUBE-TOF1_V3.4.3]
2025-10-08 14:59:15,462 [INFO] DbBoardsSqlite:226 - include board P-NUCLEO-WB55-NUCLEO as a kit item of type 'Nucleo-64'
2025-10-08 14:59:15,463 [INFO] DbBoardsSqlite:226 - include board P-NUCLEO-WB55-USBDONGLE as a kit item of type 'Nucleo USB Dongle'
2025-10-08 14:59:15,464 [INFO] DbBoardsSqlite:226 - include board STEVAL-IDP005V1 as a kit item of type 'Evaluation Board'
2025-10-08 14:59:15,464 [INFO] DbBoardsSqlite:226 - include board STEVAL-IDP005V2 as a kit item of type 'Evaluation Board'
2025-10-08 14:59:15,926 [INFO] ApiDb:240 - Found 880 in-development CPN: [B-G473E-ZEST1S, B-WB1M-WPAN1, B-WBA5M-WPAN, B-WL5M-SUBG1, NUCLEO-C031C6, NUCLEO-C051C8, NUCLEO-C071RB, NUCLEO-C092RC, NUCLEO-H503RB, NUCLEO-H533RE, NUCLEO-H563ZI, NUCLEO-H7S3L8, NUCLEO-N657X0-Q, NUCLEO-U031R8, NUCLEO-U083RC, NUCLEO-U385RG-Q, NUCLEO-U545RE-Q, NUCLEO-U5A5ZJ-Q, NUCLEO-WB05KZ, NUCLEO-WB07CC, NUCLEO-WB09KE, NUCLEO-WBA52CG, NUCLEO-WBA55CG, NUCLEO-WL33CC1, NUCLEO-WL33CC2, STEVAL-PROTEUS1, STEVAL-SMARTAG2, STEVAL-STWINBX1, STM320518-EVAL, STM32C0116-DK, STM32C011D6Y3TR, STM32C011D6Y6TR, STM32C011F4P3, STM32C011F4P6, STM32C011F4U3, STM32C011F4U6TR, STM32C011F6P3, STM32C011F6P6, STM32C011F6U3, STM32C011F6U6TR, STM32C011J4M3, STM32C011J4M6, STM32C011J6M3, STM32C011J6M6, STM32C0316-DK, STM32C031C4T3, STM32C031C4T6, STM32C031C4U3, STM32C031C4U6, STM32C031C6T3, STM32C031C6T6, STM32C031C6U3, STM32C031C6U6, STM32C031F4P3, STM32C031F4P6, STM32C031F6P3, STM32C031F6P6, STM32C031G4U3, STM32C031G4U6, STM32C031G6U3, STM32C031G6U6, STM32C031K4T3, STM32C031K4T6, STM32C031K4U3, STM32C031K4U6, STM32C031K6T3, STM32C031K6T6, STM32C031K6U3, STM32C031K6U6, STM32C051C6T6, STM32C051C6U6, STM32C051C8T6, STM32C051C8U6, STM32C051D8Y6TR, STM32C051F6P6, STM32C051F8P6, STM32C051G6U6, STM32C051G8U6, STM32C051K6T6, STM32C051K6U6, STM32C051K8T6, STM32C071C8T6, STM32C071C8T6N, STM32C071C8U6, STM32C071C8U6N, STM32C071CBT6, STM32C071CBT6N, STM32C071CBU6, STM32C071CBU6N, STM32C071F8P6, STM32C071F8P6N, STM32C071FBP6, STM32C071FBP6N, STM32C071FBY6TR, STM32C071G8U6, STM32C071G8U6N, STM32C071GBU6, STM32C071GBU6N, STM32C071K8T6, STM32C071K8T6N, STM32C071K8U6, STM32C071K8U6N, STM32C071KBT6, STM32C071KBT6N, STM32C071KBU6, STM32C071KBU6N, STM32C071R8T6, STM32C071R8T6N, STM32C071RBI6N, STM32C071RBT6, STM32C071RBT6N, STM32C091CBT6, STM32C091CBU6, STM32C091CCT6, STM32C091CCU6, STM32C091ECY6TR, STM32C091FBP6, STM32C091FCP6, STM32C091GBU6, STM32C091GCU6, STM32C091KBT6, STM32C091KBU6, STM32C091KCT6, STM32C091KCU6, STM32C091RBT6, STM32C091RCI6, STM32C091RCT6, STM32C092CBT6, STM32C092CBU6, STM32C092CCT6, STM32C092CCU6, STM32C092ECY6TR, STM32C092FBP6, STM32C092FCP6, STM32C092GBU6, STM32C092GCU6, STM32C092KBT6, STM32C092KBU6, STM32C092KCT6, STM32C092KCU6, STM32C092RBT6, STM32C092RCI6, STM32C092RCT6, STM32G071K8TXN, STM32G071K8UXN, STM32G081GBU6N, STM32G081KBT6N, STM32G081KBUXN, STM32G0B1CCT6N, STM32G0B1KCT6, STM32G0B1NEY6TR, STM32G0B1RCT6N, STM32G0C1CCT6, STM32G0C1CCT6N, STM32G0C1CCU6N, STM32G0C1CET6N, STM32G0C1CEU6N, STM32G0C1KCT6, STM32G0C1NEY6TR, STM32G0C1RCI6N, STM32G0C1RCT6N, STM32G0C1REI6N, STM32G0C1RET6N, STM32G0C1VCI6, STM32G0C1VEI6, STM32G411C6T3, STM32G411C6T6, STM32G411C6U3, STM32G411C6U6, STM32G411C8T3, STM32G411C8T6, STM32G411C8U3, STM32G411C8U6, STM32G411CBT3, STM32G411CBT6, STM32G411CBU3, STM32G411CBU6, STM32G411K6T3, STM32G411K6T6, STM32G411K6U3, STM32G411K6U6, STM32G411K8T3, STM32G411K8T6, STM32G411K8U3, STM32G411K8U6, STM32G411KBT3, STM32G411KBT6, STM32G411KBU3, STM32G411KBU6, STM32G411M6T3, STM32G411M6T6, STM32G411M8T3, STM32G411M8T6, STM32G411MBT3, STM32G411MBT6, STM32G411R6T3, STM32G411R6T6, STM32G411R8T3, STM32G411R8T6, STM32G411RBT3, STM32G411RBT6, STM32G414CBT3, STM32G414CBT6, STM32G414CBU3, STM32G414CBU6, STM32G414CCT3, STM32G414CCT6, STM32G414CCU3, STM32G414CCU6, STM32G414MBT3, STM32G414MBT6, STM32G414MCT3, STM32G414MCT6, STM32G414RBT3, STM32G414RBT6, STM32G414RCT3, STM32G414RCT6, STM32G414VBT3, STM32G414VBT6, STM32G414VCT3, STM32G414VCT6, STM32G431CBT3Z, STM32G431RBT3Z, STM32G471CCT6, STM32G471CCU6, STM32G471CET3, STM32G471CET6, STM32G471CEU3, STM32G471CEU6, STM32G471MCT6, STM32G471MET3, STM32G471MET6, STM32G471MEY6TR, STM32G471QCT6, STM32G471QET3, STM32G471RCT6, STM32G471RET3, STM32G471RET6, STM32G471VCH6, STM32G471VCI6, STM32G471VCT6, STM32G471VEH3, STM32G471VEH6, STM32G471VEI3, STM32G471VEI6, STM32G471VET3, STM32G471VET6, STM32G473QET3Z, STM32G473RET3Z, STM32G474CCT6, STM32G491RET3Z, STM32H503CBT6, STM32H503CBU6, STM32H503EBY6TR, STM32H503KBU6, STM32H503RBT6, STM32H523CCT6, STM32H523CCU6, STM32H523CET6, STM32H523CEU6, STM32H523HEY6TR, STM32H523RCT6, STM32H523RET6, STM32H523VCI6, STM32H523VCT6, STM32H523VEI6, STM32H523VET6, STM32H523ZCJ6, STM32H523ZCT6, STM32H523ZEJ6, STM32H523ZET6, STM32H533CET6, STM32H533CEU6, STM32H533HEY6TR, STM32H533RET6, STM32H533VEI6, STM32H533VET6, STM32H533ZEJ6, STM32H533ZET6, STM32H562AGI6, STM32H562AII6, STM32H562IGK6, STM32H562IGT6, STM32H562IIK6, STM32H562IIT6, STM32H562RGT6, STM32H562RGV6, STM32H562RIT6, STM32H562RIV6, STM32H562VGT6, STM32H562VIT6, STM32H562ZGT6, STM32H562ZIT6, STM32H563AGI6, STM32H563AII3Q, STM32H563AII6, STM32H563IGK6, STM32H563IGT6, STM32H563IIK3Q, STM32H563IIK6, STM32H563IIT3Q, STM32H563IIT6, STM32H563MIY3QTR, STM32H563RGT6, STM32H563RGV6, STM32H563RIT6, STM32H563RIV6, STM32H563VGT6, STM32H563VIT3Q, STM32H563VIT6, STM32H563ZGT6, STM32H563ZIT3Q, STM32H563ZIT6, STM32H573AII3Q, STM32H573AII6, STM32H573I-DK, STM32H573IIK3Q, STM32H573IIK6, STM32H573IIT3Q, STM32H573IIT6, STM32H573MIY3QTR, STM32H573RIT6, STM32H573RIV6, STM32H573VIT3Q, STM32H573VIT6, STM32H573ZIT3Q, STM32H573ZIT6, STM32H7R3A8I6, STM32H7R3I8K6, STM32H7R3I8T6, STM32H7R3L8H6, STM32H7R3L8H6H, STM32H7R3R8V6, STM32H7R3V8H6, STM32H7R3V8T6, STM32H7R3V8Y6TR, STM32H7R3Z8J6, STM32H7R3Z8T6, STM32H7R7A8I6, STM32H7R7I8K6, STM32H7R7I8T6, STM32H7R7L8H6, STM32H7R7L8H6H, STM32H7R7Z8J6, STM32H7S3A8I6, STM32H7S3I8K6, STM32H7S3I8T6, STM32H7S3L8H6, STM32H7S3L8H6H, STM32H7S3R8V6, STM32H7S3V8H6, STM32H7S3V8T6, STM32H7S3V8Y6TR, STM32H7S3Z8J6, STM32H7S3Z8T6, STM32H7S78-DK, STM32H7S7A8I6, STM32H7S7I8K6, STM32H7S7I8T6, STM32H7S7L8H6, STM32H7S7L8H6H, STM32H7S7Z8J6, STM32L4R5QGI6STR, STM32MP131AAE3, STM32MP131AAF3, STM32MP131AAG3, STM32MP131CAE3, STM32MP131CAF3, STM32MP131CAG3, STM32MP131DAE7, STM32MP131DAF7, STM32MP131DAG7, STM32MP131FAE7, STM32MP131FAF7, STM32MP131FAG7, STM32MP133AAE3, STM32MP133AAF3, STM32MP133AAG3, STM32MP133CAE3, STM32MP133CAF3, STM32MP133CAG3, STM32MP133DAE7, STM32MP133DAF7, STM32MP133DAG7, STM32MP133FAE7, STM32MP133FAF7, STM32MP133FAG7, STM32MP135AAE3, STM32MP135AAF3, STM32MP135AAG3, STM32MP135CAE3, STM32MP135CAF3, STM32MP135CAG3, STM32MP135DAE7, STM32MP135DAF7, STM32MP135DAG7, STM32MP135F-DK, STM32MP135FAE7, STM32MP135FAF7, STM32MP135FAF7T, STM32MP135FAF7U, STM32MP135FAG7, STM32MP211AAL3, STM32MP211AAM3, STM32MP211AAN3, STM32MP211AAO3, STM32MP211CAL3, STM32MP211CAM3, STM32MP211CAN3, STM32MP211CAO3, STM32MP211DAL3, STM32MP211DAM3, STM32MP211DAN3, STM32MP211DAO3, STM32MP211FAL3, STM32MP211FAM3, STM32MP211FAN3, STM32MP211FAO3, STM32MP213AAL3, STM32MP213AAM3, STM32MP213AAN3, STM32MP213AAO3, STM32MP213CAL3, STM32MP213CAM3, STM32MP213CAN3, STM32MP213CAO3, STM32MP213DAL3, STM32MP213DAM3, STM32MP213DAN3, STM32MP213DAO3, STM32MP213FAL3, STM32MP213FAM3, STM32MP213FAN3, STM32MP213FAO3, STM32MP215AAL3, STM32MP215AAM3, STM32MP215AAN3, STM32MP215AAO3, STM32MP215CAL3, STM32MP215CAM3, STM32MP215CAN3, STM32MP215CAO3, STM32MP215DAL3, STM32MP215DAM3, STM32MP215DAN3, STM32MP215DAO3, STM32MP215F-DK, STM32MP215FAL3, STM32MP215FAM3, STM32MP215FAN3, STM32MP215FAO3, STM32MP231AAJ3, STM32MP231AAK3, STM32MP231AAL3, STM32MP231CAJ3, STM32MP231CAK3, STM32MP231CAL3, STM32MP231DAJ3, STM32MP231DAK3, STM32MP231DAL3, STM32MP231FAJ3, STM32MP231FAK3, STM32MP231FAL3, STM32MP233AAJ3, STM32MP233AAK3, STM32MP233AAL3, STM32MP233CAJ3, STM32MP233CAK3, STM32MP233CAL3, STM32MP233DAJ3, STM32MP233DAK3, STM32MP233DAL3, STM32MP233FAJ3, STM32MP233FAK3, STM32MP233FAL3, STM32MP235AAJ3, STM32MP235AAK3, STM32MP235AAL3, STM32MP235CAJ3, STM32MP235CAK3, STM32MP235CAL3, STM32MP235DAJ3, STM32MP235DAK3, STM32MP235DAL3, STM32MP235FAJ3, STM32MP235FAK3, STM32MP235FAL3, STM32MP251AAI3, STM32MP251AAK3, STM32MP251AAL3, STM32MP251CAI3, STM32MP251CAK3, STM32MP251CAL3, STM32MP251DAI3, STM32MP251DAK3, STM32MP251DAL3, STM32MP251FAI3, STM32MP251FAK3, STM32MP251FAL3, STM32MP253AAI3, STM32MP253AAK3, STM32MP253AAL3, STM32MP253CAI3, STM32MP253CAK3, STM32MP253CAL3, STM32MP253DAI3, STM32MP253DAK3, STM32MP253DAL3, STM32MP253FAI3, STM32MP253FAK3, STM32MP253FAL3, STM32MP255AAI3, STM32MP255AAK3, STM32MP255AAL3, STM32MP255CAI3, STM32MP255CAK3, STM32MP255CAL3, STM32MP255DAI3, STM32MP255DAK3, STM32MP255DAL3, STM32MP255FAI3, STM32MP255FAK3, STM32MP255FAL3, STM32MP257AAI3, STM32MP257AAK3, STM32MP257AAL3, STM32MP257CAI3, STM32MP257CAK3, STM32MP257CAL3, STM32MP257DAI3, STM32MP257DAK3, STM32MP257DAL3, STM32MP257F-DK, STM32MP257F-EV1, STM32MP257FAI3, STM32MP257FAK3, STM32MP257FAL3, STM32N645A0H3Q, STM32N645B0H3Q, STM32N645I0H3Q, STM32N645L0H3Q, STM32N645X0H3Q, STM32N645Z0H3Q, STM32N647A0H3Q, STM32N647B0H3Q, STM32N647I0H3Q, STM32N647L0H3Q, STM32N647X0H3Q, STM32N647Z0H3Q, STM32N655A0H3Q, STM32N655B0H3Q, STM32N655I0H3Q, STM32N655L0H3Q, STM32N655X0H3Q, STM32N655Z0H3Q, STM32N6570-DK, STM32N657A0H3Q, STM32N657B0H3Q, STM32N657I0H3Q, STM32N657L0H3Q, STM32N657X0H3Q, STM32N657Z0H3Q, STM32U031C6T6, STM32U031C6U6, STM32U031C8T6, STM32U031C8U6, STM32U031F4P6, STM32U031F6P6, STM32U031F8P6, STM32U031G6Y6TR, STM32U031G8Y6TR, STM32U031K4U6, STM32U031K6U6, STM32U031K8U6, STM32U031R6I6, STM32U031R6T6, STM32U031R8I6, STM32U031R8T6, STM32U073C8T6, STM32U073C8U6, STM32U073CBT6, STM32U073CBU6, STM32U073CCT6, STM32U073CCU6, STM32U073H8Y6TR, STM32U073HBY6TR, STM32U073HCY6TR, STM32U073K8U6, STM32U073KBU6, STM32U073KCU6, STM32U073M8I6, STM32U073M8T6, STM32U073MBI6, STM32U073MBT6, STM32U073MCI6, STM32U073MCT6, STM32U073R8I6, STM32U073R8T6, STM32U073RBI6, STM32U073RBT6, STM32U073RCI6, STM32U073RCT6, STM32U083C-DK, STM32U083CCT6, STM32U083CCU6, STM32U083HCY6TR, STM32U083KCU6, STM32U083MCI6, STM32U083MCT6, STM32U083RCI6, STM32U083RCT6, STM32U375CET6, STM32U375CET6Q, STM32U375CEU6, STM32U375CEU6Q, STM32U375CEY6QTR, STM32U375CGT6, STM32U375CGT6Q, STM32U375CGU6, STM32U375CGU6Q, STM32U375CGY6QTR, STM32U375KEU6, STM32U375KGU6, STM32U375REI6, STM32U375REI6Q, STM32U375RET6, STM32U375RET6Q, STM32U375REY6GTR, STM32U375REY6QTR, STM32U375RGI6, STM32U375RGI6Q, STM32U375RGT6, STM32U375RGT6Q, STM32U375RGY6GTR, STM32U375RGY6QTR, STM32U375VEI6, STM32U375VEI6Q, STM32U375VET6, STM32U375VET6Q, STM32U375VGI6, STM32U375VGI6Q, STM32U375VGT6, STM32U375VGT6Q, STM32U385CGT6, STM32U385CGT6Q, STM32U385CGU6, STM32U385CGU6Q, STM32U385CGY6QTR, STM32U385KGU6, STM32U385RGI6, STM32U385RGI6Q, STM32U385RGT6, STM32U385RGT6Q, STM32U385RGY6GTR, STM32U385RGY6QTR, STM32U385VGI6, STM32U385VGI6Q, STM32U385VGT6, STM32U385VGT6Q, STM32U535CBT6, STM32U535CBT6Q, STM32U535CBU6, STM32U535CBU6Q, STM32U535CCT6, STM32U535CCT6Q, STM32U535CCU6, STM32U535CCU6Q, STM32U535CET6, STM32U535CET6Q, STM32U535CEU6, STM32U535CEU6Q, STM32U535JEY6QTR, STM32U535NCY6QTR, STM32U535NEY6QTR, STM32U535RBI6, STM32U535RBI6Q, STM32U535RBT6, STM32U535RBT6Q, STM32U535RCI6, STM32U535RCI6Q, STM32U535RCT6, STM32U535RCT6Q, STM32U535REI6, STM32U535REI6Q, STM32U535RET6, STM32U535RET6Q, STM32U535VCI6, STM32U535VCI6Q, STM32U535VCT6, STM32U535VCT6Q, STM32U535VEI6, STM32U535VEI6Q, STM32U535VET6, STM32U535VET6Q, STM32U545CET6, STM32U545CET6Q, STM32U545CEU6, STM32U545CEU6Q, STM32U545JEY6QTR, STM32U545NEY6QTR, STM32U545REI6, STM32U545REI6Q, STM32U545RET6, STM32U545RET6Q, STM32U545VEI6, STM32U545VEI6Q, STM32U545VET6, STM32U545VET6Q, STM32U595AIH6, STM32U595AIH6Q, STM32U595AJH6, STM32U595AJH6Q, STM32U595QII6, STM32U595QII6Q, STM32U595QJI6, STM32U595QJI6Q, STM32U595RIT6, STM32U595RIT6Q, STM32U595RJT6, STM32U595RJT6Q, STM32U595VIT6, STM32U595VIT6Q, STM32U595VJT6, STM32U595VJT6Q, STM32U595ZIT6, STM32U595ZIT6Q, STM32U595ZIY6QTR, STM32U595ZJT6, STM32U595ZJT6Q, STM32U595ZJY6QTR, STM32U599BJY6QTR, STM32U599NIH6Q, STM32U599NJH6Q, STM32U599VIT6Q, STM32U599VJT6, STM32U599VJT6Q, STM32U599ZIT6Q, STM32U599ZIY6QTR, STM32U599ZJT6Q, STM32U599ZJY6QTR, STM32U5A5AJH6, STM32U5A5AJH6Q, STM32U5A5QII3Q , STM32U5A5QJI6, STM32U5A5QJI6Q, STM32U5A5RJT6, STM32U5A5RJT6Q, STM32U5A5VJT6, STM32U5A5VJT6Q, STM32U5A5ZJT6, STM32U5A5ZJT6Q, STM32U5A5ZJY6QTR, STM32U5A9BJY6QTR, STM32U5A9J-DK, STM32U5A9NJH6Q, STM32U5A9VJT6Q, STM32U5A9ZJT6Q, STM32U5A9ZJY6QTR, STM32U5F7VIT6, STM32U5F7VIT6Q, STM32U5F7VJT6, STM32U5F7VJT6Q, STM32U5F9BJY6QTR, STM32U5F9NJH6Q, STM32U5F9VIT6Q, STM32U5F9VJT6Q, STM32U5F9ZIJ6QTR, STM32U5F9ZIT6Q, STM32U5F9ZJJ6QTR, STM32U5F9ZJT6Q, STM32U5G7VJT6, STM32U5G7VJT6Q, STM32U5G9BJY6QTR, STM32U5G9J-DK1, STM32U5G9J-DK2, STM32U5G9NJH6Q, STM32U5G9VJT6Q, STM32U5G9ZJJ6QTR, STM32U5G9ZJT6Q, STM32WB05KZV6TR, STM32WB05KZV7TR, STM32WB05TZF6TR, STM32WB05TZF7TR, STM32WB06CCF6TR, STM32WB06CCF7TR, STM32WB06CCV6TR, STM32WB06CCV7TR, STM32WB06KCV6TR, STM32WB06KCV7TR, STM32WB07CCF6TR, STM32WB07CCF7TR, STM32WB07CCV6TR, STM32WB07CCV7TR, STM32WB07KCV6TR, STM32WB07KCV7TR, STM32WB09KEV6TR, STM32WB09KEV7TR, STM32WB09TEF6TR, STM32WB09TEF7TR, STM32WB1MMCH6, STM32WBA50KGU6, STM32WBA50KGU6TR, STM32WBA52CEU6, STM32WBA52CEU6TR, STM32WBA52CEU7, STM32WBA52CEU7TR, STM32WBA52CGU6, STM32WBA52CGU6TR, STM32WBA52CGU6U, STM32WBA52CGU7, STM32WBA52CGU7TR, STM32WBA52KEU6, STM32WBA52KEU6TR, STM32WBA52KGU6, STM32WBA52KGU6TR, STM32WBA54CEU6, STM32WBA54CEU6TR, STM32WBA54CEU7, STM32WBA54CEU7TR, STM32WBA54CGU6, STM32WBA54CGU6TR, STM32WBA54CGU7, STM32WBA54CGU7TR, STM32WBA54KEU6, STM32WBA54KEU6TR, STM32WBA54KEU7, STM32WBA54KEU7TR, STM32WBA54KGU6, STM32WBA54KGU6TR, STM32WBA54KGU7, STM32WBA54KGU7TR, STM32WBA55CEU6, STM32WBA55CEU6TR, STM32WBA55CEU7, STM32WBA55CEU7TR, STM32WBA55CGU6, STM32WBA55CGU6TR, STM32WBA55CGU6U, STM32WBA55CGU7, STM32WBA55CGU7TR, STM32WBA55G-DK1, STM32WBA55HEF6, STM32WBA55HEF7, STM32WBA55HGF6, STM32WBA55HGF7, STM32WBA55UEI6, STM32WBA55UEI6TR, STM32WBA55UEI7, STM32WBA55UEI7TR, STM32WBA55UGI6, STM32WBA55UGI6TR, STM32WBA55UGI7, STM32WBA55UGI7TR, STM32WBA5MMGH6TR, STM32WBA62MGF6, STM32WBA62MIF6, STM32WBA65MGF7, STM32WBA65MIF6, STM32WBA65MIF7, STM32WL30K8V6, STM32WL30KBV6, STM32WL31C8V6, STM32WL31CBV6, STM32WL31K8V6, STM32WL31KBV6, STM32WL33C8V6, STM32WL33C8V6X, STM32WL33CBV6, STM32WL33CBV6X, STM32WL33CCV6, STM32WL33CCV6A, STM32WL33CCV6X, STM32WL33K8V7, STM32WL33K8V7X, STM32WL33KBV7 , STM32WL33KBV7X, STM32WL33KCV7, STM32WL33KCV7X, STM32WL5MOCH6, STM32WL5MOCH6TR]
2025-10-08 14:59:16,234 [INFO] BoardInfo:889 - No configuration file found for board P-NUCLEO-WB55
2025-10-08 14:59:16,236 [INFO] DbBoards:161 - Kit is not supported: P-NUCLEO-WB55
2025-10-08 14:59:16,245 [INFO] BoardInfo:889 - No configuration file found for board STEVAL-BFA001V1B
2025-10-08 14:59:16,248 [INFO] DbBoards:161 - Kit is not supported: STEVAL-BFA001V1B
2025-10-08 14:59:16,249 [INFO] BoardInfo:889 - No configuration file found for board STEVAL-BFA001V2B
2025-10-08 14:59:16,250 [INFO] DbBoards:161 - Kit is not supported: STEVAL-BFA001V2B
2025-10-08 14:59:16,589 [INFO] DbBoards:168 - Found 212 boards, 209 are supported
2025-10-08 14:59:16,589 [INFO] DbBoards:169 - Found 212 boards, 43 of them is supported for  Bsp
2025-10-08 14:59:16,593 [INFO] ApiDb:668 - CubeFinder database Data Model version=2.1
2025-10-08 14:59:16,594 [INFO] ApiDb:669 - CubeFinder database Configuration version=3.0.39
2025-10-08 14:59:16,594 [INFO] ApiDb:670 - CubeFinder database generation date=2025-08-25 (1756130511)
2025-10-08 14:59:16,594 [INFO] ApiDb:671 - CubeFinder database FW Pack versions=[FP-ATR-ASTRA1_V2.0.0, FP-SNS-FLIGHT1_V5.1.0, FP-SNS-MOTENV1_V5.0.0, FP-SNS-MOTENVWB1_V1.4.0, FP-SNS-SMARTAG2_V1.2.0, FP-SNS-STBOX1_V2.1.0, STM32Cube_FW_C0_V1.4.0, STM32Cube_FW_F4_V1.28.3, STM32Cube_FW_F7_V1.17.4, STM32Cube_FW_G0_V1.6.2, STM32Cube_FW_G4_V1.6.1, STM32Cube_FW_H5_V1.5.0, STM32Cube_FW_H7RS_V1.2.0, STM32Cube_FW_H7_V1.12.1, STM32Cube_FW_L0_V1.12.2, STM32Cube_FW_L4_V1.18.1, STM32Cube_FW_L5_V1.5.1, STM32Cube_FW_N6_V1.2.0, STM32Cube_FW_U0_V1.3.0, STM32Cube_FW_U3_V1.2.0, STM32Cube_FW_U5_V1.8.0, STM32Cube_FW_WB0_V1.3.0, STM32Cube_FW_WBA_V1.7.0, STM32Cube_FW_WB_V1.23.0, STM32Cube_FW_WL3_V1.2.0, STM32Cube_FW_WL_V1.3.1, X-CUBE-ALGOBUILD_V1.4.0, X-CUBE-ALS_V1.0.2, X-CUBE-AZRTOS-F4_V1.1.0, X-CUBE-AZRTOS-F7_V1.1.0, X-CUBE-AZRTOS-G0_V1.1.0, X-CUBE-AZRTOS-G4_V2.0.0, X-CUBE-AZRTOS-H7RS_V1.1.0, X-CUBE-AZRTOS-H7_V3.4.0, X-CUBE-AZRTOS-L4_V2.0.0, X-CUBE-AZRTOS-L5_V2.0.0, X-CUBE-AZRTOS-WB_V2.0.0, X-CUBE-AZRTOS-WL_V2.0.0, X-CUBE-BLE1_V7.1.0, X-CUBE-BLE2_V3.3.0, X-CUBE-BLEMGR_V4.1.0, X-CUBE-EEPRMA1_V5.2.0, X-CUBE-FREERTOS_V1.3.1, X-CUBE-GNSS1_V6.0.0, X-CUBE-MEMS1_V11.3.0, X-CUBE-NFC4_V3.0.0, X-CUBE-NFC7_V2.0.0, X-CUBE-SFXS2LP1_V4.0.0, X-CUBE-ST67W61_V1.0.0, X-CUBE-SUBG2_V5.0.0, X-CUBE-TOF1_V3.4.3]
2025-10-08 14:59:18,993 [INFO] ApiDb:240 - Found 880 in-development CPN: [B-G473E-ZEST1S, B-WB1M-WPAN1, B-WBA5M-WPAN, B-WL5M-SUBG1, NUCLEO-C031C6, NUCLEO-C051C8, NUCLEO-C071RB, NUCLEO-C092RC, NUCLEO-H503RB, NUCLEO-H533RE, NUCLEO-H563ZI, NUCLEO-H7S3L8, NUCLEO-N657X0-Q, NUCLEO-U031R8, NUCLEO-U083RC, NUCLEO-U385RG-Q, NUCLEO-U545RE-Q, NUCLEO-U5A5ZJ-Q, NUCLEO-WB05KZ, NUCLEO-WB07CC, NUCLEO-WB09KE, NUCLEO-WBA52CG, NUCLEO-WBA55CG, NUCLEO-WL33CC1, NUCLEO-WL33CC2, STEVAL-PROTEUS1, STEVAL-SMARTAG2, STEVAL-STWINBX1, STM320518-EVAL, STM32C0116-DK, STM32C011D6Y3TR, STM32C011D6Y6TR, STM32C011F4P3, STM32C011F4P6, STM32C011F4U3, STM32C011F4U6TR, STM32C011F6P3, STM32C011F6P6, STM32C011F6U3, STM32C011F6U6TR, STM32C011J4M3, STM32C011J4M6, STM32C011J6M3, STM32C011J6M6, STM32C0316-DK, STM32C031C4T3, STM32C031C4T6, STM32C031C4U3, STM32C031C4U6, STM32C031C6T3, STM32C031C6T6, STM32C031C6U3, STM32C031C6U6, STM32C031F4P3, STM32C031F4P6, STM32C031F6P3, STM32C031F6P6, STM32C031G4U3, STM32C031G4U6, STM32C031G6U3, STM32C031G6U6, STM32C031K4T3, STM32C031K4T6, STM32C031K4U3, STM32C031K4U6, STM32C031K6T3, STM32C031K6T6, STM32C031K6U3, STM32C031K6U6, STM32C051C6T6, STM32C051C6U6, STM32C051C8T6, STM32C051C8U6, STM32C051D8Y6TR, STM32C051F6P6, STM32C051F8P6, STM32C051G6U6, STM32C051G8U6, STM32C051K6T6, STM32C051K6U6, STM32C051K8T6, STM32C071C8T6, STM32C071C8T6N, STM32C071C8U6, STM32C071C8U6N, STM32C071CBT6, STM32C071CBT6N, STM32C071CBU6, STM32C071CBU6N, STM32C071F8P6, STM32C071F8P6N, STM32C071FBP6, STM32C071FBP6N, STM32C071FBY6TR, STM32C071G8U6, STM32C071G8U6N, STM32C071GBU6, STM32C071GBU6N, STM32C071K8T6, STM32C071K8T6N, STM32C071K8U6, STM32C071K8U6N, STM32C071KBT6, STM32C071KBT6N, STM32C071KBU6, STM32C071KBU6N, STM32C071R8T6, STM32C071R8T6N, STM32C071RBI6N, STM32C071RBT6, STM32C071RBT6N, STM32C091CBT6, STM32C091CBU6, STM32C091CCT6, STM32C091CCU6, STM32C091ECY6TR, STM32C091FBP6, STM32C091FCP6, STM32C091GBU6, STM32C091GCU6, STM32C091KBT6, STM32C091KBU6, STM32C091KCT6, STM32C091KCU6, STM32C091RBT6, STM32C091RCI6, STM32C091RCT6, STM32C092CBT6, STM32C092CBU6, STM32C092CCT6, STM32C092CCU6, STM32C092ECY6TR, STM32C092FBP6, STM32C092FCP6, STM32C092GBU6, STM32C092GCU6, STM32C092KBT6, STM32C092KBU6, STM32C092KCT6, STM32C092KCU6, STM32C092RBT6, STM32C092RCI6, STM32C092RCT6, STM32G071K8TXN, STM32G071K8UXN, STM32G081GBU6N, STM32G081KBT6N, STM32G081KBUXN, STM32G0B1CCT6N, STM32G0B1KCT6, STM32G0B1NEY6TR, STM32G0B1RCT6N, STM32G0C1CCT6, STM32G0C1CCT6N, STM32G0C1CCU6N, STM32G0C1CET6N, STM32G0C1CEU6N, STM32G0C1KCT6, STM32G0C1NEY6TR, STM32G0C1RCI6N, STM32G0C1RCT6N, STM32G0C1REI6N, STM32G0C1RET6N, STM32G0C1VCI6, STM32G0C1VEI6, STM32G411C6T3, STM32G411C6T6, STM32G411C6U3, STM32G411C6U6, STM32G411C8T3, STM32G411C8T6, STM32G411C8U3, STM32G411C8U6, STM32G411CBT3, STM32G411CBT6, STM32G411CBU3, STM32G411CBU6, STM32G411K6T3, STM32G411K6T6, STM32G411K6U3, STM32G411K6U6, STM32G411K8T3, STM32G411K8T6, STM32G411K8U3, STM32G411K8U6, STM32G411KBT3, STM32G411KBT6, STM32G411KBU3, STM32G411KBU6, STM32G411M6T3, STM32G411M6T6, STM32G411M8T3, STM32G411M8T6, STM32G411MBT3, STM32G411MBT6, STM32G411R6T3, STM32G411R6T6, STM32G411R8T3, STM32G411R8T6, STM32G411RBT3, STM32G411RBT6, STM32G414CBT3, STM32G414CBT6, STM32G414CBU3, STM32G414CBU6, STM32G414CCT3, STM32G414CCT6, STM32G414CCU3, STM32G414CCU6, STM32G414MBT3, STM32G414MBT6, STM32G414MCT3, STM32G414MCT6, STM32G414RBT3, STM32G414RBT6, STM32G414RCT3, STM32G414RCT6, STM32G414VBT3, STM32G414VBT6, STM32G414VCT3, STM32G414VCT6, STM32G431CBT3Z, STM32G431RBT3Z, STM32G471CCT6, STM32G471CCU6, STM32G471CET3, STM32G471CET6, STM32G471CEU3, STM32G471CEU6, STM32G471MCT6, STM32G471MET3, STM32G471MET6, STM32G471MEY6TR, STM32G471QCT6, STM32G471QET3, STM32G471RCT6, STM32G471RET3, STM32G471RET6, STM32G471VCH6, STM32G471VCI6, STM32G471VCT6, STM32G471VEH3, STM32G471VEH6, STM32G471VEI3, STM32G471VEI6, STM32G471VET3, STM32G471VET6, STM32G473QET3Z, STM32G473RET3Z, STM32G474CCT6, STM32G491RET3Z, STM32H503CBT6, STM32H503CBU6, STM32H503EBY6TR, STM32H503KBU6, STM32H503RBT6, STM32H523CCT6, STM32H523CCU6, STM32H523CET6, STM32H523CEU6, STM32H523HEY6TR, STM32H523RCT6, STM32H523RET6, STM32H523VCI6, STM32H523VCT6, STM32H523VEI6, STM32H523VET6, STM32H523ZCJ6, STM32H523ZCT6, STM32H523ZEJ6, STM32H523ZET6, STM32H533CET6, STM32H533CEU6, STM32H533HEY6TR, STM32H533RET6, STM32H533VEI6, STM32H533VET6, STM32H533ZEJ6, STM32H533ZET6, STM32H562AGI6, STM32H562AII6, STM32H562IGK6, STM32H562IGT6, STM32H562IIK6, STM32H562IIT6, STM32H562RGT6, STM32H562RGV6, STM32H562RIT6, STM32H562RIV6, STM32H562VGT6, STM32H562VIT6, STM32H562ZGT6, STM32H562ZIT6, STM32H563AGI6, STM32H563AII3Q, STM32H563AII6, STM32H563IGK6, STM32H563IGT6, STM32H563IIK3Q, STM32H563IIK6, STM32H563IIT3Q, STM32H563IIT6, STM32H563MIY3QTR, STM32H563RGT6, STM32H563RGV6, STM32H563RIT6, STM32H563RIV6, STM32H563VGT6, STM32H563VIT3Q, STM32H563VIT6, STM32H563ZGT6, STM32H563ZIT3Q, STM32H563ZIT6, STM32H573AII3Q, STM32H573AII6, STM32H573I-DK, STM32H573IIK3Q, STM32H573IIK6, STM32H573IIT3Q, STM32H573IIT6, STM32H573MIY3QTR, STM32H573RIT6, STM32H573RIV6, STM32H573VIT3Q, STM32H573VIT6, STM32H573ZIT3Q, STM32H573ZIT6, STM32H7R3A8I6, STM32H7R3I8K6, STM32H7R3I8T6, STM32H7R3L8H6, STM32H7R3L8H6H, STM32H7R3R8V6, STM32H7R3V8H6, STM32H7R3V8T6, STM32H7R3V8Y6TR, STM32H7R3Z8J6, STM32H7R3Z8T6, STM32H7R7A8I6, STM32H7R7I8K6, STM32H7R7I8T6, STM32H7R7L8H6, STM32H7R7L8H6H, STM32H7R7Z8J6, STM32H7S3A8I6, STM32H7S3I8K6, STM32H7S3I8T6, STM32H7S3L8H6, STM32H7S3L8H6H, STM32H7S3R8V6, STM32H7S3V8H6, STM32H7S3V8T6, STM32H7S3V8Y6TR, STM32H7S3Z8J6, STM32H7S3Z8T6, STM32H7S78-DK, STM32H7S7A8I6, STM32H7S7I8K6, STM32H7S7I8T6, STM32H7S7L8H6, STM32H7S7L8H6H, STM32H7S7Z8J6, STM32L4R5QGI6STR, STM32MP131AAE3, STM32MP131AAF3, STM32MP131AAG3, STM32MP131CAE3, STM32MP131CAF3, STM32MP131CAG3, STM32MP131DAE7, STM32MP131DAF7, STM32MP131DAG7, STM32MP131FAE7, STM32MP131FAF7, STM32MP131FAG7, STM32MP133AAE3, STM32MP133AAF3, STM32MP133AAG3, STM32MP133CAE3, STM32MP133CAF3, STM32MP133CAG3, STM32MP133DAE7, STM32MP133DAF7, STM32MP133DAG7, STM32MP133FAE7, STM32MP133FAF7, STM32MP133FAG7, STM32MP135AAE3, STM32MP135AAF3, STM32MP135AAG3, STM32MP135CAE3, STM32MP135CAF3, STM32MP135CAG3, STM32MP135DAE7, STM32MP135DAF7, STM32MP135DAG7, STM32MP135F-DK, STM32MP135FAE7, STM32MP135FAF7, STM32MP135FAF7T, STM32MP135FAF7U, STM32MP135FAG7, STM32MP211AAL3, STM32MP211AAM3, STM32MP211AAN3, STM32MP211AAO3, STM32MP211CAL3, STM32MP211CAM3, STM32MP211CAN3, STM32MP211CAO3, STM32MP211DAL3, STM32MP211DAM3, STM32MP211DAN3, STM32MP211DAO3, STM32MP211FAL3, STM32MP211FAM3, STM32MP211FAN3, STM32MP211FAO3, STM32MP213AAL3, STM32MP213AAM3, STM32MP213AAN3, STM32MP213AAO3, STM32MP213CAL3, STM32MP213CAM3, STM32MP213CAN3, STM32MP213CAO3, STM32MP213DAL3, STM32MP213DAM3, STM32MP213DAN3, STM32MP213DAO3, STM32MP213FAL3, STM32MP213FAM3, STM32MP213FAN3, STM32MP213FAO3, STM32MP215AAL3, STM32MP215AAM3, STM32MP215AAN3, STM32MP215AAO3, STM32MP215CAL3, STM32MP215CAM3, STM32MP215CAN3, STM32MP215CAO3, STM32MP215DAL3, STM32MP215DAM3, STM32MP215DAN3, STM32MP215DAO3, STM32MP215F-DK, STM32MP215FAL3, STM32MP215FAM3, STM32MP215FAN3, STM32MP215FAO3, STM32MP231AAJ3, STM32MP231AAK3, STM32MP231AAL3, STM32MP231CAJ3, STM32MP231CAK3, STM32MP231CAL3, STM32MP231DAJ3, STM32MP231DAK3, STM32MP231DAL3, STM32MP231FAJ3, STM32MP231FAK3, STM32MP231FAL3, STM32MP233AAJ3, STM32MP233AAK3, STM32MP233AAL3, STM32MP233CAJ3, STM32MP233CAK3, STM32MP233CAL3, STM32MP233DAJ3, STM32MP233DAK3, STM32MP233DAL3, STM32MP233FAJ3, STM32MP233FAK3, STM32MP233FAL3, STM32MP235AAJ3, STM32MP235AAK3, STM32MP235AAL3, STM32MP235CAJ3, STM32MP235CAK3, STM32MP235CAL3, STM32MP235DAJ3, STM32MP235DAK3, STM32MP235DAL3, STM32MP235FAJ3, STM32MP235FAK3, STM32MP235FAL3, STM32MP251AAI3, STM32MP251AAK3, STM32MP251AAL3, STM32MP251CAI3, STM32MP251CAK3, STM32MP251CAL3, STM32MP251DAI3, STM32MP251DAK3, STM32MP251DAL3, STM32MP251FAI3, STM32MP251FAK3, STM32MP251FAL3, STM32MP253AAI3, STM32MP253AAK3, STM32MP253AAL3, STM32MP253CAI3, STM32MP253CAK3, STM32MP253CAL3, STM32MP253DAI3, STM32MP253DAK3, STM32MP253DAL3, STM32MP253FAI3, STM32MP253FAK3, STM32MP253FAL3, STM32MP255AAI3, STM32MP255AAK3, STM32MP255AAL3, STM32MP255CAI3, STM32MP255CAK3, STM32MP255CAL3, STM32MP255DAI3, STM32MP255DAK3, STM32MP255DAL3, STM32MP255FAI3, STM32MP255FAK3, STM32MP255FAL3, STM32MP257AAI3, STM32MP257AAK3, STM32MP257AAL3, STM32MP257CAI3, STM32MP257CAK3, STM32MP257CAL3, STM32MP257DAI3, STM32MP257DAK3, STM32MP257DAL3, STM32MP257F-DK, STM32MP257F-EV1, STM32MP257FAI3, STM32MP257FAK3, STM32MP257FAL3, STM32N645A0H3Q, STM32N645B0H3Q, STM32N645I0H3Q, STM32N645L0H3Q, STM32N645X0H3Q, STM32N645Z0H3Q, STM32N647A0H3Q, STM32N647B0H3Q, STM32N647I0H3Q, STM32N647L0H3Q, STM32N647X0H3Q, STM32N647Z0H3Q, STM32N655A0H3Q, STM32N655B0H3Q, STM32N655I0H3Q, STM32N655L0H3Q, STM32N655X0H3Q, STM32N655Z0H3Q, STM32N6570-DK, STM32N657A0H3Q, STM32N657B0H3Q, STM32N657I0H3Q, STM32N657L0H3Q, STM32N657X0H3Q, STM32N657Z0H3Q, STM32U031C6T6, STM32U031C6U6, STM32U031C8T6, STM32U031C8U6, STM32U031F4P6, STM32U031F6P6, STM32U031F8P6, STM32U031G6Y6TR, STM32U031G8Y6TR, STM32U031K4U6, STM32U031K6U6, STM32U031K8U6, STM32U031R6I6, STM32U031R6T6, STM32U031R8I6, STM32U031R8T6, STM32U073C8T6, STM32U073C8U6, STM32U073CBT6, STM32U073CBU6, STM32U073CCT6, STM32U073CCU6, STM32U073H8Y6TR, STM32U073HBY6TR, STM32U073HCY6TR, STM32U073K8U6, STM32U073KBU6, STM32U073KCU6, STM32U073M8I6, STM32U073M8T6, STM32U073MBI6, STM32U073MBT6, STM32U073MCI6, STM32U073MCT6, STM32U073R8I6, STM32U073R8T6, STM32U073RBI6, STM32U073RBT6, STM32U073RCI6, STM32U073RCT6, STM32U083C-DK, STM32U083CCT6, STM32U083CCU6, STM32U083HCY6TR, STM32U083KCU6, STM32U083MCI6, STM32U083MCT6, STM32U083RCI6, STM32U083RCT6, STM32U375CET6, STM32U375CET6Q, STM32U375CEU6, STM32U375CEU6Q, STM32U375CEY6QTR, STM32U375CGT6, STM32U375CGT6Q, STM32U375CGU6, STM32U375CGU6Q, STM32U375CGY6QTR, STM32U375KEU6, STM32U375KGU6, STM32U375REI6, STM32U375REI6Q, STM32U375RET6, STM32U375RET6Q, STM32U375REY6GTR, STM32U375REY6QTR, STM32U375RGI6, STM32U375RGI6Q, STM32U375RGT6, STM32U375RGT6Q, STM32U375RGY6GTR, STM32U375RGY6QTR, STM32U375VEI6, STM32U375VEI6Q, STM32U375VET6, STM32U375VET6Q, STM32U375VGI6, STM32U375VGI6Q, STM32U375VGT6, STM32U375VGT6Q, STM32U385CGT6, STM32U385CGT6Q, STM32U385CGU6, STM32U385CGU6Q, STM32U385CGY6QTR, STM32U385KGU6, STM32U385RGI6, STM32U385RGI6Q, STM32U385RGT6, STM32U385RGT6Q, STM32U385RGY6GTR, STM32U385RGY6QTR, STM32U385VGI6, STM32U385VGI6Q, STM32U385VGT6, STM32U385VGT6Q, STM32U535CBT6, STM32U535CBT6Q, STM32U535CBU6, STM32U535CBU6Q, STM32U535CCT6, STM32U535CCT6Q, STM32U535CCU6, STM32U535CCU6Q, STM32U535CET6, STM32U535CET6Q, STM32U535CEU6, STM32U535CEU6Q, STM32U535JEY6QTR, STM32U535NCY6QTR, STM32U535NEY6QTR, STM32U535RBI6, STM32U535RBI6Q, STM32U535RBT6, STM32U535RBT6Q, STM32U535RCI6, STM32U535RCI6Q, STM32U535RCT6, STM32U535RCT6Q, STM32U535REI6, STM32U535REI6Q, STM32U535RET6, STM32U535RET6Q, STM32U535VCI6, STM32U535VCI6Q, STM32U535VCT6, STM32U535VCT6Q, STM32U535VEI6, STM32U535VEI6Q, STM32U535VET6, STM32U535VET6Q, STM32U545CET6, STM32U545CET6Q, STM32U545CEU6, STM32U545CEU6Q, STM32U545JEY6QTR, STM32U545NEY6QTR, STM32U545REI6, STM32U545REI6Q, STM32U545RET6, STM32U545RET6Q, STM32U545VEI6, STM32U545VEI6Q, STM32U545VET6, STM32U545VET6Q, STM32U595AIH6, STM32U595AIH6Q, STM32U595AJH6, STM32U595AJH6Q, STM32U595QII6, STM32U595QII6Q, STM32U595QJI6, STM32U595QJI6Q, STM32U595RIT6, STM32U595RIT6Q, STM32U595RJT6, STM32U595RJT6Q, STM32U595VIT6, STM32U595VIT6Q, STM32U595VJT6, STM32U595VJT6Q, STM32U595ZIT6, STM32U595ZIT6Q, STM32U595ZIY6QTR, STM32U595ZJT6, STM32U595ZJT6Q, STM32U595ZJY6QTR, STM32U599BJY6QTR, STM32U599NIH6Q, STM32U599NJH6Q, STM32U599VIT6Q, STM32U599VJT6, STM32U599VJT6Q, STM32U599ZIT6Q, STM32U599ZIY6QTR, STM32U599ZJT6Q, STM32U599ZJY6QTR, STM32U5A5AJH6, STM32U5A5AJH6Q, STM32U5A5QII3Q , STM32U5A5QJI6, STM32U5A5QJI6Q, STM32U5A5RJT6, STM32U5A5RJT6Q, STM32U5A5VJT6, STM32U5A5VJT6Q, STM32U5A5ZJT6, STM32U5A5ZJT6Q, STM32U5A5ZJY6QTR, STM32U5A9BJY6QTR, STM32U5A9J-DK, STM32U5A9NJH6Q, STM32U5A9VJT6Q, STM32U5A9ZJT6Q, STM32U5A9ZJY6QTR, STM32U5F7VIT6, STM32U5F7VIT6Q, STM32U5F7VJT6, STM32U5F7VJT6Q, STM32U5F9BJY6QTR, STM32U5F9NJH6Q, STM32U5F9VIT6Q, STM32U5F9VJT6Q, STM32U5F9ZIJ6QTR, STM32U5F9ZIT6Q, STM32U5F9ZJJ6QTR, STM32U5F9ZJT6Q, STM32U5G7VJT6, STM32U5G7VJT6Q, STM32U5G9BJY6QTR, STM32U5G9J-DK1, STM32U5G9J-DK2, STM32U5G9NJH6Q, STM32U5G9VJT6Q, STM32U5G9ZJJ6QTR, STM32U5G9ZJT6Q, STM32WB05KZV6TR, STM32WB05KZV7TR, STM32WB05TZF6TR, STM32WB05TZF7TR, STM32WB06CCF6TR, STM32WB06CCF7TR, STM32WB06CCV6TR, STM32WB06CCV7TR, STM32WB06KCV6TR, STM32WB06KCV7TR, STM32WB07CCF6TR, STM32WB07CCF7TR, STM32WB07CCV6TR, STM32WB07CCV7TR, STM32WB07KCV6TR, STM32WB07KCV7TR, STM32WB09KEV6TR, STM32WB09KEV7TR, STM32WB09TEF6TR, STM32WB09TEF7TR, STM32WB1MMCH6, STM32WBA50KGU6, STM32WBA50KGU6TR, STM32WBA52CEU6, STM32WBA52CEU6TR, STM32WBA52CEU7, STM32WBA52CEU7TR, STM32WBA52CGU6, STM32WBA52CGU6TR, STM32WBA52CGU6U, STM32WBA52CGU7, STM32WBA52CGU7TR, STM32WBA52KEU6, STM32WBA52KEU6TR, STM32WBA52KGU6, STM32WBA52KGU6TR, STM32WBA54CEU6, STM32WBA54CEU6TR, STM32WBA54CEU7, STM32WBA54CEU7TR, STM32WBA54CGU6, STM32WBA54CGU6TR, STM32WBA54CGU7, STM32WBA54CGU7TR, STM32WBA54KEU6, STM32WBA54KEU6TR, STM32WBA54KEU7, STM32WBA54KEU7TR, STM32WBA54KGU6, STM32WBA54KGU6TR, STM32WBA54KGU7, STM32WBA54KGU7TR, STM32WBA55CEU6, STM32WBA55CEU6TR, STM32WBA55CEU7, STM32WBA55CEU7TR, STM32WBA55CGU6, STM32WBA55CGU6TR, STM32WBA55CGU6U, STM32WBA55CGU7, STM32WBA55CGU7TR, STM32WBA55G-DK1, STM32WBA55HEF6, STM32WBA55HEF7, STM32WBA55HGF6, STM32WBA55HGF7, STM32WBA55UEI6, STM32WBA55UEI6TR, STM32WBA55UEI7, STM32WBA55UEI7TR, STM32WBA55UGI6, STM32WBA55UGI6TR, STM32WBA55UGI7, STM32WBA55UGI7TR, STM32WBA5MMGH6TR, STM32WBA62MGF6, STM32WBA62MIF6, STM32WBA65MGF7, STM32WBA65MIF6, STM32WBA65MIF7, STM32WL30K8V6, STM32WL30KBV6, STM32WL31C8V6, STM32WL31CBV6, STM32WL31K8V6, STM32WL31KBV6, STM32WL33C8V6, STM32WL33C8V6X, STM32WL33CBV6, STM32WL33CBV6X, STM32WL33CCV6, STM32WL33CCV6A, STM32WL33CCV6X, STM32WL33K8V7, STM32WL33K8V7X, STM32WL33KBV7 , STM32WL33KBV7X, STM32WL33KCV7, STM32WL33KCV7X, STM32WL5MOCH6, STM32WL5MOCH6TR]
2025-10-08 14:59:18,996 [INFO] DbMcus:218 - Found 4801 MCUs, 4801 are supported
2025-10-08 14:59:18,997 [INFO] ApiDb:423 - Load user favorites file C:\Users\samyo/.stm32cubeide/favorites.mcus.txt: 0 item(s)
2025-10-08 14:59:18,997 [INFO] ApiDb:427 - User favorites MCUs=[]
2025-10-08 14:59:18,997 [INFO] DbMcus:224 - Set 0 / 0 favorites MCUs
2025-10-08 14:59:19,706 [INFO] ApiDb:423 - Load user favorites file C:\Users\samyo/.stm32cubeide/favorites.boards.txt: 1 item(s)
2025-10-08 14:59:19,706 [INFO] ApiDb:427 - User favorites Boards=[NUCLEO-L433RC-P]
2025-10-08 14:59:19,707 [INFO] DbBoards:198 - Set 1 / 1 favorites Boards
2025-10-08 14:59:19,891 [INFO] UtilMem:75 - End LoadConfig() Used Memory: 887715112 Bytes (1073741824)
2025-10-08 14:59:20,142 [WARN] ThirdParty:833 - waiting for thirdparty lock release [change project]
2025-10-08 14:59:20,143 [INFO] ThirdParty:835 - entering critical section [change project]
2025-10-08 14:59:20,143 [INFO] ThirdParty:1030 - CMSIS Pack Vendor :STMicroelectronics X-CUBE-PM33A1 1.0.0
2025-10-08 14:59:20,143 [INFO] ThirdParty:1030 - CMSIS Pack Vendor :STMicroelectronics USBPD 4.1
2025-10-08 14:59:20,143 [INFO] ThirdParty:1030 - CMSIS Pack Vendor :STMicroelectronics X-CUBE-NFC9 1.0.0
2025-10-08 14:59:20,143 [INFO] ThirdParty:1030 - CMSIS Pack Vendor :STMicroelectronics USB_HOST 2.0.0
2025-10-08 14:59:20,143 [INFO] ThirdParty:1030 - CMSIS Pack Vendor :STMicroelectronics FP-SNS-MOTENVWB1 1.4.0
2025-10-08 14:59:20,143 [INFO] ThirdParty:1030 - CMSIS Pack Vendor :STMicroelectronics X-CUBE-AZRTOS-F4 1.1.0
2025-10-08 14:59:20,143 [INFO] ThirdParty:1030 - CMSIS Pack Vendor :STMicroelectronics LIBJPEG 8.0.0
2025-10-08 14:59:20,143 [INFO] ThirdParty:1030 - CMSIS Pack Vendor :STMicroelectronics FP-ATR-ASTRA1 2.0.2
2025-10-08 14:59:20,143 [INFO] ThirdParty:1030 - CMSIS Pack Vendor :wolfSSL I-CUBE-wolfSSL 5.8.2
2025-10-08 14:59:20,143 [INFO] ThirdParty:1030 - CMSIS Pack Vendor :STMicroelectronics X-CUBE-BLE1 7.1.0
2025-10-08 14:59:20,143 [INFO] ThirdParty:1030 - CMSIS Pack Vendor :Avnet-IotConnect X-CUBE-IoTC-DA16k-PMOD 1.0.0
2025-10-08 14:59:20,143 [INFO] ThirdParty:1030 - CMSIS Pack Vendor :STMicroelectronics X-CUBE-SMBUS 2.1.0
2025-10-08 14:59:20,143 [INFO] ThirdParty:1030 - CMSIS Pack Vendor :wolfSSL I-CUBE-wolfMQTT 1.19.2
2025-10-08 14:59:20,143 [INFO] ThirdParty:1030 - CMSIS Pack Vendor :STMicroelectronics USB_DEVICE 3.0.0
2025-10-08 14:59:20,143 [INFO] ThirdParty:1030 - CMSIS Pack Vendor :STMicroelectronics X-CUBE-ISPU 2.1.0
2025-10-08 14:59:20,143 [INFO] ThirdParty:1030 - CMSIS Pack Vendor :STMicroelectronics X-CUBE-EEPRMA1 5.2.0
2025-10-08 14:59:20,143 [INFO] ThirdParty:1030 - CMSIS Pack Vendor :STMicroelectronics X-CUBE-BLEMGR 4.1.0
2025-10-08 14:59:20,144 [INFO] ThirdParty:1030 - CMSIS Pack Vendor :STMicroelectronics X-CUBE-AZRTOS-WB 2.0.0
2025-10-08 14:59:20,144 [INFO] ThirdParty:1030 - CMSIS Pack Vendor :STMicroelectronics X-CUBE-ST60 1.0.0
2025-10-08 14:59:20,144 [INFO] ThirdParty:1030 - CMSIS Pack Vendor :STMicroelectronics X-CUBE-GNSS1 7.0.1
2025-10-08 14:59:20,144 [INFO] ThirdParty:1030 - CMSIS Pack Vendor :STMicroelectronics X-CUBE-NFC12 1.0.0
2025-10-08 14:59:20,144 [INFO] ThirdParty:1030 - CMSIS Pack Vendor :STMicroelectronics X-CUBE-AZRTOS-F7 1.1.0
2025-10-08 14:59:20,144 [INFO] ThirdParty:1030 - CMSIS Pack Vendor :STMicroelectronics X-CUBE-AZRTOS-L5 2.0.0
2025-10-08 14:59:20,144 [INFO] ThirdParty:1030 - CMSIS Pack Vendor :STMicroelectronics X-CUBE-TOUCHGFX 4.25.0
2025-10-08 14:59:20,144 [INFO] ThirdParty:1030 - CMSIS Pack Vendor :STMicroelectronics USB_DEVICE 2.0.0
2025-10-08 14:59:20,144 [INFO] ThirdParty:1030 - CMSIS Pack Vendor :STMicroelectronics X-CUBE-NFC6 3.1.0
2025-10-08 14:59:20,144 [INFO] ThirdParty:1030 - CMSIS Pack Vendor :quantropi X-CUBE-qispace-sdk-base 2.1.0
2025-10-08 14:59:20,144 [INFO] ThirdParty:1030 - CMSIS Pack Vendor :STMicroelectronics FreeRTOS 0.0.1
2025-10-08 14:59:20,144 [INFO] ThirdParty:1030 - CMSIS Pack Vendor :STMicroelectronics X-CUBE-AZRTOS-G0 1.1.0
2025-10-08 14:59:20,144 [INFO] ThirdParty:1030 - CMSIS Pack Vendor :STMicroelectronics X-CUBE-SAFEA1 1.2.2
2025-10-08 14:59:20,144 [INFO] ThirdParty:1030 - CMSIS Pack Vendor :STMicroelectronics X-CUBE-NFC4 3.0.0
2025-10-08 14:59:20,144 [INFO] ThirdParty:1030 - CMSIS Pack Vendor :STMicroelectronics X-CUBE-SUBG2 5.0.0
2025-10-08 14:59:20,144 [INFO] ThirdParty:1030 - CMSIS Pack Vendor :STMicroelectronics X-CUBE-AZRTOS-H7RS 1.1.0
2025-10-08 14:59:20,144 [INFO] ThirdParty:1030 - CMSIS Pack Vendor :STMicroelectronics STM32_WPAN 1.0.0
2025-10-08 14:59:20,144 [INFO] ThirdParty:1030 - CMSIS Pack Vendor :EmbeddedOffice I-CUBE-FS-RTOS 1.0.1
2025-10-08 14:59:20,144 [INFO] ThirdParty:1030 - CMSIS Pack Vendor :STMicroelectronics lwIP 2.0.3
2025-10-08 14:59:20,144 [INFO] ThirdParty:1030 - CMSIS Pack Vendor :WES I-CUBE-Cesium 1.4.0
2025-10-08 14:59:20,144 [INFO] ThirdParty:1030 - CMSIS Pack Vendor :Cesanta I-CUBE-Mongoose 7.13.0
2025-10-08 14:59:20,144 [INFO] ThirdParty:1030 - CMSIS Pack Vendor :STMicroelectronics USB_HOST 1.0.0
2025-10-08 14:59:20,144 [INFO] ThirdParty:1030 - CMSIS Pack Vendor :Infineon AIROC-Wi-Fi-Bluetooth-STM32 1.7.1
2025-10-08 14:59:20,144 [INFO] ThirdParty:1030 - CMSIS Pack Vendor :STMicroelectronics X-CUBE-AZRTOS-G4 2.0.0
2025-10-08 14:59:20,144 [INFO] ThirdParty:1030 - CMSIS Pack Vendor :STMicroelectronics X-CUBE-WB05N 2.0.0
2025-10-08 14:59:20,144 [INFO] ThirdParty:1030 - CMSIS Pack Vendor :STMicroelectronics PDM2PCM 3.1.0
2025-10-08 14:59:20,144 [INFO] ThirdParty:1030 - CMSIS Pack Vendor :STMicroelectronics PDM2PCM 3.3.0
2025-10-08 14:59:20,144 [INFO] ThirdParty:1030 - CMSIS Pack Vendor :wolfSSL I-CUBE-wolfTPM 3.8.0
2025-10-08 14:59:20,144 [INFO] ThirdParty:1030 - CMSIS Pack Vendor :STMicroelectronics X-CUBE-AZRTOS-H7 3.4.0
2025-10-08 14:59:20,144 [INFO] ThirdParty:1030 - CMSIS Pack Vendor :STMicroelectronics X-CUBE-DISPLAY 3.0.0
2025-10-08 14:59:20,144 [INFO] ThirdParty:1030 - CMSIS Pack Vendor :wolfSSL I-CUBE-wolfSSH 1.4.20
2025-10-08 14:59:20,144 [INFO] ThirdParty:1030 - CMSIS Pack Vendor :STMicroelectronics X-CUBE-NFC7 2.0.0
2025-10-08 14:59:20,144 [INFO] ThirdParty:1030 - CMSIS Pack Vendor :STMicroelectronics X-CUBE-TCPP 4.2.0
2025-10-08 14:59:20,144 [INFO] ThirdParty:1030 - CMSIS Pack Vendor :RealThread X-CUBE-RT-Thread_Nano 4.1.1
2025-10-08 14:59:20,144 [INFO] ThirdParty:1030 - CMSIS Pack Vendor :STMicroelectronics FP-ATR-SIGFOX1 3.2.0
2025-10-08 14:59:20,144 [INFO] ThirdParty:1030 - CMSIS Pack Vendor :STMicroelectronics X-CUBE-NFC10 1.0.0
2025-10-08 14:59:20,144 [INFO] ThirdParty:1030 - CMSIS Pack Vendor :STMicroelectronics X-CUBE-FREERTOS 1.3.1
2025-10-08 14:59:20,145 [INFO] ThirdParty:1030 - CMSIS Pack Vendor :STMicroelectronics HAL Drivers 0.0.0
2025-10-08 14:59:20,145 [INFO] ThirdParty:1030 - CMSIS Pack Vendor :STMicroelectronics MBEDTLS 2.16.2
2025-10-08 14:59:20,145 [INFO] ThirdParty:1030 - CMSIS Pack Vendor :STMicroelectronics X-CUBE-IPS 3.1.0
2025-10-08 14:59:20,145 [INFO] ThirdParty:1030 - CMSIS Pack Vendor :STMicroelectronics X-CUBE-ALS 1.0.2
2025-10-08 14:59:20,145 [INFO] ThirdParty:1030 - CMSIS Pack Vendor :emotas I-CUBE-CANOPEN 1.3.0
2025-10-08 14:59:20,145 [INFO] ThirdParty:1030 - CMSIS Pack Vendor :STMicroelectronics MBEDTLS 2.14.1
2025-10-08 14:59:20,145 [INFO] ThirdParty:1030 - CMSIS Pack Vendor :ITTIA_DB I-CUBE-ITTIADB 8.9.0
2025-10-08 14:59:20,145 [INFO] ThirdParty:1030 - CMSIS Pack Vendor :STMicroelectronics X-CUBE-TOUCHGFX 4.26.0
2025-10-08 14:59:20,145 [INFO] ThirdParty:1030 - CMSIS Pack Vendor :STMicroelectronics X-CUBE-STSE01 1.0.0
2025-10-08 14:59:20,145 [INFO] ThirdParty:1030 - CMSIS Pack Vendor :STMicroelectronics X-CUBE-ST67W61 1.0.0
2025-10-08 14:59:20,145 [INFO] ThirdParty:1030 - CMSIS Pack Vendor :STMicroelectronics FP-SNS-STBOX1 2.1.0
2025-10-08 14:59:20,145 [INFO] ThirdParty:1030 - CMSIS Pack Vendor :STMicroelectronics X-CUBE-AI 10.2.0
2025-10-08 14:59:20,145 [INFO] ThirdParty:1030 - CMSIS Pack Vendor :STMicroelectronics FP-SNS-STAIOTCFT 1.0.0
2025-10-08 14:59:20,145 [INFO] ThirdParty:1030 - CMSIS Pack Vendor :STMicroelectronics ThreadX 1.0.0
2025-10-08 14:59:20,145 [INFO] ThirdParty:1030 - CMSIS Pack Vendor :STMicroelectronics FP-SNS-SMARTAG2 1.2.0
2025-10-08 14:59:20,145 [INFO] ThirdParty:1030 - CMSIS Pack Vendor :STMicroelectronics FP-SNS-FLIGHT1 5.1.0
2025-10-08 14:59:20,145 [INFO] ThirdParty:1030 - CMSIS Pack Vendor :STMicroelectronics X-CUBE-AZRTOS-WL 2.0.0
2025-10-08 14:59:20,145 [INFO] ThirdParty:1030 - CMSIS Pack Vendor :SEGGER I-CUBE-embOS 1.3.1
2025-10-08 14:59:20,145 [INFO] ThirdParty:1030 - CMSIS Pack Vendor :STMicroelectronics X-CUBE-ALGOBUILD 1.4.0
2025-10-08 14:59:20,145 [INFO] ThirdParty:1030 - CMSIS Pack Vendor :STMicroelectronics X-CUBE-DPower 1.3.0
2025-10-08 14:59:20,145 [INFO] ThirdParty:1030 - CMSIS Pack Vendor :STMicroelectronics X-CUBE-MEMS1 11.3.0
2025-10-08 14:59:20,145 [INFO] ThirdParty:1030 - CMSIS Pack Vendor :STMicroelectronics FP-SNS-MOTENV1 5.0.0
2025-10-08 14:59:20,145 [INFO] ThirdParty:1030 - CMSIS Pack Vendor :STMicroelectronics USB_DEVICE 1.0.0
2025-10-08 14:59:20,145 [INFO] ThirdParty:1030 - CMSIS Pack Vendor :STMicroelectronics X-CUBE-AZRTOS-L4 2.0.0
2025-10-08 14:59:20,145 [INFO] ThirdParty:1030 - CMSIS Pack Vendor :STMicroelectronics ThreadX 0.0.2
2025-10-08 14:59:20,145 [INFO] ThirdParty:1030 - CMSIS Pack Vendor :STMicroelectronics lwIP 2.1.2
2025-10-08 14:59:20,145 [INFO] ThirdParty:1030 - CMSIS Pack Vendor :STMicroelectronics X-CUBE-SFXS2LP1 4.0.0
2025-10-08 14:59:20,145 [INFO] ThirdParty:1030 - CMSIS Pack Vendor :STMicroelectronics X-CUBE-BLE2 3.3.0
2025-10-08 14:59:20,145 [INFO] ThirdParty:1030 - CMSIS Pack Vendor :STMicroelectronics X-CUBE-TOF1 3.4.3
2025-10-08 14:59:20,145 [INFO] ThirdParty:1030 - CMSIS Pack Vendor :STMicroelectronics PDM2PCM 3.2.0
2025-10-08 14:59:20,145 [INFO] ThirdParty:841 - exiting critical section [change project]
2025-10-08 14:59:21,189 [INFO] PinOutPanel:1589 - setPackage(No Configuration,No Configuration)
2025-10-08 14:59:21,195 [INFO] PinOutPanel:1589 - setPackage(STM32L433RCTxP,LQFP64)
2025-10-08 14:59:23,932 [INFO] UtilMem:75 - Before build in PCC Used Memory: 459804336 Bytes (1073741824)
2025-10-08 14:59:27,034 [INFO] UtilMem:75 - After build in PCC Used Memory: 576754544 Bytes (1073741824)
2025-10-08 14:59:27,114 [INFO] IPUIPlugin:80 - create IPUIPlugin
2025-10-08 14:59:27,115 [INFO] IPUIPlugin:80 - create IPUIPlugin
2025-10-08 14:59:27,115 [INFO] IPUIPlugin:80 - create IPUIPlugin
2025-10-08 14:59:27,115 [INFO] IPUIPlugin:80 - create IPUIPlugin
2025-10-08 14:59:27,117 [INFO] IPUIPlugin:80 - create IPUIPlugin
2025-10-08 14:59:27,118 [INFO] IPUIPlugin:80 - create IPUIPlugin
2025-10-08 14:59:27,118 [INFO] IPUIPlugin:80 - create IPUIPlugin
2025-10-08 14:59:27,119 [INFO] IPUIPlugin:80 - create IPUIPlugin
2025-10-08 14:59:27,119 [INFO] IPUIPlugin:80 - create IPUIPlugin
2025-10-08 14:59:27,119 [INFO] IPUIPlugin:80 - create IPUIPlugin
2025-10-08 14:59:27,120 [INFO] IPUIPlugin:80 - create IPUIPlugin
2025-10-08 14:59:27,120 [INFO] IPUIPlugin:80 - create IPUIPlugin
2025-10-08 14:59:27,120 [INFO] IPUIPlugin:80 - create IPUIPlugin
2025-10-08 14:59:27,121 [INFO] IPUIPlugin:80 - create IPUIPlugin
2025-10-08 14:59:27,123 [INFO] IPUIPlugin:80 - create IPUIPlugin
2025-10-08 14:59:27,124 [INFO] IPUIPlugin:80 - create IPUIPlugin
2025-10-08 14:59:27,125 [INFO] IPUIPlugin:80 - create IPUIPlugin
2025-10-08 14:59:27,125 [INFO] IPUIPlugin:80 - create IPUIPlugin
2025-10-08 14:59:27,127 [INFO] IPUIPlugin:80 - create IPUIPlugin
2025-10-08 14:59:27,128 [INFO] IPUIPlugin:80 - create IPUIPlugin
2025-10-08 14:59:27,129 [INFO] IPUIPlugin:80 - create IPUIPlugin
2025-10-08 14:59:27,130 [INFO] IPUIPlugin:80 - create IPUIPlugin
2025-10-08 14:59:27,130 [INFO] IPUIPlugin:80 - create IPUIPlugin
2025-10-08 14:59:27,131 [INFO] IPUIPlugin:80 - create IPUIPlugin
2025-10-08 14:59:27,133 [INFO] IPUIPlugin:80 - create IPUIPlugin
2025-10-08 14:59:27,133 [INFO] IPUIPlugin:80 - create IPUIPlugin
2025-10-08 14:59:27,134 [INFO] IPUIPlugin:80 - create IPUIPlugin
2025-10-08 14:59:27,135 [INFO] IPUIPlugin:80 - create IPUIPlugin
2025-10-08 14:59:27,136 [INFO] IPUIPlugin:80 - create IPUIPlugin
2025-10-08 14:59:27,136 [INFO] IPUIPlugin:80 - create IPUIPlugin
2025-10-08 14:59:27,137 [INFO] IPUIPlugin:80 - create IPUIPlugin
2025-10-08 14:59:27,138 [INFO] IPUIPlugin:80 - create IPUIPlugin
2025-10-08 14:59:27,138 [INFO] IPUIPlugin:80 - create IPUIPlugin
2025-10-08 14:59:27,139 [INFO] IPUIPlugin:80 - create IPUIPlugin
2025-10-08 14:59:27,139 [INFO] IPUIPlugin:80 - create IPUIPlugin
2025-10-08 14:59:27,141 [INFO] IPUIPlugin:80 - create IPUIPlugin
2025-10-08 14:59:27,141 [INFO] IPUIPlugin:80 - create IPUIPlugin
2025-10-08 14:59:27,142 [INFO] IPUIPlugin:80 - create IPUIPlugin
2025-10-08 14:59:27,142 [INFO] IPUIPlugin:80 - create IPUIPlugin
2025-10-08 14:59:27,143 [INFO] IPUIPlugin:80 - create IPUIPlugin
2025-10-08 14:59:27,143 [INFO] IPUIPlugin:80 - create IPUIPlugin
2025-10-08 14:59:27,144 [INFO] IPUIPlugin:80 - create IPUIPlugin
2025-10-08 14:59:27,145 [INFO] IPUIPlugin:80 - create IPUIPlugin
2025-10-08 14:59:27,147 [INFO] IPUIPlugin:80 - create IPUIPlugin
2025-10-08 14:59:27,148 [INFO] IPUIPlugin:80 - create IPUIPlugin
2025-10-08 14:59:27,659 [INFO] CADModel:165 - CPN selected for project levelSTM32L433RCT6P
2025-10-08 14:59:27,660 [INFO] CADModel:114 - Register for checkConnection events
2025-10-08 14:59:27,766 [INFO] OpenFileManager:386 - Restore cursor
2025-10-08 16:59:28,680 [INFO] NvicIntPanel:101 - NVIC parent = com.st.microxplorer.plugins.ip.nvic.MultiNvicIntPanel[,0,0,0x0,invalid,layout=javax.swing.BoxLayout,alignmentX=0.0,alignmentY=0.0,border=,flags=9,maximumSize=,minimumSize=,preferredSize=]
2025-10-08 17:11:19,396 [ERROR] LogOutputStream:75 - [STDERR_REDIRECT] 
2025-10-08 17:11:19,398 [ERROR] LogOutputStream:75 - [STDERR_REDIRECT] 
2025-10-09 09:54:59,369 [INFO] Activator:176 - 


2025-10-09 09:54:59,370 [INFO] Activator:177 - !SESSION log4j initialized
2025-10-09 09:55:04,472 [INFO] LogOutputStream:77 - [STDOUT_REDIRECT] 
2025-10-09 09:55:10,336 [INFO] ApplicationProperties:184 - Using Application install path: C:\ST\STM32CubeIDE_1.19.0\STM32CubeIDE\plugins\com.st.stm32cube.common.mx_6.15.0.202507011659
2025-10-09 09:55:10,362 [INFO] DbMcusXml:78 - Set database path to: C:\ST\STM32CubeIDE_1.19.0\STM32CubeIDE\plugins\com.st.stm32cube.common.mx_6.15.0.202507011659\\db\/mcu/
2025-10-09 09:55:10,363 [INFO] ApiDb:274 - Set plugin database path to: C:\ST\STM32CubeIDE_1.19.0\STM32CubeIDE\plugins\com.st.stm32cube.common.mx_6.15.0.202507011659\\db\/plugins/boardmanager/
2025-10-09 09:55:10,363 [WARN] ApiDb:259 - Overriding images path with different value:  => C:\ST\STM32CubeIDE_1.19.0\STM32CubeIDE\plugins\com.st.stm32cube.common.mx_6.15.0.202507011659\\db\/plugins/mcufinder/images/
2025-10-09 09:55:10,372 [INFO] ApiDb:250 - Set database path to: C:\Users\samyo\.stmcufinder\plugins\mcufinder//mcu/
2025-10-09 09:55:10,373 [INFO] DbMcusAds:125 - Set database path to: C:\Users\samyo\.stmcufinder\plugins\mcufinder//mcu/
2025-10-09 09:55:10,376 [INFO] CrossReferenceDbSqlite:203 - Set database path to: C:\Users\samyo\.stmcufinder\plugins\mcufinder//mcu/cs/
2025-10-09 09:55:10,528 [INFO] RulesReader:64 - Compatibility file has been processed (317 Rules)
2025-10-09 09:55:10,650 [INFO] DbMcusXml:78 - Set database path to: C:\ST\STM32CubeIDE_1.19.0\STM32CubeIDE\plugins\com.st.stm32cube.common.mx_6.15.0.202507011659\\db\/mcu/
2025-10-09 09:55:10,651 [INFO] ApiDb:274 - Set plugin database path to: C:\ST\STM32CubeIDE_1.19.0\STM32CubeIDE\plugins\com.st.stm32cube.common.mx_6.15.0.202507011659\\db\/plugins/boardmanager/
2025-10-09 09:55:10,651 [INFO] ApiDb:261 - Set plugin images path to: C:\ST\STM32CubeIDE_1.19.0\STM32CubeIDE\plugins\com.st.stm32cube.common.mx_6.15.0.202507011659\\db\/plugins/mcufinder/images/
2025-10-09 09:55:10,651 [WARN] DbFile:41 - Overriding database path with different value: C:\Users\samyo\.stmcufinder\plugins\mcufinder/ => C:\Users\samyo\.stmcufinder\plugins\mcufinder
2025-10-09 09:55:10,651 [INFO] ApiDb:250 - Set database path to: C:\Users\samyo\.stmcufinder\plugins\mcufinder//mcu/
2025-10-09 09:55:10,651 [WARN] DbFile:41 - Overriding database path with different value: C:\Users\samyo\.stmcufinder\plugins\mcufinder/ => C:\Users\samyo\.stmcufinder\plugins\mcufinder
2025-10-09 09:55:10,651 [INFO] DbMcusAds:125 - Set database path to: C:\Users\samyo\.stmcufinder\plugins\mcufinder//mcu/
2025-10-09 09:55:10,651 [WARN] DbFile:41 - Overriding database path with different value: C:\Users\samyo\.stmcufinder\plugins\mcufinder/ => C:\Users\samyo\.stmcufinder\plugins\mcufinder
2025-10-09 09:55:10,652 [WARN] DbFile:41 - Overriding database path with different value: C:\Users\samyo\.stmcufinder\plugins\mcufinder/ => C:\Users\samyo\.stmcufinder\plugins\mcufinder
2025-10-09 09:55:10,652 [INFO] CrossReferenceDbSqlite:203 - Set database path to: C:\Users\samyo\.stmcufinder\plugins\mcufinder//mcu/cs/
2025-10-09 09:55:10,741 [INFO] MainPanel:274 - HeapMemory: 268435456
2025-10-09 09:55:10,868 [INFO] DbMcusXml:78 - Set database path to: C:\ST\STM32CubeIDE_1.19.0\STM32CubeIDE\plugins\com.st.stm32cube.common.mx_6.15.0.202507011659\\db\/mcu/
2025-10-09 09:55:10,868 [INFO] ApiDb:274 - Set plugin database path to: C:\ST\STM32CubeIDE_1.19.0\STM32CubeIDE\plugins\com.st.stm32cube.common.mx_6.15.0.202507011659\\db\/plugins/boardmanager/
2025-10-09 09:55:10,869 [INFO] ApiDb:261 - Set plugin images path to: C:\ST\STM32CubeIDE_1.19.0\STM32CubeIDE\plugins\com.st.stm32cube.common.mx_6.15.0.202507011659\\db\/plugins/mcufinder/images/
2025-10-09 09:55:10,870 [WARN] DbFile:41 - Overriding database path with different value: C:\Users\samyo\.stmcufinder\plugins\mcufinder/ => C:\Users\samyo\.stmcufinder\plugins\mcufinder
2025-10-09 09:55:10,871 [INFO] ApiDb:250 - Set database path to: C:\Users\samyo\.stmcufinder\plugins\mcufinder//mcu/
2025-10-09 09:55:10,871 [WARN] DbFile:41 - Overriding database path with different value: C:\Users\samyo\.stmcufinder\plugins\mcufinder/ => C:\Users\samyo\.stmcufinder\plugins\mcufinder
2025-10-09 09:55:10,871 [INFO] DbMcusAds:125 - Set database path to: C:\Users\samyo\.stmcufinder\plugins\mcufinder//mcu/
2025-10-09 09:55:10,871 [WARN] DbFile:41 - Overriding database path with different value: C:\Users\samyo\.stmcufinder\plugins\mcufinder/ => C:\Users\samyo\.stmcufinder\plugins\mcufinder
2025-10-09 09:55:10,871 [WARN] DbFile:41 - Overriding database path with different value: C:\Users\samyo\.stmcufinder\plugins\mcufinder/ => C:\Users\samyo\.stmcufinder\plugins\mcufinder
2025-10-09 09:55:10,871 [INFO] CrossReferenceDbSqlite:203 - Set database path to: C:\Users\samyo\.stmcufinder\plugins\mcufinder//mcu/cs/
2025-10-09 09:55:10,923 [INFO] ApplicationProperties:184 - Using Application install path: C:\ST\STM32CubeIDE_1.19.0\STM32CubeIDE\plugins\com.st.stm32cube.common.mx_6.15.0.202507011659
2025-10-09 09:55:10,928 [INFO] PluginManage:196 - Search for loadable plugins [exclusion list=, ]
2025-10-09 09:55:10,933 [INFO] PluginManage:310 - Check plugin analytics
2025-10-09 09:55:11,734 [INFO] AnalyticsPlugin:253 - Accepted Software Licenses: 
2025-10-09 09:55:11,735 [INFO] AnalyticsPlugin:255 - Accepted CMSIS Pack Licenses: 
2025-10-09 09:55:11,736 [INFO] AnalyticsPlugin:257 - Accepted Firmware Licenses: FW.L4.1.18.0
2025-10-09 09:55:11,746 [INFO] PluginManage:359 - Loaded plugin analytics (category:tool,tabindex:-1)
2025-10-09 09:55:11,748 [INFO] PluginManage:310 - Check plugin cadmodel
2025-10-09 09:55:11,760 [INFO] CADModel:105 - Init CAD model plugin
2025-10-09 09:55:11,761 [INFO] PluginManage:359 - Loaded plugin cadmodel (category:power,tabindex:5)
2025-10-09 09:55:11,761 [INFO] PluginManage:310 - Check plugin clock
2025-10-09 09:55:11,791 [INFO] PluginManage:359 - Loaded plugin clock (category:base,tabindex:2)
2025-10-09 09:55:11,792 [INFO] PluginManage:310 - Check plugin ddr
2025-10-09 09:55:11,802 [INFO] PluginManage:359 - Loaded plugin ddr (category:tool,tabindex:6)
2025-10-09 09:55:11,802 [INFO] PluginManage:310 - Check plugin filemanager
2025-10-09 09:55:12,589 [INFO] PluginManage:359 - Loaded plugin filemanager (category:base,tabindex:10)
2025-10-09 09:55:12,590 [INFO] PluginManage:310 - Check plugin ipmanager
2025-10-09 09:55:12,619 [INFO] PluginManage:359 - Loaded plugin ipmanager (category:base,tabindex:5)
2025-10-09 09:55:12,619 [INFO] PluginManage:310 - Check plugin lpbam
2025-10-09 09:55:12,644 [INFO] PluginManage:359 - Loaded plugin lpbam (category:base,tabindex:0)
2025-10-09 09:55:12,644 [INFO] PluginManage:310 - Check plugin memorymap
2025-10-09 09:55:12,670 [INFO] PluginManage:359 - Loaded plugin memorymap (category:base,tabindex:4)
2025-10-09 09:55:12,670 [INFO] PluginManage:310 - Check plugin pinoutandconfiguration
2025-10-09 09:55:12,690 [INFO] PluginManage:359 - Loaded plugin pinoutandconfiguration (category:base,tabindex:1)
2025-10-09 09:55:12,690 [INFO] PluginManage:310 - Check plugin pinoutconfig
2025-10-09 09:55:12,889 [WARN] SupportedApi:132 - Cannot load RTOS API schema: s4s-elt-must-match.1: The content of 'definitions' must match (annotation?, (simpleType | complexType)?, (unique | key | keyref)*)). A problem was found starting at: attribute.
2025-10-09 09:55:13,204 [INFO] PluginManage:359 - Loaded plugin pinoutconfig (category:base,tabindex:0)
2025-10-09 09:55:13,204 [INFO] PluginManage:310 - Check plugin power
2025-10-09 09:55:13,234 [INFO] PluginManage:359 - Loaded plugin power (category:power,tabindex:4)
2025-10-09 09:55:13,235 [INFO] PluginManage:310 - Check plugin projectmanager
2025-10-09 09:55:13,285 [INFO] PluginManage:359 - Loaded plugin projectmanager (category:projectmanager,tabindex:4)
2025-10-09 09:55:13,286 [INFO] PluginManage:310 - Check plugin rif
2025-10-09 09:55:13,303 [INFO] PluginManage:359 - Loaded plugin rif (category:base,tabindex:3)
2025-10-09 09:55:13,303 [INFO] PluginManage:310 - Check plugin thirdparty
2025-10-09 09:55:13,790 [WARN] IntegrityCheckThread:84 - waiting for thirdparty lock release [integrity check]
2025-10-09 09:55:13,792 [INFO] PluginManage:359 - Loaded plugin thirdparty (category:base,tabindex:-1)
2025-10-09 09:55:13,793 [INFO] IntegrityCheckThread:86 - entering critical section [integrity check]
2025-10-09 09:55:13,793 [INFO] PluginManage:310 - Check plugin tools
2025-10-09 09:55:13,794 [INFO] ThirdPartyUpdaterWithRetryManager:70 - Updater plugin not ready yet. [1/15]
2025-10-09 09:55:13,801 [INFO] PluginManage:359 - Loaded plugin tools (category:base,tabindex:7)
2025-10-09 09:55:13,802 [INFO] PluginManage:310 - Check plugin tutovideos
2025-10-09 09:55:14,134 [INFO] PluginManage:359 - Loaded plugin tutovideos (category:base,tabindex:-1)
2025-10-09 09:55:14,135 [INFO] PluginManage:310 - Check plugin updater
2025-10-09 09:55:14,168 [INFO] PluginManage:359 - Loaded plugin updater (category:base,tabindex:12)
2025-10-09 09:55:14,168 [INFO] PluginManage:310 - Check plugin userauth
2025-10-09 09:55:14,174 [INFO] UserAuth:118 - Init User Auth plugin
2025-10-09 09:55:14,175 [INFO] PluginManage:359 - Loaded plugin userauth (category:base,tabindex:14)
2025-10-09 09:55:14,176 [INFO] PluginManage:283 - PluginManage : Loaded plugins [18]
2025-10-09 09:55:14,542 [INFO] PinOutPanel:1589 - setPackage(No Configuration,No Configuration)
2025-10-09 09:55:14,726 [INFO] CADModel:165 - CPN selected for project level
2025-10-09 09:55:14,726 [INFO] CADModel:114 - Register for checkConnection events
2025-10-09 09:55:14,761 [INFO] IPUIPlugin:80 - create IPUIPlugin
2025-10-09 09:55:14,762 [INFO] PluginManager:220 - loadIPPluginJar : add adc
2025-10-09 09:55:14,769 [INFO] IPUIPlugin:80 - create IPUIPlugin
2025-10-09 09:55:14,769 [INFO] PluginManager:220 - loadIPPluginJar : add aes
2025-10-09 09:55:14,774 [INFO] IPUIPlugin:80 - create IPUIPlugin
2025-10-09 09:55:14,775 [INFO] PluginManager:220 - loadIPPluginJar : add can
2025-10-09 09:55:14,778 [INFO] IPUIPlugin:80 - create IPUIPlugin
2025-10-09 09:55:14,778 [INFO] PluginManager:220 - loadIPPluginJar : add comp
2025-10-09 09:55:14,784 [INFO] IPUIPlugin:80 - create IPUIPlugin
2025-10-09 09:55:14,784 [INFO] PluginManager:220 - loadIPPluginJar : add cryp
2025-10-09 09:55:14,790 [INFO] IPUIPlugin:80 - create IPUIPlugin
2025-10-09 09:55:14,790 [INFO] PluginManager:220 - loadIPPluginJar : add ddr_ctrl_phy
2025-10-09 09:55:14,795 [INFO] IPUIPlugin:80 - create IPUIPlugin
2025-10-09 09:55:14,795 [INFO] PluginManager:220 - loadIPPluginJar : add dfsdm
2025-10-09 09:55:14,807 [INFO] IPUIPlugin:80 - create IPUIPlugin
2025-10-09 09:55:14,808 [INFO] PluginManager:220 - loadIPPluginJar : add dma
2025-10-09 09:55:14,814 [INFO] IPUIPlugin:80 - create IPUIPlugin
2025-10-09 09:55:14,814 [INFO] PluginManager:220 - loadIPPluginJar : add dma3
2025-10-09 09:55:14,818 [INFO] IPUIPlugin:80 - create IPUIPlugin
2025-10-09 09:55:14,819 [INFO] PluginManager:220 - loadIPPluginJar : add extmemmanager
2025-10-09 09:55:14,822 [INFO] IPUIPlugin:80 - create IPUIPlugin
2025-10-09 09:55:14,822 [INFO] PluginManager:220 - loadIPPluginJar : add fatfs
2025-10-09 09:55:14,828 [INFO] IPUIPlugin:80 - create IPUIPlugin
2025-10-09 09:55:14,828 [INFO] PluginManager:220 - loadIPPluginJar : add fmc
2025-10-09 09:55:14,838 [INFO] IPUIPlugin:80 - create IPUIPlugin
2025-10-09 09:55:14,839 [INFO] PluginManager:220 - loadIPPluginJar : add freertos
2025-10-09 09:55:14,841 [INFO] IPUIPlugin:80 - create IPUIPlugin
2025-10-09 09:55:14,841 [INFO] PluginManager:220 - loadIPPluginJar : add genericplugin
2025-10-09 09:55:14,845 [INFO] IPUIPlugin:80 - create IPUIPlugin
2025-10-09 09:55:14,846 [INFO] PluginManager:220 - loadIPPluginJar : add gfxmmu
2025-10-09 09:55:14,853 [INFO] IPUIPlugin:80 - create IPUIPlugin
2025-10-09 09:55:14,853 [INFO] PluginManager:220 - loadIPPluginJar : add gic
2025-10-09 09:55:14,860 [INFO] IPUIPlugin:80 - create IPUIPlugin
2025-10-09 09:55:14,861 [INFO] PluginManager:220 - loadIPPluginJar : add gpio
2025-10-09 09:55:14,868 [INFO] IPUIPlugin:80 - create IPUIPlugin
2025-10-09 09:55:14,868 [INFO] PluginManager:220 - loadIPPluginJar : add gtzc
2025-10-09 09:55:14,872 [INFO] IPUIPlugin:80 - create IPUIPlugin
2025-10-09 09:55:14,872 [INFO] PluginManager:220 - loadIPPluginJar : add hash
2025-10-09 09:55:14,877 [INFO] IPUIPlugin:80 - create IPUIPlugin
2025-10-09 09:55:14,877 [INFO] PluginManager:220 - loadIPPluginJar : add i2c
2025-10-09 09:55:14,883 [INFO] IPUIPlugin:80 - create IPUIPlugin
2025-10-09 09:55:14,883 [INFO] PluginManager:220 - loadIPPluginJar : add i2s
2025-10-09 09:55:14,888 [INFO] IPUIPlugin:80 - create IPUIPlugin
2025-10-09 09:55:14,888 [INFO] PluginManager:220 - loadIPPluginJar : add i3c
2025-10-09 09:55:14,892 [INFO] IPUIPlugin:80 - create IPUIPlugin
2025-10-09 09:55:14,892 [INFO] PluginManager:220 - loadIPPluginJar : add ipddr
2025-10-09 09:55:14,906 [INFO] IPUIPlugin:80 - create IPUIPlugin
2025-10-09 09:55:14,906 [INFO] PluginManager:220 - loadIPPluginJar : add linkedlist
2025-10-09 09:55:14,913 [INFO] IPUIPlugin:80 - create IPUIPlugin
2025-10-09 09:55:14,914 [INFO] PluginManager:220 - loadIPPluginJar : add lorawan
2025-10-09 09:55:14,918 [INFO] IPUIPlugin:80 - create IPUIPlugin
2025-10-09 09:55:14,919 [INFO] PluginManager:220 - loadIPPluginJar : add ltdc
2025-10-09 09:55:14,932 [INFO] IPUIPlugin:80 - create IPUIPlugin
2025-10-09 09:55:14,932 [INFO] PluginManager:220 - loadIPPluginJar : add mdma
2025-10-09 09:55:14,941 [INFO] IPUIPlugin:80 - create IPUIPlugin
2025-10-09 09:55:14,941 [INFO] PluginManager:220 - loadIPPluginJar : add nvic
2025-10-09 09:55:14,949 [INFO] IPUIPlugin:80 - create IPUIPlugin
2025-10-09 09:55:14,950 [INFO] PluginManager:220 - loadIPPluginJar : add opamp
2025-10-09 09:55:14,958 [INFO] IPUIPlugin:80 - create IPUIPlugin
2025-10-09 09:55:14,959 [INFO] PluginManager:220 - loadIPPluginJar : add openamp
2025-10-09 09:55:14,968 [INFO] IPUIPlugin:80 - create IPUIPlugin
2025-10-09 09:55:14,969 [INFO] PluginManager:220 - loadIPPluginJar : add pdm2pcm
2025-10-09 09:55:14,987 [INFO] IPUIPlugin:80 - create IPUIPlugin
2025-10-09 09:55:14,995 [INFO] PluginManager:220 - loadIPPluginJar : add plateformsettings
2025-10-09 09:55:15,000 [INFO] IPUIPlugin:80 - create IPUIPlugin
2025-10-09 09:55:15,000 [INFO] PluginManager:220 - loadIPPluginJar : add quadspi
2025-10-09 09:55:15,006 [INFO] IPUIPlugin:80 - create IPUIPlugin
2025-10-09 09:55:15,009 [INFO] PluginManager:220 - loadIPPluginJar : add radio
2025-10-09 09:55:15,021 [INFO] IPUIPlugin:80 - create IPUIPlugin
2025-10-09 09:55:15,021 [INFO] PluginManager:220 - loadIPPluginJar : add resmgrutility
2025-10-09 09:55:15,031 [INFO] IPUIPlugin:80 - create IPUIPlugin
2025-10-09 09:55:15,032 [INFO] PluginManager:220 - loadIPPluginJar : add sai
2025-10-09 09:55:15,041 [INFO] IPUIPlugin:80 - create IPUIPlugin
2025-10-09 09:55:15,042 [INFO] PluginManager:220 - loadIPPluginJar : add spi
2025-10-09 09:55:15,060 [INFO] IPUIPlugin:80 - create IPUIPlugin
2025-10-09 09:55:15,062 [INFO] PluginManager:220 - loadIPPluginJar : add stm32_wpan
2025-10-09 09:55:15,068 [INFO] IPUIPlugin:80 - create IPUIPlugin
2025-10-09 09:55:15,068 [INFO] PluginManager:220 - loadIPPluginJar : add tim
2025-10-09 09:55:15,079 [INFO] IPUIPlugin:80 - create IPUIPlugin
2025-10-09 09:55:15,080 [INFO] PluginManager:220 - loadIPPluginJar : add touchsensing
2025-10-09 09:55:15,084 [INFO] IPUIPlugin:80 - create IPUIPlugin
2025-10-09 09:55:15,084 [INFO] PluginManager:220 - loadIPPluginJar : add tracer_emb
2025-10-09 09:55:15,089 [INFO] IPUIPlugin:80 - create IPUIPlugin
2025-10-09 09:55:15,089 [INFO] PluginManager:220 - loadIPPluginJar : add ts
2025-10-09 09:55:15,092 [INFO] IPUIPlugin:80 - create IPUIPlugin
2025-10-09 09:55:15,093 [INFO] PluginManager:220 - loadIPPluginJar : add tsc
2025-10-09 09:55:15,097 [INFO] IPUIPlugin:80 - create IPUIPlugin
2025-10-09 09:55:15,099 [INFO] PluginManager:220 - loadIPPluginJar : add ucpd
2025-10-09 09:55:15,104 [INFO] IPUIPlugin:80 - create IPUIPlugin
2025-10-09 09:55:15,105 [INFO] PluginManager:220 - loadIPPluginJar : add usart
2025-10-09 09:55:15,112 [INFO] IPUIPlugin:80 - create IPUIPlugin
2025-10-09 09:55:15,112 [INFO] PluginManager:220 - loadIPPluginJar : add usbx
2025-10-09 09:55:15,326 [FATAL] Updater:351 - Updater called before beeing initialized
2025-10-09 09:55:15,408 [INFO] RulesReader:64 - Compatibility file has been processed (317 Rules)
2025-10-09 09:55:15,449 [INFO] RulesReader:64 - Compatibility file has been processed (317 Rules)
2025-10-09 09:55:15,482 [INFO] CADModel:165 - CPN selected for project level
2025-10-09 09:55:15,483 [INFO] CADModel:114 - Register for checkConnection events
2025-10-09 09:55:15,483 [FATAL] Updater:351 - Updater called before beeing initialized
2025-10-09 09:55:15,484 [ERROR] CADModel:125 - Updater not yet initialized, retry later 
2025-10-09 09:55:15,975 [FATAL] Updater:351 - Updater called before beeing initialized
2025-10-09 09:55:15,981 [INFO] CADModel:165 - CPN selected for project level
2025-10-09 09:55:15,982 [INFO] CADModel:114 - Register for checkConnection events
2025-10-09 09:55:15,982 [FATAL] Updater:351 - Updater called before beeing initialized
2025-10-09 09:55:15,982 [ERROR] CADModel:125 - Updater not yet initialized, retry later 
2025-10-09 09:55:15,995 [FATAL] Updater:351 - Updater called before beeing initialized
2025-10-09 09:55:16,475 [FATAL] Updater:351 - Updater called before beeing initialized
2025-10-09 09:55:16,492 [INFO] DbMcusAds:53 - JSON generation date=Thu Oct 02 11:36:04 CEST 2025 (1759397764907)
2025-10-09 09:55:16,493 [FATAL] Updater:351 - Updater called before beeing initialized
2025-10-09 09:55:16,629 [WARN] DetailPanel:346 - Failed to get advertising image, set to default
2025-10-09 09:55:16,796 [INFO] ThirdPartyUpdaterWithRetryManager:70 - Updater plugin not ready yet. [2/15]
2025-10-09 09:55:16,918 [FATAL] Updater:351 - Updater called before beeing initialized
2025-10-09 09:55:16,924 [FATAL] Updater:351 - Updater called before beeing initialized
2025-10-09 09:55:16,924 [FATAL] Updater:351 - Updater called before beeing initialized
2025-10-09 09:55:16,924 [WARN] DetailPanel:346 - Failed to get advertising image, set to default
2025-10-09 09:55:16,925 [FATAL] Updater:351 - Updater called before beeing initialized
2025-10-09 09:55:17,046 [ERROR] Updater:1198 - MainUpdater not yet initialized. External WinMGr cannot be set.
2025-10-09 09:55:17,050 [INFO] Updater:1134 - Updater Version found : 6.15.0
2025-10-09 09:55:17,090 [INFO] ApplicationProperties:184 - Using Application install path: C:\ST\STM32CubeIDE_1.19.0\STM32CubeIDE\plugins\com.st.stm32cube.common.mx_6.15.0.202507011659
2025-10-09 09:55:18,717 [ERROR] LogOutputStream:75 - [STDERR_REDIRECT] Oct 09, 2025 9:55:18 AM java.util.prefs.WindowsPreferences <init>
2025-10-09 09:55:18,722 [ERROR] LogOutputStream:75 - [STDERR_REDIRECT] WARNING: Could not open/create prefs root node Software\JavaSoft\Prefs at root 0xffffffff80000002. Windows RegCreateKeyEx(...) returned error code 5.
2025-10-09 09:55:18,723 [ERROR] LogOutputStream:75 - [STDERR_REDIRECT] 
2025-10-09 09:55:19,139 [INFO] MainUpdater:2872 - connection check result : 10
2025-10-09 09:55:19,140 [INFO] MainUpdater:289 - Updater Check For Update Now.
2025-10-09 09:55:19,140 [INFO] MicroXplorer:498 - Change Database Version : DB.6.0.150
2025-10-09 09:55:19,171 [INFO] McuFinderGlobals:63 - Set McuFinder mode to 2 (CubeIDE integrated)
2025-10-09 09:55:19,172 [INFO] UserAuth:487 - Internet connection configuration mode: 1
2025-10-09 09:55:19,214 [INFO] JxBrowserEngine:152 - Initiate JxBrowser Engine with user profile folder
2025-10-09 09:55:19,338 [INFO] CheckServerUpdateThread:120 - End of CheckServer Thread
2025-10-09 09:55:20,016 [WARN] PackLoader:240 - Cannot read IP mode file for STMicroelectronics.FP-SNS-MOTENVWB1.1.4.0
2025-10-09 09:55:20,026 [WARN] PackLoader:240 - Cannot read IP mode file for STMicroelectronics.FP-ATR-ASTRA1.2.0.2
2025-10-09 09:55:20,039 [WARN] PackLoader:240 - Cannot read IP mode file for STMicroelectronics.X-CUBE-SMBUS.2.1.0
2025-10-09 09:55:20,045 [WARN] PackLoader:240 - Cannot read IP mode file for STMicroelectronics.X-CUBE-ST60.1.0.0
2025-10-09 09:55:20,085 [WARN] PackLoader:240 - Cannot read IP mode file for STMicroelectronics.X-CUBE-AZRTOS-F7.1.1.0
2025-10-09 09:55:20,101 [WARN] PackLoader:240 - Cannot read IP mode file for WES.I-CUBE-Cesium.1.4.0
2025-10-09 09:55:20,126 [WARN] PackLoader:240 - Cannot read IP mode file for Infineon.AIROC-Wi-Fi-Bluetooth-STM32.1.7.1
2025-10-09 09:55:20,154 [WARN] PackLoader:240 - Cannot read IP mode file for STMicroelectronics.X-CUBE-AZRTOS-H7.3.4.0
2025-10-09 09:55:20,167 [WARN] PackLoader:240 - Cannot read IP mode file for STMicroelectronics.X-CUBE-DISPLAY.3.0.0
2025-10-09 09:55:20,180 [WARN] PackLoader:240 - Cannot read IP mode file for STMicroelectronics.X-CUBE-NFC10.1.0.0
2025-10-09 09:55:20,188 [WARN] PackLoader:240 - Cannot read IP mode file for emotas.I-CUBE-CANOPEN.1.3.0
2025-10-09 09:55:20,199 [WARN] PackLoader:240 - Cannot read IP mode file for STMicroelectronics.FP-SNS-STBOX1.2.1.0
2025-10-09 09:55:20,207 [WARN] PackLoader:240 - Cannot read IP mode file for STMicroelectronics.FP-SNS-SMARTAG2.1.2.0
2025-10-09 09:55:20,212 [WARN] PackLoader:240 - Cannot read IP mode file for STMicroelectronics.FP-SNS-FLIGHT1.5.1.0
2025-10-09 09:55:20,223 [INFO] LogOutputStream:77 - [STDOUT_REDIRECT] 1 : Invalid condition id : UX_CORESTACK_Condition cause : null
2025-10-09 09:55:20,225 [INFO] LogOutputStream:77 - [STDOUT_REDIRECT] 1 : Invalid condition id : UX_CORESTACK_Condition cause : null
2025-10-09 09:55:20,227 [INFO] LogOutputStream:77 - [STDOUT_REDIRECT] 1 : Invalid condition id : UX_CORESTACK_Condition cause : null
2025-10-09 09:55:20,229 [INFO] LogOutputStream:77 - [STDOUT_REDIRECT] 1 : Invalid condition id : UX_CORESTACK_Condition cause : null
2025-10-09 09:55:20,230 [INFO] LogOutputStream:77 - [STDOUT_REDIRECT] 1 : Invalid condition id : UX_CORESTACK_Condition cause : null
2025-10-09 09:55:20,235 [WARN] PackLoader:240 - Cannot read IP mode file for STMicroelectronics.X-CUBE-AZRTOS-WL.2.0.0
2025-10-09 09:55:20,240 [WARN] PackLoader:240 - Cannot read IP mode file for STMicroelectronics.FP-SNS-MOTENV1.5.0.0
2025-10-09 09:55:20,248 [WARN] PackLoader:240 - Cannot read IP mode file for STMicroelectronics.X-CUBE-BLE2.3.3.0
2025-10-09 09:55:20,254 [WARN] PackLoader:240 - Cannot read IP mode file for STMicroelectronics.X-CUBE-NFC9.1.0.0
2025-10-09 09:55:20,261 [WARN] PackLoader:240 - Cannot read IP mode file for wolfSSL.I-CUBE-wolfSSL.5.8.2
2025-10-09 09:55:20,266 [WARN] PackLoader:240 - Cannot read IP mode file for STMicroelectronics.X-CUBE-BLE1.7.1.0
2025-10-09 09:55:20,271 [WARN] PackLoader:240 - Cannot read IP mode file for wolfSSL.I-CUBE-wolfMQTT.1.19.2
2025-10-09 09:55:20,278 [WARN] PackLoader:240 - Cannot read IP mode file for STMicroelectronics.X-CUBE-EEPRMA1.5.2.0
2025-10-09 09:55:20,300 [WARN] PackLoader:240 - Cannot read IP mode file for STMicroelectronics.X-CUBE-AZRTOS-G0.1.1.0
2025-10-09 09:55:20,309 [WARN] PackLoader:240 - Cannot read IP mode file for STMicroelectronics.X-CUBE-SAFEA1.1.2.2
2025-10-09 09:55:20,317 [WARN] PackLoader:240 - Cannot read IP mode file for STMicroelectronics.X-CUBE-NFC4.3.0.0
2025-10-09 09:55:20,327 [WARN] PackLoader:240 - Cannot read IP mode file for EmbeddedOffice.I-CUBE-FS-RTOS.1.0.1
2025-10-09 09:55:20,335 [WARN] PackLoader:240 - Cannot read IP mode file for STMicroelectronics.X-CUBE-WB05N.2.0.0
2025-10-09 09:55:20,341 [WARN] PackLoader:240 - Cannot read IP mode file for wolfSSL.I-CUBE-wolfTPM.3.8.0
2025-10-09 09:55:20,348 [WARN] PackLoader:240 - Cannot read IP mode file for STMicroelectronics.X-CUBE-TCPP.4.2.0
2025-10-09 09:55:20,354 [WARN] PackLoader:240 - Cannot read IP mode file for RealThread.X-CUBE-RT-Thread_Nano.4.1.1
2025-10-09 09:55:20,360 [WARN] PackLoader:240 - Cannot read IP mode file for STMicroelectronics.FP-ATR-SIGFOX1.3.2.0
2025-10-09 09:55:20,367 [WARN] PackLoader:240 - Cannot read IP mode file for ITTIA_DB.I-CUBE-ITTIADB.8.9.0
2025-10-09 09:55:20,375 [WARN] PackLoader:240 - Cannot read IP mode file for STMicroelectronics.X-CUBE-ST67W61.1.0.0
2025-10-09 09:55:20,382 [WARN] PackLoader:240 - Cannot read IP mode file for STMicroelectronics.X-CUBE-AI.10.2.0
2025-10-09 09:55:20,434 [WARN] PackLoader:240 - Cannot read IP mode file for SEGGER.I-CUBE-embOS.1.3.1
2025-10-09 09:55:20,534 [WARN] PackLoader:240 - Cannot read IP mode file for STMicroelectronics.X-CUBE-ALGOBUILD.1.4.0
2025-10-09 09:55:20,700 [WARN] PackLoader:240 - Cannot read IP mode file for STMicroelectronics.X-CUBE-MEMS1.11.3.0
2025-10-09 09:55:21,482 [WARN] PackLoader:240 - Cannot read IP mode file for STMicroelectronics.X-CUBE-PM33A1.1.0.0
2025-10-09 09:55:21,529 [WARN] PackLoader:240 - Cannot read IP mode file for STMicroelectronics.X-CUBE-AZRTOS-F4.1.1.0
2025-10-09 09:55:21,555 [WARN] PackLoader:240 - Cannot read IP mode file for Avnet-IotConnect.X-CUBE-IoTC-DA16k-PMOD.1.0.0
2025-10-09 09:55:21,573 [WARN] PackLoader:240 - Cannot read IP mode file for STMicroelectronics.X-CUBE-ISPU.2.1.0
2025-10-09 09:55:21,595 [WARN] PackLoader:240 - Cannot read IP mode file for STMicroelectronics.X-CUBE-NFC12.1.0.0
2025-10-09 09:55:21,644 [WARN] PackLoader:240 - Cannot read IP mode file for STMicroelectronics.X-CUBE-AZRTOS-L5.2.0.0
2025-10-09 09:55:21,676 [WARN] PackLoader:240 - Cannot read IP mode file for STMicroelectronics.X-CUBE-NFC6.3.1.0
2025-10-09 09:55:21,709 [WARN] PackLoader:240 - Cannot read IP mode file for STMicroelectronics.X-CUBE-FREERTOS.1.3.1
2025-10-09 09:55:21,742 [WARN] PackLoader:240 - Cannot read IP mode file for STMicroelectronics.X-CUBE-TOUCHGFX.4.26.0
2025-10-09 09:55:21,759 [WARN] PackLoader:240 - Cannot read IP mode file for STMicroelectronics.FP-SNS-STAIOTCFT.1.0.0
2025-10-09 09:55:21,779 [WARN] PackLoader:240 - Cannot read IP mode file for STMicroelectronics.X-CUBE-DPower.1.3.0
2025-10-09 09:55:21,832 [WARN] ConditionMgr:438 - getConditionDescription Invalid condition id : LAN8742 Phy interface Condition cause : null
2025-10-09 09:55:21,836 [WARN] PackLoader:240 - Cannot read IP mode file for STMicroelectronics.X-CUBE-AZRTOS-L4.2.0.0
2025-10-09 09:55:21,840 [WARN] ConditionMgr:1044 - genDependencies : Invalid condition id : LAN8742 Phy interface Condition cause : null
2025-10-09 09:55:21,841 [WARN] ConditionMgr:1044 - genDependencies : Invalid condition id : LAN8742 Phy interface Condition cause : null
2025-10-09 09:55:21,843 [WARN] ConditionMgr:1044 - genDependencies : Invalid condition id : LAN8742 Phy interface Condition cause : null
2025-10-09 09:55:21,870 [WARN] PackLoader:240 - Cannot read IP mode file for STMicroelectronics.X-CUBE-SFXS2LP1.4.0.0
2025-10-09 09:55:21,906 [WARN] PackLoader:240 - Cannot read IP mode file for STMicroelectronics.X-CUBE-BLEMGR.4.1.0
2025-10-09 09:55:21,950 [WARN] ConditionMgr:438 - getConditionDescription Invalid condition id : UX DEVICE CLASS RTOS Condition cause : null
2025-10-09 09:55:21,951 [WARN] ConditionMgr:438 - getConditionDescription Invalid condition id : UX DEVICE CLASS RTOS Condition cause : null
2025-10-09 09:55:21,957 [WARN] PackLoader:240 - Cannot read IP mode file for STMicroelectronics.X-CUBE-AZRTOS-WB.2.0.0
2025-10-09 09:55:21,959 [WARN] ConditionMgr:1044 - genDependencies : Invalid condition id : UX DEVICE CLASS RTOS Condition cause : null
2025-10-09 09:55:21,960 [WARN] ConditionMgr:1044 - genDependencies : Invalid condition id : UX DEVICE CLASS RTOS Condition cause : null
2025-10-09 09:55:21,961 [WARN] ConditionMgr:1044 - genDependencies : Invalid condition id : UX DEVICE CLASS RTOS Condition cause : null
2025-10-09 09:55:21,962 [WARN] ConditionMgr:1044 - genDependencies : Invalid condition id : UX DEVICE CLASS RTOS Condition cause : null
2025-10-09 09:55:21,962 [WARN] ConditionMgr:1044 - genDependencies : Invalid condition id : UX DEVICE CLASS RTOS Condition cause : null
2025-10-09 09:55:21,983 [WARN] PackLoader:240 - Cannot read IP mode file for STMicroelectronics.X-CUBE-GNSS1.7.0.1
2025-10-09 09:55:21,996 [WARN] PackLoader:240 - Cannot read IP mode file for STMicroelectronics.X-CUBE-TOUCHGFX.4.25.0
2025-10-09 09:55:22,013 [WARN] ConditionMgr:438 - getConditionDescription Invalid condition id : Cortex-A Device cause : null
2025-10-09 09:55:22,085 [WARN] ConditionMgr:1044 - genDependencies : Invalid condition id : Cortex-A Device cause : null
2025-10-09 09:55:22,085 [WARN] ConditionMgr:1044 - genDependencies : Invalid condition id : Cortex-A Device cause : null
2025-10-09 09:55:22,087 [WARN] ConditionMgr:1044 - genDependencies : Invalid condition id : Cortex-A Device cause : null
2025-10-09 09:55:22,120 [WARN] PackLoader:240 - Cannot read IP mode file for STMicroelectronics.X-CUBE-SUBG2.5.0.0
2025-10-09 09:55:22,185 [WARN] PackLoader:240 - Cannot read IP mode file for STMicroelectronics.X-CUBE-AZRTOS-H7RS.1.1.0
2025-10-09 09:55:22,211 [WARN] PackLoader:240 - Cannot read IP mode file for Cesanta.I-CUBE-Mongoose.7.13.0
2025-10-09 09:55:22,251 [WARN] PackLoader:240 - Cannot read IP mode file for STMicroelectronics.X-CUBE-AZRTOS-G4.2.0.0
2025-10-09 09:55:22,295 [WARN] PackLoader:240 - Cannot read IP mode file for wolfSSL.I-CUBE-wolfSSH.1.4.20
2025-10-09 09:55:22,314 [WARN] PackLoader:240 - Cannot read IP mode file for STMicroelectronics.X-CUBE-NFC7.2.0.0
2025-10-09 09:55:22,359 [WARN] PackLoader:240 - Cannot read IP mode file for STMicroelectronics.X-CUBE-IPS.3.1.0
2025-10-09 09:55:22,394 [WARN] PackLoader:240 - Cannot read IP mode file for STMicroelectronics.X-CUBE-ALS.1.0.2
2025-10-09 09:55:22,416 [WARN] PackLoader:240 - Cannot read IP mode file for STMicroelectronics.X-CUBE-STSE01.1.0.0
2025-10-09 09:55:22,448 [WARN] PackLoader:240 - Cannot read IP mode file for STMicroelectronics.X-CUBE-TOF1.3.4.3
2025-10-09 09:55:22,487 [INFO] ThirdParty:978 - Integrity check success = true
2025-10-09 09:55:22,487 [INFO] IntegrityCheckThread:100 - exiting critical section [integrity check]
2025-10-09 09:55:22,488 [INFO] IntegrityCheckThread:103 - End integrity checks thread
2025-10-09 09:55:23,584 [INFO] WebApp:169 - Instantiating new browser for Auth
2025-10-09 09:55:26,502 [INFO] WebApp:463 - Apply proxy settings
2025-10-09 09:55:26,504 [INFO] WebApp:548 - Chromium requires no authentication
2025-10-09 09:55:26,540 [INFO] WebApp:491 - Direct internet connection detected
2025-10-09 09:55:26,613 [INFO] WebApp:900 - Register for checkConnection events
2025-10-09 09:55:26,613 [INFO] WebApp:463 - Apply proxy settings
2025-10-09 09:55:26,614 [INFO] WebApp:548 - Chromium requires no authentication
2025-10-09 09:55:26,616 [INFO] WebApp:491 - Direct internet connection detected
2025-10-09 09:55:27,019 [INFO] WebApp:191 - Connection restablished
2025-10-09 09:55:27,279 [INFO] WebApp:225 - Starting web application
2025-10-09 09:55:27,280 [INFO] WebApp:593 - Web application path used C:\ST\STM32CubeIDE_1.19.0\STM32CubeIDE\plugins\com.st.stm32cube.common.mx_6.15.0.202507011659\db\plugins\mcufinder\reactClient1\index.html
2025-10-09 09:55:28,264 [INFO] UserAuth:487 - Internet connection configuration mode: 1
2025-10-09 10:28:48,589 [INFO] McuFinderGlobals:63 - Set McuFinder mode to 2 (CubeIDE integrated)
2025-10-09 10:28:48,596 [INFO] MainUpdater:2872 - connection check result : 10
2025-10-09 10:28:48,597 [INFO] MainUpdater:2872 - connection check result : 10
2025-10-09 10:28:48,648 [INFO] MicroXplorer:468 - Change Database Path : 
2025-10-09 10:28:48,650 [INFO] MicroXplorer:498 - Change Database Version : DB.6.0.150
2025-10-09 10:28:48,662 [WARN] ThirdParty:871 - waiting for thirdparty lock release [close project]
2025-10-09 10:28:48,662 [INFO] ThirdParty:873 - entering critical section [close project]
2025-10-09 10:28:48,665 [INFO] ThirdParty:883 - exiting critical section [close project]
2025-10-09 10:28:48,671 [INFO] PinOutPanel:1589 - setPackage(No Configuration,No Configuration)
2025-10-09 10:28:48,677 [INFO] UtilMem:75 - Begin LoadConfig() Used Memory: 266589752 Bytes (594542592)
2025-10-09 10:28:48,679 [INFO] MicroXplorer:468 - Change Database Path : 
2025-10-09 10:28:48,679 [INFO] MicroXplorer:498 - Change Database Version : DB.6.0.150
2025-10-09 10:28:48,679 [INFO] OpenFileManager:355 - Change cursor
2025-10-09 10:28:48,768 [INFO] Mcu:2029 - Initializing MCU STM32L433RCTxP STM32L433RCTxP STM32L433RCT6P
2025-10-09 10:28:53,862 [INFO] Context:786 - Trying to add GPIOservice into a context  which must be forbidden
2025-10-09 10:28:55,564 [INFO] ImportTextPane:234 - (OptionalMessage_ERROR) Pin19 (VP_RIF_VS_RIF1) cannot be retrieved for this MCU
2025-10-09 10:28:56,057 [INFO] RtosManager:558 - Registered RTOS mode: class=CMSIS, group=RTOS, mode=CMSIS_V1, owner=FREERTOS
2025-10-09 10:28:56,058 [INFO] RtosManager:558 - Registered RTOS mode: class=CMSIS, group=RTOS2, mode=CMSIS_V2, owner=FREERTOS
2025-10-09 10:28:56,058 [INFO] RtosManager:558 - Registered RTOS mode: class=RTOS, group=Core, mode=CMSIS_V1, owner=FREERTOS
2025-10-09 10:28:56,060 [INFO] RtosManager:558 - Registered RTOS mode: class=RTOS, group=Core, mode=CMSIS_V2, owner=FREERTOS
2025-10-09 10:28:56,060 [WARN] ModelIntegratedComponent:184 - Missing modes for component STMicroelectronics:FreeRTOS:0.0.1:STMicroelectronics:RTOS:FreeRTOS:Core:::10.2.0:
2025-10-09 10:28:56,148 [WARN] ModelIntegratedComponent:63 - No mode defined for component null
2025-10-09 10:28:56,149 [WARN] ModelIntegratedComponent:63 - No mode defined for component null
2025-10-09 10:28:56,149 [WARN] ModelIntegratedComponent:63 - No mode defined for component null
2025-10-09 10:28:56,150 [WARN] ModelIntegratedComponent:63 - No mode defined for component null
2025-10-09 10:28:56,150 [WARN] ModelIntegratedComponent:63 - No mode defined for component null
2025-10-09 10:28:56,151 [WARN] ModelIntegratedComponent:63 - No mode defined for component null
2025-10-09 10:28:56,151 [WARN] ModelIntegratedComponent:63 - No mode defined for component null
2025-10-09 10:28:56,152 [WARN] ModelIntegratedComponent:63 - No mode defined for component null
2025-10-09 10:28:56,152 [WARN] ModelIntegratedComponent:63 - No mode defined for component null
2025-10-09 10:28:56,153 [WARN] ModelIntegratedComponent:63 - No mode defined for component null
2025-10-09 10:28:56,153 [WARN] ModelIntegratedComponent:63 - No mode defined for component null
2025-10-09 10:28:56,154 [WARN] ModelIntegratedComponent:63 - No mode defined for component null
2025-10-09 10:28:56,154 [WARN] ModelIntegratedComponent:63 - No mode defined for component null
2025-10-09 10:28:56,155 [WARN] ModelIntegratedComponent:63 - No mode defined for component null
2025-10-09 10:28:56,155 [WARN] ModelIntegratedComponent:63 - No mode defined for component null
2025-10-09 10:28:56,156 [WARN] ModelIntegratedComponent:63 - No mode defined for component null
2025-10-09 10:28:56,156 [WARN] ModelIntegratedComponent:63 - No mode defined for component null
2025-10-09 10:28:56,156 [WARN] ModelIntegratedComponent:63 - No mode defined for component null
2025-10-09 10:28:56,157 [WARN] ModelIntegratedComponent:63 - No mode defined for component null
2025-10-09 10:28:56,157 [WARN] ModelIntegratedComponent:63 - No mode defined for component null
2025-10-09 10:28:56,158 [WARN] ModelIntegratedComponent:63 - No mode defined for component null
2025-10-09 10:28:56,158 [WARN] ModelIntegratedComponent:63 - No mode defined for component null
2025-10-09 10:28:56,159 [WARN] ModelIntegratedComponent:63 - No mode defined for component null
2025-10-09 10:28:56,159 [WARN] ModelIntegratedComponent:63 - No mode defined for component null
2025-10-09 10:28:56,160 [WARN] ModelIntegratedComponent:63 - No mode defined for component null
2025-10-09 10:28:56,160 [WARN] ModelIntegratedComponent:63 - No mode defined for component null
2025-10-09 10:28:56,160 [WARN] ModelIntegratedComponent:63 - No mode defined for component null
2025-10-09 10:28:56,161 [WARN] ModelIntegratedComponent:63 - No mode defined for component null
2025-10-09 10:28:56,161 [WARN] ModelIntegratedComponent:63 - No mode defined for component null
2025-10-09 10:28:56,161 [WARN] ModelIntegratedComponent:63 - No mode defined for component null
2025-10-09 10:28:56,162 [WARN] ModelIntegratedComponent:63 - No mode defined for component null
2025-10-09 10:28:56,162 [WARN] ModelIntegratedComponent:63 - No mode defined for component null
2025-10-09 10:28:56,163 [WARN] ModelIntegratedComponent:63 - No mode defined for component null
2025-10-09 10:28:56,163 [WARN] ModelIntegratedComponent:63 - No mode defined for component null
2025-10-09 10:28:56,163 [WARN] ModelIntegratedComponent:63 - No mode defined for component null
2025-10-09 10:28:56,165 [WARN] ModelPack:524 - Component already loaded: STMicroelectronics:HAL Drivers:0.0.0:STMicroelectronics:Device:STMicro_Driver:XSPI:HAL::0.0.1:HAL_XSPI
2025-10-09 10:28:56,562 [INFO] ThirdPartyModel:298 - Start build external matchings
2025-10-09 10:28:57,645 [INFO] ThirdPartyModel:316 - End build external matchings
2025-10-09 10:28:57,666 [INFO] ImportTextPane:234 - (OptionalMessage_ERROR) IP (RCC) : Invalid parameter (FamilyName)
2025-10-09 10:28:57,666 [INFO] ImportTextPane:234 - (OptionalMessage_ERROR) IP (RCC) : Invalid parameter (I2C4Freq_Value)
2025-10-09 10:28:57,668 [INFO] ImportTextPane:234 - (OptionalMessage_ERROR) IP (RCC) : Parameter (RNGFreq_Value) has invalid value (64000000)
2025-10-09 10:28:57,668 [INFO] ImportTextPane:234 - (OptionalMessage_ERROR) IP (RCC) : Parameter (SDMMCFreq_Value) has invalid value (64000000)
2025-10-09 10:28:57,668 [INFO] ImportTextPane:234 - (OptionalMessage_ERROR) IP (RCC) : Invalid parameter (UART4Freq_Value)
2025-10-09 10:28:57,668 [INFO] ImportTextPane:234 - (OptionalMessage_ERROR) IP (RCC) : Invalid parameter (UART5Freq_Value)
2025-10-09 10:28:57,668 [INFO] ImportTextPane:234 - (OptionalMessage_ERROR) IP (RCC) : Parameter (USBFreq_Value) has invalid value (64000000)
2025-10-09 10:28:57,669 [INFO] ImportTextPane:234 - (OptionalMessage_ERROR) IP (RCC) : Invalid parameter (VCOSAI2OutputFreq_Value)
2025-10-09 10:28:58,713 [INFO] ApiDb:581 - Connected to CubeFinder SQLite database (C:\Users\samyo\.stmcufinder\plugins\mcufinder\mcu\cube-finder-db.db)
2025-10-09 10:28:58,932 [INFO] ApiDb:668 - CubeFinder database Data Model version=2.1
2025-10-09 10:28:58,932 [INFO] ApiDb:669 - CubeFinder database Configuration version=3.0.39
2025-10-09 10:28:58,934 [INFO] ApiDb:670 - CubeFinder database generation date=2025-08-25 (1756130511)
2025-10-09 10:28:58,935 [INFO] ApiDb:671 - CubeFinder database FW Pack versions=[FP-ATR-ASTRA1_V2.0.0, FP-SNS-FLIGHT1_V5.1.0, FP-SNS-MOTENV1_V5.0.0, FP-SNS-MOTENVWB1_V1.4.0, FP-SNS-SMARTAG2_V1.2.0, FP-SNS-STBOX1_V2.1.0, STM32Cube_FW_C0_V1.4.0, STM32Cube_FW_F4_V1.28.3, STM32Cube_FW_F7_V1.17.4, STM32Cube_FW_G0_V1.6.2, STM32Cube_FW_G4_V1.6.1, STM32Cube_FW_H5_V1.5.0, STM32Cube_FW_H7RS_V1.2.0, STM32Cube_FW_H7_V1.12.1, STM32Cube_FW_L0_V1.12.2, STM32Cube_FW_L4_V1.18.1, STM32Cube_FW_L5_V1.5.1, STM32Cube_FW_N6_V1.2.0, STM32Cube_FW_U0_V1.3.0, STM32Cube_FW_U3_V1.2.0, STM32Cube_FW_U5_V1.8.0, STM32Cube_FW_WB0_V1.3.0, STM32Cube_FW_WBA_V1.7.0, STM32Cube_FW_WB_V1.23.0, STM32Cube_FW_WL3_V1.2.0, STM32Cube_FW_WL_V1.3.1, X-CUBE-ALGOBUILD_V1.4.0, X-CUBE-ALS_V1.0.2, X-CUBE-AZRTOS-F4_V1.1.0, X-CUBE-AZRTOS-F7_V1.1.0, X-CUBE-AZRTOS-G0_V1.1.0, X-CUBE-AZRTOS-G4_V2.0.0, X-CUBE-AZRTOS-H7RS_V1.1.0, X-CUBE-AZRTOS-H7_V3.4.0, X-CUBE-AZRTOS-L4_V2.0.0, X-CUBE-AZRTOS-L5_V2.0.0, X-CUBE-AZRTOS-WB_V2.0.0, X-CUBE-AZRTOS-WL_V2.0.0, X-CUBE-BLE1_V7.1.0, X-CUBE-BLE2_V3.3.0, X-CUBE-BLEMGR_V4.1.0, X-CUBE-EEPRMA1_V5.2.0, X-CUBE-FREERTOS_V1.3.1, X-CUBE-GNSS1_V6.0.0, X-CUBE-MEMS1_V11.3.0, X-CUBE-NFC4_V3.0.0, X-CUBE-NFC7_V2.0.0, X-CUBE-SFXS2LP1_V4.0.0, X-CUBE-ST67W61_V1.0.0, X-CUBE-SUBG2_V5.0.0, X-CUBE-TOF1_V3.4.3]
2025-10-09 10:28:59,166 [INFO] DbBoardsSqlite:226 - include board P-NUCLEO-WB55-NUCLEO as a kit item of type 'Nucleo-64'
2025-10-09 10:28:59,168 [INFO] DbBoardsSqlite:226 - include board P-NUCLEO-WB55-USBDONGLE as a kit item of type 'Nucleo USB Dongle'
2025-10-09 10:28:59,173 [INFO] DbBoardsSqlite:226 - include board STEVAL-IDP005V1 as a kit item of type 'Evaluation Board'
2025-10-09 10:28:59,175 [INFO] DbBoardsSqlite:226 - include board STEVAL-IDP005V2 as a kit item of type 'Evaluation Board'
2025-10-09 10:28:59,670 [INFO] ApiDb:240 - Found 880 in-development CPN: [B-G473E-ZEST1S, B-WB1M-WPAN1, B-WBA5M-WPAN, B-WL5M-SUBG1, NUCLEO-C031C6, NUCLEO-C051C8, NUCLEO-C071RB, NUCLEO-C092RC, NUCLEO-H503RB, NUCLEO-H533RE, NUCLEO-H563ZI, NUCLEO-H7S3L8, NUCLEO-N657X0-Q, NUCLEO-U031R8, NUCLEO-U083RC, NUCLEO-U385RG-Q, NUCLEO-U545RE-Q, NUCLEO-U5A5ZJ-Q, NUCLEO-WB05KZ, NUCLEO-WB07CC, NUCLEO-WB09KE, NUCLEO-WBA52CG, NUCLEO-WBA55CG, NUCLEO-WL33CC1, NUCLEO-WL33CC2, STEVAL-PROTEUS1, STEVAL-SMARTAG2, STEVAL-STWINBX1, STM320518-EVAL, STM32C0116-DK, STM32C011D6Y3TR, STM32C011D6Y6TR, STM32C011F4P3, STM32C011F4P6, STM32C011F4U3, STM32C011F4U6TR, STM32C011F6P3, STM32C011F6P6, STM32C011F6U3, STM32C011F6U6TR, STM32C011J4M3, STM32C011J4M6, STM32C011J6M3, STM32C011J6M6, STM32C0316-DK, STM32C031C4T3, STM32C031C4T6, STM32C031C4U3, STM32C031C4U6, STM32C031C6T3, STM32C031C6T6, STM32C031C6U3, STM32C031C6U6, STM32C031F4P3, STM32C031F4P6, STM32C031F6P3, STM32C031F6P6, STM32C031G4U3, STM32C031G4U6, STM32C031G6U3, STM32C031G6U6, STM32C031K4T3, STM32C031K4T6, STM32C031K4U3, STM32C031K4U6, STM32C031K6T3, STM32C031K6T6, STM32C031K6U3, STM32C031K6U6, STM32C051C6T6, STM32C051C6U6, STM32C051C8T6, STM32C051C8U6, STM32C051D8Y6TR, STM32C051F6P6, STM32C051F8P6, STM32C051G6U6, STM32C051G8U6, STM32C051K6T6, STM32C051K6U6, STM32C051K8T6, STM32C071C8T6, STM32C071C8T6N, STM32C071C8U6, STM32C071C8U6N, STM32C071CBT6, STM32C071CBT6N, STM32C071CBU6, STM32C071CBU6N, STM32C071F8P6, STM32C071F8P6N, STM32C071FBP6, STM32C071FBP6N, STM32C071FBY6TR, STM32C071G8U6, STM32C071G8U6N, STM32C071GBU6, STM32C071GBU6N, STM32C071K8T6, STM32C071K8T6N, STM32C071K8U6, STM32C071K8U6N, STM32C071KBT6, STM32C071KBT6N, STM32C071KBU6, STM32C071KBU6N, STM32C071R8T6, STM32C071R8T6N, STM32C071RBI6N, STM32C071RBT6, STM32C071RBT6N, STM32C091CBT6, STM32C091CBU6, STM32C091CCT6, STM32C091CCU6, STM32C091ECY6TR, STM32C091FBP6, STM32C091FCP6, STM32C091GBU6, STM32C091GCU6, STM32C091KBT6, STM32C091KBU6, STM32C091KCT6, STM32C091KCU6, STM32C091RBT6, STM32C091RCI6, STM32C091RCT6, STM32C092CBT6, STM32C092CBU6, STM32C092CCT6, STM32C092CCU6, STM32C092ECY6TR, STM32C092FBP6, STM32C092FCP6, STM32C092GBU6, STM32C092GCU6, STM32C092KBT6, STM32C092KBU6, STM32C092KCT6, STM32C092KCU6, STM32C092RBT6, STM32C092RCI6, STM32C092RCT6, STM32G071K8TXN, STM32G071K8UXN, STM32G081GBU6N, STM32G081KBT6N, STM32G081KBUXN, STM32G0B1CCT6N, STM32G0B1KCT6, STM32G0B1NEY6TR, STM32G0B1RCT6N, STM32G0C1CCT6, STM32G0C1CCT6N, STM32G0C1CCU6N, STM32G0C1CET6N, STM32G0C1CEU6N, STM32G0C1KCT6, STM32G0C1NEY6TR, STM32G0C1RCI6N, STM32G0C1RCT6N, STM32G0C1REI6N, STM32G0C1RET6N, STM32G0C1VCI6, STM32G0C1VEI6, STM32G411C6T3, STM32G411C6T6, STM32G411C6U3, STM32G411C6U6, STM32G411C8T3, STM32G411C8T6, STM32G411C8U3, STM32G411C8U6, STM32G411CBT3, STM32G411CBT6, STM32G411CBU3, STM32G411CBU6, STM32G411K6T3, STM32G411K6T6, STM32G411K6U3, STM32G411K6U6, STM32G411K8T3, STM32G411K8T6, STM32G411K8U3, STM32G411K8U6, STM32G411KBT3, STM32G411KBT6, STM32G411KBU3, STM32G411KBU6, STM32G411M6T3, STM32G411M6T6, STM32G411M8T3, STM32G411M8T6, STM32G411MBT3, STM32G411MBT6, STM32G411R6T3, STM32G411R6T6, STM32G411R8T3, STM32G411R8T6, STM32G411RBT3, STM32G411RBT6, STM32G414CBT3, STM32G414CBT6, STM32G414CBU3, STM32G414CBU6, STM32G414CCT3, STM32G414CCT6, STM32G414CCU3, STM32G414CCU6, STM32G414MBT3, STM32G414MBT6, STM32G414MCT3, STM32G414MCT6, STM32G414RBT3, STM32G414RBT6, STM32G414RCT3, STM32G414RCT6, STM32G414VBT3, STM32G414VBT6, STM32G414VCT3, STM32G414VCT6, STM32G431CBT3Z, STM32G431RBT3Z, STM32G471CCT6, STM32G471CCU6, STM32G471CET3, STM32G471CET6, STM32G471CEU3, STM32G471CEU6, STM32G471MCT6, STM32G471MET3, STM32G471MET6, STM32G471MEY6TR, STM32G471QCT6, STM32G471QET3, STM32G471RCT6, STM32G471RET3, STM32G471RET6, STM32G471VCH6, STM32G471VCI6, STM32G471VCT6, STM32G471VEH3, STM32G471VEH6, STM32G471VEI3, STM32G471VEI6, STM32G471VET3, STM32G471VET6, STM32G473QET3Z, STM32G473RET3Z, STM32G474CCT6, STM32G491RET3Z, STM32H503CBT6, STM32H503CBU6, STM32H503EBY6TR, STM32H503KBU6, STM32H503RBT6, STM32H523CCT6, STM32H523CCU6, STM32H523CET6, STM32H523CEU6, STM32H523HEY6TR, STM32H523RCT6, STM32H523RET6, STM32H523VCI6, STM32H523VCT6, STM32H523VEI6, STM32H523VET6, STM32H523ZCJ6, STM32H523ZCT6, STM32H523ZEJ6, STM32H523ZET6, STM32H533CET6, STM32H533CEU6, STM32H533HEY6TR, STM32H533RET6, STM32H533VEI6, STM32H533VET6, STM32H533ZEJ6, STM32H533ZET6, STM32H562AGI6, STM32H562AII6, STM32H562IGK6, STM32H562IGT6, STM32H562IIK6, STM32H562IIT6, STM32H562RGT6, STM32H562RGV6, STM32H562RIT6, STM32H562RIV6, STM32H562VGT6, STM32H562VIT6, STM32H562ZGT6, STM32H562ZIT6, STM32H563AGI6, STM32H563AII3Q, STM32H563AII6, STM32H563IGK6, STM32H563IGT6, STM32H563IIK3Q, STM32H563IIK6, STM32H563IIT3Q, STM32H563IIT6, STM32H563MIY3QTR, STM32H563RGT6, STM32H563RGV6, STM32H563RIT6, STM32H563RIV6, STM32H563VGT6, STM32H563VIT3Q, STM32H563VIT6, STM32H563ZGT6, STM32H563ZIT3Q, STM32H563ZIT6, STM32H573AII3Q, STM32H573AII6, STM32H573I-DK, STM32H573IIK3Q, STM32H573IIK6, STM32H573IIT3Q, STM32H573IIT6, STM32H573MIY3QTR, STM32H573RIT6, STM32H573RIV6, STM32H573VIT3Q, STM32H573VIT6, STM32H573ZIT3Q, STM32H573ZIT6, STM32H7R3A8I6, STM32H7R3I8K6, STM32H7R3I8T6, STM32H7R3L8H6, STM32H7R3L8H6H, STM32H7R3R8V6, STM32H7R3V8H6, STM32H7R3V8T6, STM32H7R3V8Y6TR, STM32H7R3Z8J6, STM32H7R3Z8T6, STM32H7R7A8I6, STM32H7R7I8K6, STM32H7R7I8T6, STM32H7R7L8H6, STM32H7R7L8H6H, STM32H7R7Z8J6, STM32H7S3A8I6, STM32H7S3I8K6, STM32H7S3I8T6, STM32H7S3L8H6, STM32H7S3L8H6H, STM32H7S3R8V6, STM32H7S3V8H6, STM32H7S3V8T6, STM32H7S3V8Y6TR, STM32H7S3Z8J6, STM32H7S3Z8T6, STM32H7S78-DK, STM32H7S7A8I6, STM32H7S7I8K6, STM32H7S7I8T6, STM32H7S7L8H6, STM32H7S7L8H6H, STM32H7S7Z8J6, STM32L4R5QGI6STR, STM32MP131AAE3, STM32MP131AAF3, STM32MP131AAG3, STM32MP131CAE3, STM32MP131CAF3, STM32MP131CAG3, STM32MP131DAE7, STM32MP131DAF7, STM32MP131DAG7, STM32MP131FAE7, STM32MP131FAF7, STM32MP131FAG7, STM32MP133AAE3, STM32MP133AAF3, STM32MP133AAG3, STM32MP133CAE3, STM32MP133CAF3, STM32MP133CAG3, STM32MP133DAE7, STM32MP133DAF7, STM32MP133DAG7, STM32MP133FAE7, STM32MP133FAF7, STM32MP133FAG7, STM32MP135AAE3, STM32MP135AAF3, STM32MP135AAG3, STM32MP135CAE3, STM32MP135CAF3, STM32MP135CAG3, STM32MP135DAE7, STM32MP135DAF7, STM32MP135DAG7, STM32MP135F-DK, STM32MP135FAE7, STM32MP135FAF7, STM32MP135FAF7T, STM32MP135FAF7U, STM32MP135FAG7, STM32MP211AAL3, STM32MP211AAM3, STM32MP211AAN3, STM32MP211AAO3, STM32MP211CAL3, STM32MP211CAM3, STM32MP211CAN3, STM32MP211CAO3, STM32MP211DAL3, STM32MP211DAM3, STM32MP211DAN3, STM32MP211DAO3, STM32MP211FAL3, STM32MP211FAM3, STM32MP211FAN3, STM32MP211FAO3, STM32MP213AAL3, STM32MP213AAM3, STM32MP213AAN3, STM32MP213AAO3, STM32MP213CAL3, STM32MP213CAM3, STM32MP213CAN3, STM32MP213CAO3, STM32MP213DAL3, STM32MP213DAM3, STM32MP213DAN3, STM32MP213DAO3, STM32MP213FAL3, STM32MP213FAM3, STM32MP213FAN3, STM32MP213FAO3, STM32MP215AAL3, STM32MP215AAM3, STM32MP215AAN3, STM32MP215AAO3, STM32MP215CAL3, STM32MP215CAM3, STM32MP215CAN3, STM32MP215CAO3, STM32MP215DAL3, STM32MP215DAM3, STM32MP215DAN3, STM32MP215DAO3, STM32MP215F-DK, STM32MP215FAL3, STM32MP215FAM3, STM32MP215FAN3, STM32MP215FAO3, STM32MP231AAJ3, STM32MP231AAK3, STM32MP231AAL3, STM32MP231CAJ3, STM32MP231CAK3, STM32MP231CAL3, STM32MP231DAJ3, STM32MP231DAK3, STM32MP231DAL3, STM32MP231FAJ3, STM32MP231FAK3, STM32MP231FAL3, STM32MP233AAJ3, STM32MP233AAK3, STM32MP233AAL3, STM32MP233CAJ3, STM32MP233CAK3, STM32MP233CAL3, STM32MP233DAJ3, STM32MP233DAK3, STM32MP233DAL3, STM32MP233FAJ3, STM32MP233FAK3, STM32MP233FAL3, STM32MP235AAJ3, STM32MP235AAK3, STM32MP235AAL3, STM32MP235CAJ3, STM32MP235CAK3, STM32MP235CAL3, STM32MP235DAJ3, STM32MP235DAK3, STM32MP235DAL3, STM32MP235FAJ3, STM32MP235FAK3, STM32MP235FAL3, STM32MP251AAI3, STM32MP251AAK3, STM32MP251AAL3, STM32MP251CAI3, STM32MP251CAK3, STM32MP251CAL3, STM32MP251DAI3, STM32MP251DAK3, STM32MP251DAL3, STM32MP251FAI3, STM32MP251FAK3, STM32MP251FAL3, STM32MP253AAI3, STM32MP253AAK3, STM32MP253AAL3, STM32MP253CAI3, STM32MP253CAK3, STM32MP253CAL3, STM32MP253DAI3, STM32MP253DAK3, STM32MP253DAL3, STM32MP253FAI3, STM32MP253FAK3, STM32MP253FAL3, STM32MP255AAI3, STM32MP255AAK3, STM32MP255AAL3, STM32MP255CAI3, STM32MP255CAK3, STM32MP255CAL3, STM32MP255DAI3, STM32MP255DAK3, STM32MP255DAL3, STM32MP255FAI3, STM32MP255FAK3, STM32MP255FAL3, STM32MP257AAI3, STM32MP257AAK3, STM32MP257AAL3, STM32MP257CAI3, STM32MP257CAK3, STM32MP257CAL3, STM32MP257DAI3, STM32MP257DAK3, STM32MP257DAL3, STM32MP257F-DK, STM32MP257F-EV1, STM32MP257FAI3, STM32MP257FAK3, STM32MP257FAL3, STM32N645A0H3Q, STM32N645B0H3Q, STM32N645I0H3Q, STM32N645L0H3Q, STM32N645X0H3Q, STM32N645Z0H3Q, STM32N647A0H3Q, STM32N647B0H3Q, STM32N647I0H3Q, STM32N647L0H3Q, STM32N647X0H3Q, STM32N647Z0H3Q, STM32N655A0H3Q, STM32N655B0H3Q, STM32N655I0H3Q, STM32N655L0H3Q, STM32N655X0H3Q, STM32N655Z0H3Q, STM32N6570-DK, STM32N657A0H3Q, STM32N657B0H3Q, STM32N657I0H3Q, STM32N657L0H3Q, STM32N657X0H3Q, STM32N657Z0H3Q, STM32U031C6T6, STM32U031C6U6, STM32U031C8T6, STM32U031C8U6, STM32U031F4P6, STM32U031F6P6, STM32U031F8P6, STM32U031G6Y6TR, STM32U031G8Y6TR, STM32U031K4U6, STM32U031K6U6, STM32U031K8U6, STM32U031R6I6, STM32U031R6T6, STM32U031R8I6, STM32U031R8T6, STM32U073C8T6, STM32U073C8U6, STM32U073CBT6, STM32U073CBU6, STM32U073CCT6, STM32U073CCU6, STM32U073H8Y6TR, STM32U073HBY6TR, STM32U073HCY6TR, STM32U073K8U6, STM32U073KBU6, STM32U073KCU6, STM32U073M8I6, STM32U073M8T6, STM32U073MBI6, STM32U073MBT6, STM32U073MCI6, STM32U073MCT6, STM32U073R8I6, STM32U073R8T6, STM32U073RBI6, STM32U073RBT6, STM32U073RCI6, STM32U073RCT6, STM32U083C-DK, STM32U083CCT6, STM32U083CCU6, STM32U083HCY6TR, STM32U083KCU6, STM32U083MCI6, STM32U083MCT6, STM32U083RCI6, STM32U083RCT6, STM32U375CET6, STM32U375CET6Q, STM32U375CEU6, STM32U375CEU6Q, STM32U375CEY6QTR, STM32U375CGT6, STM32U375CGT6Q, STM32U375CGU6, STM32U375CGU6Q, STM32U375CGY6QTR, STM32U375KEU6, STM32U375KGU6, STM32U375REI6, STM32U375REI6Q, STM32U375RET6, STM32U375RET6Q, STM32U375REY6GTR, STM32U375REY6QTR, STM32U375RGI6, STM32U375RGI6Q, STM32U375RGT6, STM32U375RGT6Q, STM32U375RGY6GTR, STM32U375RGY6QTR, STM32U375VEI6, STM32U375VEI6Q, STM32U375VET6, STM32U375VET6Q, STM32U375VGI6, STM32U375VGI6Q, STM32U375VGT6, STM32U375VGT6Q, STM32U385CGT6, STM32U385CGT6Q, STM32U385CGU6, STM32U385CGU6Q, STM32U385CGY6QTR, STM32U385KGU6, STM32U385RGI6, STM32U385RGI6Q, STM32U385RGT6, STM32U385RGT6Q, STM32U385RGY6GTR, STM32U385RGY6QTR, STM32U385VGI6, STM32U385VGI6Q, STM32U385VGT6, STM32U385VGT6Q, STM32U535CBT6, STM32U535CBT6Q, STM32U535CBU6, STM32U535CBU6Q, STM32U535CCT6, STM32U535CCT6Q, STM32U535CCU6, STM32U535CCU6Q, STM32U535CET6, STM32U535CET6Q, STM32U535CEU6, STM32U535CEU6Q, STM32U535JEY6QTR, STM32U535NCY6QTR, STM32U535NEY6QTR, STM32U535RBI6, STM32U535RBI6Q, STM32U535RBT6, STM32U535RBT6Q, STM32U535RCI6, STM32U535RCI6Q, STM32U535RCT6, STM32U535RCT6Q, STM32U535REI6, STM32U535REI6Q, STM32U535RET6, STM32U535RET6Q, STM32U535VCI6, STM32U535VCI6Q, STM32U535VCT6, STM32U535VCT6Q, STM32U535VEI6, STM32U535VEI6Q, STM32U535VET6, STM32U535VET6Q, STM32U545CET6, STM32U545CET6Q, STM32U545CEU6, STM32U545CEU6Q, STM32U545JEY6QTR, STM32U545NEY6QTR, STM32U545REI6, STM32U545REI6Q, STM32U545RET6, STM32U545RET6Q, STM32U545VEI6, STM32U545VEI6Q, STM32U545VET6, STM32U545VET6Q, STM32U595AIH6, STM32U595AIH6Q, STM32U595AJH6, STM32U595AJH6Q, STM32U595QII6, STM32U595QII6Q, STM32U595QJI6, STM32U595QJI6Q, STM32U595RIT6, STM32U595RIT6Q, STM32U595RJT6, STM32U595RJT6Q, STM32U595VIT6, STM32U595VIT6Q, STM32U595VJT6, STM32U595VJT6Q, STM32U595ZIT6, STM32U595ZIT6Q, STM32U595ZIY6QTR, STM32U595ZJT6, STM32U595ZJT6Q, STM32U595ZJY6QTR, STM32U599BJY6QTR, STM32U599NIH6Q, STM32U599NJH6Q, STM32U599VIT6Q, STM32U599VJT6, STM32U599VJT6Q, STM32U599ZIT6Q, STM32U599ZIY6QTR, STM32U599ZJT6Q, STM32U599ZJY6QTR, STM32U5A5AJH6, STM32U5A5AJH6Q, STM32U5A5QII3Q , STM32U5A5QJI6, STM32U5A5QJI6Q, STM32U5A5RJT6, STM32U5A5RJT6Q, STM32U5A5VJT6, STM32U5A5VJT6Q, STM32U5A5ZJT6, STM32U5A5ZJT6Q, STM32U5A5ZJY6QTR, STM32U5A9BJY6QTR, STM32U5A9J-DK, STM32U5A9NJH6Q, STM32U5A9VJT6Q, STM32U5A9ZJT6Q, STM32U5A9ZJY6QTR, STM32U5F7VIT6, STM32U5F7VIT6Q, STM32U5F7VJT6, STM32U5F7VJT6Q, STM32U5F9BJY6QTR, STM32U5F9NJH6Q, STM32U5F9VIT6Q, STM32U5F9VJT6Q, STM32U5F9ZIJ6QTR, STM32U5F9ZIT6Q, STM32U5F9ZJJ6QTR, STM32U5F9ZJT6Q, STM32U5G7VJT6, STM32U5G7VJT6Q, STM32U5G9BJY6QTR, STM32U5G9J-DK1, STM32U5G9J-DK2, STM32U5G9NJH6Q, STM32U5G9VJT6Q, STM32U5G9ZJJ6QTR, STM32U5G9ZJT6Q, STM32WB05KZV6TR, STM32WB05KZV7TR, STM32WB05TZF6TR, STM32WB05TZF7TR, STM32WB06CCF6TR, STM32WB06CCF7TR, STM32WB06CCV6TR, STM32WB06CCV7TR, STM32WB06KCV6TR, STM32WB06KCV7TR, STM32WB07CCF6TR, STM32WB07CCF7TR, STM32WB07CCV6TR, STM32WB07CCV7TR, STM32WB07KCV6TR, STM32WB07KCV7TR, STM32WB09KEV6TR, STM32WB09KEV7TR, STM32WB09TEF6TR, STM32WB09TEF7TR, STM32WB1MMCH6, STM32WBA50KGU6, STM32WBA50KGU6TR, STM32WBA52CEU6, STM32WBA52CEU6TR, STM32WBA52CEU7, STM32WBA52CEU7TR, STM32WBA52CGU6, STM32WBA52CGU6TR, STM32WBA52CGU6U, STM32WBA52CGU7, STM32WBA52CGU7TR, STM32WBA52KEU6, STM32WBA52KEU6TR, STM32WBA52KGU6, STM32WBA52KGU6TR, STM32WBA54CEU6, STM32WBA54CEU6TR, STM32WBA54CEU7, STM32WBA54CEU7TR, STM32WBA54CGU6, STM32WBA54CGU6TR, STM32WBA54CGU7, STM32WBA54CGU7TR, STM32WBA54KEU6, STM32WBA54KEU6TR, STM32WBA54KEU7, STM32WBA54KEU7TR, STM32WBA54KGU6, STM32WBA54KGU6TR, STM32WBA54KGU7, STM32WBA54KGU7TR, STM32WBA55CEU6, STM32WBA55CEU6TR, STM32WBA55CEU7, STM32WBA55CEU7TR, STM32WBA55CGU6, STM32WBA55CGU6TR, STM32WBA55CGU6U, STM32WBA55CGU7, STM32WBA55CGU7TR, STM32WBA55G-DK1, STM32WBA55HEF6, STM32WBA55HEF7, STM32WBA55HGF6, STM32WBA55HGF7, STM32WBA55UEI6, STM32WBA55UEI6TR, STM32WBA55UEI7, STM32WBA55UEI7TR, STM32WBA55UGI6, STM32WBA55UGI6TR, STM32WBA55UGI7, STM32WBA55UGI7TR, STM32WBA5MMGH6TR, STM32WBA62MGF6, STM32WBA62MIF6, STM32WBA65MGF7, STM32WBA65MIF6, STM32WBA65MIF7, STM32WL30K8V6, STM32WL30KBV6, STM32WL31C8V6, STM32WL31CBV6, STM32WL31K8V6, STM32WL31KBV6, STM32WL33C8V6, STM32WL33C8V6X, STM32WL33CBV6, STM32WL33CBV6X, STM32WL33CCV6, STM32WL33CCV6A, STM32WL33CCV6X, STM32WL33K8V7, STM32WL33K8V7X, STM32WL33KBV7 , STM32WL33KBV7X, STM32WL33KCV7, STM32WL33KCV7X, STM32WL5MOCH6, STM32WL5MOCH6TR]
2025-10-09 10:29:00,002 [INFO] BoardInfo:889 - No configuration file found for board P-NUCLEO-WB55
2025-10-09 10:29:00,004 [INFO] DbBoards:161 - Kit is not supported: P-NUCLEO-WB55
2025-10-09 10:29:00,016 [INFO] BoardInfo:889 - No configuration file found for board STEVAL-BFA001V1B
2025-10-09 10:29:00,018 [INFO] DbBoards:161 - Kit is not supported: STEVAL-BFA001V1B
2025-10-09 10:29:00,020 [INFO] BoardInfo:889 - No configuration file found for board STEVAL-BFA001V2B
2025-10-09 10:29:00,021 [INFO] DbBoards:161 - Kit is not supported: STEVAL-BFA001V2B
2025-10-09 10:29:00,388 [INFO] DbBoards:168 - Found 212 boards, 209 are supported
2025-10-09 10:29:00,389 [INFO] DbBoards:169 - Found 212 boards, 43 of them is supported for  Bsp
2025-10-09 10:29:00,397 [INFO] ApiDb:668 - CubeFinder database Data Model version=2.1
2025-10-09 10:29:00,398 [INFO] ApiDb:669 - CubeFinder database Configuration version=3.0.39
2025-10-09 10:29:00,398 [INFO] ApiDb:670 - CubeFinder database generation date=2025-08-25 (1756130511)
2025-10-09 10:29:00,398 [INFO] ApiDb:671 - CubeFinder database FW Pack versions=[FP-ATR-ASTRA1_V2.0.0, FP-SNS-FLIGHT1_V5.1.0, FP-SNS-MOTENV1_V5.0.0, FP-SNS-MOTENVWB1_V1.4.0, FP-SNS-SMARTAG2_V1.2.0, FP-SNS-STBOX1_V2.1.0, STM32Cube_FW_C0_V1.4.0, STM32Cube_FW_F4_V1.28.3, STM32Cube_FW_F7_V1.17.4, STM32Cube_FW_G0_V1.6.2, STM32Cube_FW_G4_V1.6.1, STM32Cube_FW_H5_V1.5.0, STM32Cube_FW_H7RS_V1.2.0, STM32Cube_FW_H7_V1.12.1, STM32Cube_FW_L0_V1.12.2, STM32Cube_FW_L4_V1.18.1, STM32Cube_FW_L5_V1.5.1, STM32Cube_FW_N6_V1.2.0, STM32Cube_FW_U0_V1.3.0, STM32Cube_FW_U3_V1.2.0, STM32Cube_FW_U5_V1.8.0, STM32Cube_FW_WB0_V1.3.0, STM32Cube_FW_WBA_V1.7.0, STM32Cube_FW_WB_V1.23.0, STM32Cube_FW_WL3_V1.2.0, STM32Cube_FW_WL_V1.3.1, X-CUBE-ALGOBUILD_V1.4.0, X-CUBE-ALS_V1.0.2, X-CUBE-AZRTOS-F4_V1.1.0, X-CUBE-AZRTOS-F7_V1.1.0, X-CUBE-AZRTOS-G0_V1.1.0, X-CUBE-AZRTOS-G4_V2.0.0, X-CUBE-AZRTOS-H7RS_V1.1.0, X-CUBE-AZRTOS-H7_V3.4.0, X-CUBE-AZRTOS-L4_V2.0.0, X-CUBE-AZRTOS-L5_V2.0.0, X-CUBE-AZRTOS-WB_V2.0.0, X-CUBE-AZRTOS-WL_V2.0.0, X-CUBE-BLE1_V7.1.0, X-CUBE-BLE2_V3.3.0, X-CUBE-BLEMGR_V4.1.0, X-CUBE-EEPRMA1_V5.2.0, X-CUBE-FREERTOS_V1.3.1, X-CUBE-GNSS1_V6.0.0, X-CUBE-MEMS1_V11.3.0, X-CUBE-NFC4_V3.0.0, X-CUBE-NFC7_V2.0.0, X-CUBE-SFXS2LP1_V4.0.0, X-CUBE-ST67W61_V1.0.0, X-CUBE-SUBG2_V5.0.0, X-CUBE-TOF1_V3.4.3]
2025-10-09 10:29:02,883 [INFO] ApiDb:240 - Found 880 in-development CPN: [B-G473E-ZEST1S, B-WB1M-WPAN1, B-WBA5M-WPAN, B-WL5M-SUBG1, NUCLEO-C031C6, NUCLEO-C051C8, NUCLEO-C071RB, NUCLEO-C092RC, NUCLEO-H503RB, NUCLEO-H533RE, NUCLEO-H563ZI, NUCLEO-H7S3L8, NUCLEO-N657X0-Q, NUCLEO-U031R8, NUCLEO-U083RC, NUCLEO-U385RG-Q, NUCLEO-U545RE-Q, NUCLEO-U5A5ZJ-Q, NUCLEO-WB05KZ, NUCLEO-WB07CC, NUCLEO-WB09KE, NUCLEO-WBA52CG, NUCLEO-WBA55CG, NUCLEO-WL33CC1, NUCLEO-WL33CC2, STEVAL-PROTEUS1, STEVAL-SMARTAG2, STEVAL-STWINBX1, STM320518-EVAL, STM32C0116-DK, STM32C011D6Y3TR, STM32C011D6Y6TR, STM32C011F4P3, STM32C011F4P6, STM32C011F4U3, STM32C011F4U6TR, STM32C011F6P3, STM32C011F6P6, STM32C011F6U3, STM32C011F6U6TR, STM32C011J4M3, STM32C011J4M6, STM32C011J6M3, STM32C011J6M6, STM32C0316-DK, STM32C031C4T3, STM32C031C4T6, STM32C031C4U3, STM32C031C4U6, STM32C031C6T3, STM32C031C6T6, STM32C031C6U3, STM32C031C6U6, STM32C031F4P3, STM32C031F4P6, STM32C031F6P3, STM32C031F6P6, STM32C031G4U3, STM32C031G4U6, STM32C031G6U3, STM32C031G6U6, STM32C031K4T3, STM32C031K4T6, STM32C031K4U3, STM32C031K4U6, STM32C031K6T3, STM32C031K6T6, STM32C031K6U3, STM32C031K6U6, STM32C051C6T6, STM32C051C6U6, STM32C051C8T6, STM32C051C8U6, STM32C051D8Y6TR, STM32C051F6P6, STM32C051F8P6, STM32C051G6U6, STM32C051G8U6, STM32C051K6T6, STM32C051K6U6, STM32C051K8T6, STM32C071C8T6, STM32C071C8T6N, STM32C071C8U6, STM32C071C8U6N, STM32C071CBT6, STM32C071CBT6N, STM32C071CBU6, STM32C071CBU6N, STM32C071F8P6, STM32C071F8P6N, STM32C071FBP6, STM32C071FBP6N, STM32C071FBY6TR, STM32C071G8U6, STM32C071G8U6N, STM32C071GBU6, STM32C071GBU6N, STM32C071K8T6, STM32C071K8T6N, STM32C071K8U6, STM32C071K8U6N, STM32C071KBT6, STM32C071KBT6N, STM32C071KBU6, STM32C071KBU6N, STM32C071R8T6, STM32C071R8T6N, STM32C071RBI6N, STM32C071RBT6, STM32C071RBT6N, STM32C091CBT6, STM32C091CBU6, STM32C091CCT6, STM32C091CCU6, STM32C091ECY6TR, STM32C091FBP6, STM32C091FCP6, STM32C091GBU6, STM32C091GCU6, STM32C091KBT6, STM32C091KBU6, STM32C091KCT6, STM32C091KCU6, STM32C091RBT6, STM32C091RCI6, STM32C091RCT6, STM32C092CBT6, STM32C092CBU6, STM32C092CCT6, STM32C092CCU6, STM32C092ECY6TR, STM32C092FBP6, STM32C092FCP6, STM32C092GBU6, STM32C092GCU6, STM32C092KBT6, STM32C092KBU6, STM32C092KCT6, STM32C092KCU6, STM32C092RBT6, STM32C092RCI6, STM32C092RCT6, STM32G071K8TXN, STM32G071K8UXN, STM32G081GBU6N, STM32G081KBT6N, STM32G081KBUXN, STM32G0B1CCT6N, STM32G0B1KCT6, STM32G0B1NEY6TR, STM32G0B1RCT6N, STM32G0C1CCT6, STM32G0C1CCT6N, STM32G0C1CCU6N, STM32G0C1CET6N, STM32G0C1CEU6N, STM32G0C1KCT6, STM32G0C1NEY6TR, STM32G0C1RCI6N, STM32G0C1RCT6N, STM32G0C1REI6N, STM32G0C1RET6N, STM32G0C1VCI6, STM32G0C1VEI6, STM32G411C6T3, STM32G411C6T6, STM32G411C6U3, STM32G411C6U6, STM32G411C8T3, STM32G411C8T6, STM32G411C8U3, STM32G411C8U6, STM32G411CBT3, STM32G411CBT6, STM32G411CBU3, STM32G411CBU6, STM32G411K6T3, STM32G411K6T6, STM32G411K6U3, STM32G411K6U6, STM32G411K8T3, STM32G411K8T6, STM32G411K8U3, STM32G411K8U6, STM32G411KBT3, STM32G411KBT6, STM32G411KBU3, STM32G411KBU6, STM32G411M6T3, STM32G411M6T6, STM32G411M8T3, STM32G411M8T6, STM32G411MBT3, STM32G411MBT6, STM32G411R6T3, STM32G411R6T6, STM32G411R8T3, STM32G411R8T6, STM32G411RBT3, STM32G411RBT6, STM32G414CBT3, STM32G414CBT6, STM32G414CBU3, STM32G414CBU6, STM32G414CCT3, STM32G414CCT6, STM32G414CCU3, STM32G414CCU6, STM32G414MBT3, STM32G414MBT6, STM32G414MCT3, STM32G414MCT6, STM32G414RBT3, STM32G414RBT6, STM32G414RCT3, STM32G414RCT6, STM32G414VBT3, STM32G414VBT6, STM32G414VCT3, STM32G414VCT6, STM32G431CBT3Z, STM32G431RBT3Z, STM32G471CCT6, STM32G471CCU6, STM32G471CET3, STM32G471CET6, STM32G471CEU3, STM32G471CEU6, STM32G471MCT6, STM32G471MET3, STM32G471MET6, STM32G471MEY6TR, STM32G471QCT6, STM32G471QET3, STM32G471RCT6, STM32G471RET3, STM32G471RET6, STM32G471VCH6, STM32G471VCI6, STM32G471VCT6, STM32G471VEH3, STM32G471VEH6, STM32G471VEI3, STM32G471VEI6, STM32G471VET3, STM32G471VET6, STM32G473QET3Z, STM32G473RET3Z, STM32G474CCT6, STM32G491RET3Z, STM32H503CBT6, STM32H503CBU6, STM32H503EBY6TR, STM32H503KBU6, STM32H503RBT6, STM32H523CCT6, STM32H523CCU6, STM32H523CET6, STM32H523CEU6, STM32H523HEY6TR, STM32H523RCT6, STM32H523RET6, STM32H523VCI6, STM32H523VCT6, STM32H523VEI6, STM32H523VET6, STM32H523ZCJ6, STM32H523ZCT6, STM32H523ZEJ6, STM32H523ZET6, STM32H533CET6, STM32H533CEU6, STM32H533HEY6TR, STM32H533RET6, STM32H533VEI6, STM32H533VET6, STM32H533ZEJ6, STM32H533ZET6, STM32H562AGI6, STM32H562AII6, STM32H562IGK6, STM32H562IGT6, STM32H562IIK6, STM32H562IIT6, STM32H562RGT6, STM32H562RGV6, STM32H562RIT6, STM32H562RIV6, STM32H562VGT6, STM32H562VIT6, STM32H562ZGT6, STM32H562ZIT6, STM32H563AGI6, STM32H563AII3Q, STM32H563AII6, STM32H563IGK6, STM32H563IGT6, STM32H563IIK3Q, STM32H563IIK6, STM32H563IIT3Q, STM32H563IIT6, STM32H563MIY3QTR, STM32H563RGT6, STM32H563RGV6, STM32H563RIT6, STM32H563RIV6, STM32H563VGT6, STM32H563VIT3Q, STM32H563VIT6, STM32H563ZGT6, STM32H563ZIT3Q, STM32H563ZIT6, STM32H573AII3Q, STM32H573AII6, STM32H573I-DK, STM32H573IIK3Q, STM32H573IIK6, STM32H573IIT3Q, STM32H573IIT6, STM32H573MIY3QTR, STM32H573RIT6, STM32H573RIV6, STM32H573VIT3Q, STM32H573VIT6, STM32H573ZIT3Q, STM32H573ZIT6, STM32H7R3A8I6, STM32H7R3I8K6, STM32H7R3I8T6, STM32H7R3L8H6, STM32H7R3L8H6H, STM32H7R3R8V6, STM32H7R3V8H6, STM32H7R3V8T6, STM32H7R3V8Y6TR, STM32H7R3Z8J6, STM32H7R3Z8T6, STM32H7R7A8I6, STM32H7R7I8K6, STM32H7R7I8T6, STM32H7R7L8H6, STM32H7R7L8H6H, STM32H7R7Z8J6, STM32H7S3A8I6, STM32H7S3I8K6, STM32H7S3I8T6, STM32H7S3L8H6, STM32H7S3L8H6H, STM32H7S3R8V6, STM32H7S3V8H6, STM32H7S3V8T6, STM32H7S3V8Y6TR, STM32H7S3Z8J6, STM32H7S3Z8T6, STM32H7S78-DK, STM32H7S7A8I6, STM32H7S7I8K6, STM32H7S7I8T6, STM32H7S7L8H6, STM32H7S7L8H6H, STM32H7S7Z8J6, STM32L4R5QGI6STR, STM32MP131AAE3, STM32MP131AAF3, STM32MP131AAG3, STM32MP131CAE3, STM32MP131CAF3, STM32MP131CAG3, STM32MP131DAE7, STM32MP131DAF7, STM32MP131DAG7, STM32MP131FAE7, STM32MP131FAF7, STM32MP131FAG7, STM32MP133AAE3, STM32MP133AAF3, STM32MP133AAG3, STM32MP133CAE3, STM32MP133CAF3, STM32MP133CAG3, STM32MP133DAE7, STM32MP133DAF7, STM32MP133DAG7, STM32MP133FAE7, STM32MP133FAF7, STM32MP133FAG7, STM32MP135AAE3, STM32MP135AAF3, STM32MP135AAG3, STM32MP135CAE3, STM32MP135CAF3, STM32MP135CAG3, STM32MP135DAE7, STM32MP135DAF7, STM32MP135DAG7, STM32MP135F-DK, STM32MP135FAE7, STM32MP135FAF7, STM32MP135FAF7T, STM32MP135FAF7U, STM32MP135FAG7, STM32MP211AAL3, STM32MP211AAM3, STM32MP211AAN3, STM32MP211AAO3, STM32MP211CAL3, STM32MP211CAM3, STM32MP211CAN3, STM32MP211CAO3, STM32MP211DAL3, STM32MP211DAM3, STM32MP211DAN3, STM32MP211DAO3, STM32MP211FAL3, STM32MP211FAM3, STM32MP211FAN3, STM32MP211FAO3, STM32MP213AAL3, STM32MP213AAM3, STM32MP213AAN3, STM32MP213AAO3, STM32MP213CAL3, STM32MP213CAM3, STM32MP213CAN3, STM32MP213CAO3, STM32MP213DAL3, STM32MP213DAM3, STM32MP213DAN3, STM32MP213DAO3, STM32MP213FAL3, STM32MP213FAM3, STM32MP213FAN3, STM32MP213FAO3, STM32MP215AAL3, STM32MP215AAM3, STM32MP215AAN3, STM32MP215AAO3, STM32MP215CAL3, STM32MP215CAM3, STM32MP215CAN3, STM32MP215CAO3, STM32MP215DAL3, STM32MP215DAM3, STM32MP215DAN3, STM32MP215DAO3, STM32MP215F-DK, STM32MP215FAL3, STM32MP215FAM3, STM32MP215FAN3, STM32MP215FAO3, STM32MP231AAJ3, STM32MP231AAK3, STM32MP231AAL3, STM32MP231CAJ3, STM32MP231CAK3, STM32MP231CAL3, STM32MP231DAJ3, STM32MP231DAK3, STM32MP231DAL3, STM32MP231FAJ3, STM32MP231FAK3, STM32MP231FAL3, STM32MP233AAJ3, STM32MP233AAK3, STM32MP233AAL3, STM32MP233CAJ3, STM32MP233CAK3, STM32MP233CAL3, STM32MP233DAJ3, STM32MP233DAK3, STM32MP233DAL3, STM32MP233FAJ3, STM32MP233FAK3, STM32MP233FAL3, STM32MP235AAJ3, STM32MP235AAK3, STM32MP235AAL3, STM32MP235CAJ3, STM32MP235CAK3, STM32MP235CAL3, STM32MP235DAJ3, STM32MP235DAK3, STM32MP235DAL3, STM32MP235FAJ3, STM32MP235FAK3, STM32MP235FAL3, STM32MP251AAI3, STM32MP251AAK3, STM32MP251AAL3, STM32MP251CAI3, STM32MP251CAK3, STM32MP251CAL3, STM32MP251DAI3, STM32MP251DAK3, STM32MP251DAL3, STM32MP251FAI3, STM32MP251FAK3, STM32MP251FAL3, STM32MP253AAI3, STM32MP253AAK3, STM32MP253AAL3, STM32MP253CAI3, STM32MP253CAK3, STM32MP253CAL3, STM32MP253DAI3, STM32MP253DAK3, STM32MP253DAL3, STM32MP253FAI3, STM32MP253FAK3, STM32MP253FAL3, STM32MP255AAI3, STM32MP255AAK3, STM32MP255AAL3, STM32MP255CAI3, STM32MP255CAK3, STM32MP255CAL3, STM32MP255DAI3, STM32MP255DAK3, STM32MP255DAL3, STM32MP255FAI3, STM32MP255FAK3, STM32MP255FAL3, STM32MP257AAI3, STM32MP257AAK3, STM32MP257AAL3, STM32MP257CAI3, STM32MP257CAK3, STM32MP257CAL3, STM32MP257DAI3, STM32MP257DAK3, STM32MP257DAL3, STM32MP257F-DK, STM32MP257F-EV1, STM32MP257FAI3, STM32MP257FAK3, STM32MP257FAL3, STM32N645A0H3Q, STM32N645B0H3Q, STM32N645I0H3Q, STM32N645L0H3Q, STM32N645X0H3Q, STM32N645Z0H3Q, STM32N647A0H3Q, STM32N647B0H3Q, STM32N647I0H3Q, STM32N647L0H3Q, STM32N647X0H3Q, STM32N647Z0H3Q, STM32N655A0H3Q, STM32N655B0H3Q, STM32N655I0H3Q, STM32N655L0H3Q, STM32N655X0H3Q, STM32N655Z0H3Q, STM32N6570-DK, STM32N657A0H3Q, STM32N657B0H3Q, STM32N657I0H3Q, STM32N657L0H3Q, STM32N657X0H3Q, STM32N657Z0H3Q, STM32U031C6T6, STM32U031C6U6, STM32U031C8T6, STM32U031C8U6, STM32U031F4P6, STM32U031F6P6, STM32U031F8P6, STM32U031G6Y6TR, STM32U031G8Y6TR, STM32U031K4U6, STM32U031K6U6, STM32U031K8U6, STM32U031R6I6, STM32U031R6T6, STM32U031R8I6, STM32U031R8T6, STM32U073C8T6, STM32U073C8U6, STM32U073CBT6, STM32U073CBU6, STM32U073CCT6, STM32U073CCU6, STM32U073H8Y6TR, STM32U073HBY6TR, STM32U073HCY6TR, STM32U073K8U6, STM32U073KBU6, STM32U073KCU6, STM32U073M8I6, STM32U073M8T6, STM32U073MBI6, STM32U073MBT6, STM32U073MCI6, STM32U073MCT6, STM32U073R8I6, STM32U073R8T6, STM32U073RBI6, STM32U073RBT6, STM32U073RCI6, STM32U073RCT6, STM32U083C-DK, STM32U083CCT6, STM32U083CCU6, STM32U083HCY6TR, STM32U083KCU6, STM32U083MCI6, STM32U083MCT6, STM32U083RCI6, STM32U083RCT6, STM32U375CET6, STM32U375CET6Q, STM32U375CEU6, STM32U375CEU6Q, STM32U375CEY6QTR, STM32U375CGT6, STM32U375CGT6Q, STM32U375CGU6, STM32U375CGU6Q, STM32U375CGY6QTR, STM32U375KEU6, STM32U375KGU6, STM32U375REI6, STM32U375REI6Q, STM32U375RET6, STM32U375RET6Q, STM32U375REY6GTR, STM32U375REY6QTR, STM32U375RGI6, STM32U375RGI6Q, STM32U375RGT6, STM32U375RGT6Q, STM32U375RGY6GTR, STM32U375RGY6QTR, STM32U375VEI6, STM32U375VEI6Q, STM32U375VET6, STM32U375VET6Q, STM32U375VGI6, STM32U375VGI6Q, STM32U375VGT6, STM32U375VGT6Q, STM32U385CGT6, STM32U385CGT6Q, STM32U385CGU6, STM32U385CGU6Q, STM32U385CGY6QTR, STM32U385KGU6, STM32U385RGI6, STM32U385RGI6Q, STM32U385RGT6, STM32U385RGT6Q, STM32U385RGY6GTR, STM32U385RGY6QTR, STM32U385VGI6, STM32U385VGI6Q, STM32U385VGT6, STM32U385VGT6Q, STM32U535CBT6, STM32U535CBT6Q, STM32U535CBU6, STM32U535CBU6Q, STM32U535CCT6, STM32U535CCT6Q, STM32U535CCU6, STM32U535CCU6Q, STM32U535CET6, STM32U535CET6Q, STM32U535CEU6, STM32U535CEU6Q, STM32U535JEY6QTR, STM32U535NCY6QTR, STM32U535NEY6QTR, STM32U535RBI6, STM32U535RBI6Q, STM32U535RBT6, STM32U535RBT6Q, STM32U535RCI6, STM32U535RCI6Q, STM32U535RCT6, STM32U535RCT6Q, STM32U535REI6, STM32U535REI6Q, STM32U535RET6, STM32U535RET6Q, STM32U535VCI6, STM32U535VCI6Q, STM32U535VCT6, STM32U535VCT6Q, STM32U535VEI6, STM32U535VEI6Q, STM32U535VET6, STM32U535VET6Q, STM32U545CET6, STM32U545CET6Q, STM32U545CEU6, STM32U545CEU6Q, STM32U545JEY6QTR, STM32U545NEY6QTR, STM32U545REI6, STM32U545REI6Q, STM32U545RET6, STM32U545RET6Q, STM32U545VEI6, STM32U545VEI6Q, STM32U545VET6, STM32U545VET6Q, STM32U595AIH6, STM32U595AIH6Q, STM32U595AJH6, STM32U595AJH6Q, STM32U595QII6, STM32U595QII6Q, STM32U595QJI6, STM32U595QJI6Q, STM32U595RIT6, STM32U595RIT6Q, STM32U595RJT6, STM32U595RJT6Q, STM32U595VIT6, STM32U595VIT6Q, STM32U595VJT6, STM32U595VJT6Q, STM32U595ZIT6, STM32U595ZIT6Q, STM32U595ZIY6QTR, STM32U595ZJT6, STM32U595ZJT6Q, STM32U595ZJY6QTR, STM32U599BJY6QTR, STM32U599NIH6Q, STM32U599NJH6Q, STM32U599VIT6Q, STM32U599VJT6, STM32U599VJT6Q, STM32U599ZIT6Q, STM32U599ZIY6QTR, STM32U599ZJT6Q, STM32U599ZJY6QTR, STM32U5A5AJH6, STM32U5A5AJH6Q, STM32U5A5QII3Q , STM32U5A5QJI6, STM32U5A5QJI6Q, STM32U5A5RJT6, STM32U5A5RJT6Q, STM32U5A5VJT6, STM32U5A5VJT6Q, STM32U5A5ZJT6, STM32U5A5ZJT6Q, STM32U5A5ZJY6QTR, STM32U5A9BJY6QTR, STM32U5A9J-DK, STM32U5A9NJH6Q, STM32U5A9VJT6Q, STM32U5A9ZJT6Q, STM32U5A9ZJY6QTR, STM32U5F7VIT6, STM32U5F7VIT6Q, STM32U5F7VJT6, STM32U5F7VJT6Q, STM32U5F9BJY6QTR, STM32U5F9NJH6Q, STM32U5F9VIT6Q, STM32U5F9VJT6Q, STM32U5F9ZIJ6QTR, STM32U5F9ZIT6Q, STM32U5F9ZJJ6QTR, STM32U5F9ZJT6Q, STM32U5G7VJT6, STM32U5G7VJT6Q, STM32U5G9BJY6QTR, STM32U5G9J-DK1, STM32U5G9J-DK2, STM32U5G9NJH6Q, STM32U5G9VJT6Q, STM32U5G9ZJJ6QTR, STM32U5G9ZJT6Q, STM32WB05KZV6TR, STM32WB05KZV7TR, STM32WB05TZF6TR, STM32WB05TZF7TR, STM32WB06CCF6TR, STM32WB06CCF7TR, STM32WB06CCV6TR, STM32WB06CCV7TR, STM32WB06KCV6TR, STM32WB06KCV7TR, STM32WB07CCF6TR, STM32WB07CCF7TR, STM32WB07CCV6TR, STM32WB07CCV7TR, STM32WB07KCV6TR, STM32WB07KCV7TR, STM32WB09KEV6TR, STM32WB09KEV7TR, STM32WB09TEF6TR, STM32WB09TEF7TR, STM32WB1MMCH6, STM32WBA50KGU6, STM32WBA50KGU6TR, STM32WBA52CEU6, STM32WBA52CEU6TR, STM32WBA52CEU7, STM32WBA52CEU7TR, STM32WBA52CGU6, STM32WBA52CGU6TR, STM32WBA52CGU6U, STM32WBA52CGU7, STM32WBA52CGU7TR, STM32WBA52KEU6, STM32WBA52KEU6TR, STM32WBA52KGU6, STM32WBA52KGU6TR, STM32WBA54CEU6, STM32WBA54CEU6TR, STM32WBA54CEU7, STM32WBA54CEU7TR, STM32WBA54CGU6, STM32WBA54CGU6TR, STM32WBA54CGU7, STM32WBA54CGU7TR, STM32WBA54KEU6, STM32WBA54KEU6TR, STM32WBA54KEU7, STM32WBA54KEU7TR, STM32WBA54KGU6, STM32WBA54KGU6TR, STM32WBA54KGU7, STM32WBA54KGU7TR, STM32WBA55CEU6, STM32WBA55CEU6TR, STM32WBA55CEU7, STM32WBA55CEU7TR, STM32WBA55CGU6, STM32WBA55CGU6TR, STM32WBA55CGU6U, STM32WBA55CGU7, STM32WBA55CGU7TR, STM32WBA55G-DK1, STM32WBA55HEF6, STM32WBA55HEF7, STM32WBA55HGF6, STM32WBA55HGF7, STM32WBA55UEI6, STM32WBA55UEI6TR, STM32WBA55UEI7, STM32WBA55UEI7TR, STM32WBA55UGI6, STM32WBA55UGI6TR, STM32WBA55UGI7, STM32WBA55UGI7TR, STM32WBA5MMGH6TR, STM32WBA62MGF6, STM32WBA62MIF6, STM32WBA65MGF7, STM32WBA65MIF6, STM32WBA65MIF7, STM32WL30K8V6, STM32WL30KBV6, STM32WL31C8V6, STM32WL31CBV6, STM32WL31K8V6, STM32WL31KBV6, STM32WL33C8V6, STM32WL33C8V6X, STM32WL33CBV6, STM32WL33CBV6X, STM32WL33CCV6, STM32WL33CCV6A, STM32WL33CCV6X, STM32WL33K8V7, STM32WL33K8V7X, STM32WL33KBV7 , STM32WL33KBV7X, STM32WL33KCV7, STM32WL33KCV7X, STM32WL5MOCH6, STM32WL5MOCH6TR]
2025-10-09 10:29:02,886 [INFO] DbMcus:218 - Found 4801 MCUs, 4801 are supported
2025-10-09 10:29:02,887 [INFO] ApiDb:423 - Load user favorites file C:\Users\samyo/.stm32cubeide/favorites.mcus.txt: 0 item(s)
2025-10-09 10:29:02,887 [INFO] ApiDb:427 - User favorites MCUs=[]
2025-10-09 10:29:02,887 [INFO] DbMcus:224 - Set 0 / 0 favorites MCUs
2025-10-09 10:29:03,665 [INFO] ApiDb:423 - Load user favorites file C:\Users\samyo/.stm32cubeide/favorites.boards.txt: 1 item(s)
2025-10-09 10:29:03,665 [INFO] ApiDb:427 - User favorites Boards=[NUCLEO-L433RC-P]
2025-10-09 10:29:03,665 [INFO] DbBoards:198 - Set 1 / 1 favorites Boards
2025-10-09 10:29:03,809 [INFO] UtilMem:75 - End LoadConfig() Used Memory: 325581864 Bytes (594542592)
2025-10-09 10:29:04,066 [WARN] ThirdParty:833 - waiting for thirdparty lock release [change project]
2025-10-09 10:29:04,067 [INFO] ThirdParty:835 - entering critical section [change project]
2025-10-09 10:29:04,067 [INFO] ThirdParty:1030 - CMSIS Pack Vendor :STMicroelectronics X-CUBE-PM33A1 1.0.0
2025-10-09 10:29:04,067 [INFO] ThirdParty:1030 - CMSIS Pack Vendor :STMicroelectronics USBPD 4.1
2025-10-09 10:29:04,067 [INFO] ThirdParty:1030 - CMSIS Pack Vendor :STMicroelectronics X-CUBE-NFC9 1.0.0
2025-10-09 10:29:04,068 [INFO] ThirdParty:1030 - CMSIS Pack Vendor :STMicroelectronics USB_HOST 2.0.0
2025-10-09 10:29:04,068 [INFO] ThirdParty:1030 - CMSIS Pack Vendor :STMicroelectronics FP-SNS-MOTENVWB1 1.4.0
2025-10-09 10:29:04,068 [INFO] ThirdParty:1030 - CMSIS Pack Vendor :STMicroelectronics X-CUBE-AZRTOS-F4 1.1.0
2025-10-09 10:29:04,068 [INFO] ThirdParty:1030 - CMSIS Pack Vendor :STMicroelectronics LIBJPEG 8.0.0
2025-10-09 10:29:04,068 [INFO] ThirdParty:1030 - CMSIS Pack Vendor :STMicroelectronics FP-ATR-ASTRA1 2.0.2
2025-10-09 10:29:04,068 [INFO] ThirdParty:1030 - CMSIS Pack Vendor :wolfSSL I-CUBE-wolfSSL 5.8.2
2025-10-09 10:29:04,068 [INFO] ThirdParty:1030 - CMSIS Pack Vendor :STMicroelectronics X-CUBE-BLE1 7.1.0
2025-10-09 10:29:04,068 [INFO] ThirdParty:1030 - CMSIS Pack Vendor :Avnet-IotConnect X-CUBE-IoTC-DA16k-PMOD 1.0.0
2025-10-09 10:29:04,068 [INFO] ThirdParty:1030 - CMSIS Pack Vendor :STMicroelectronics X-CUBE-SMBUS 2.1.0
2025-10-09 10:29:04,068 [INFO] ThirdParty:1030 - CMSIS Pack Vendor :wolfSSL I-CUBE-wolfMQTT 1.19.2
2025-10-09 10:29:04,068 [INFO] ThirdParty:1030 - CMSIS Pack Vendor :STMicroelectronics USB_DEVICE 3.0.0
2025-10-09 10:29:04,068 [INFO] ThirdParty:1030 - CMSIS Pack Vendor :STMicroelectronics X-CUBE-ISPU 2.1.0
2025-10-09 10:29:04,068 [INFO] ThirdParty:1030 - CMSIS Pack Vendor :STMicroelectronics X-CUBE-EEPRMA1 5.2.0
2025-10-09 10:29:04,068 [INFO] ThirdParty:1030 - CMSIS Pack Vendor :STMicroelectronics X-CUBE-BLEMGR 4.1.0
2025-10-09 10:29:04,068 [INFO] ThirdParty:1030 - CMSIS Pack Vendor :STMicroelectronics X-CUBE-AZRTOS-WB 2.0.0
2025-10-09 10:29:04,068 [INFO] ThirdParty:1030 - CMSIS Pack Vendor :STMicroelectronics X-CUBE-ST60 1.0.0
2025-10-09 10:29:04,068 [INFO] ThirdParty:1030 - CMSIS Pack Vendor :STMicroelectronics X-CUBE-GNSS1 7.0.1
2025-10-09 10:29:04,068 [INFO] ThirdParty:1030 - CMSIS Pack Vendor :STMicroelectronics X-CUBE-NFC12 1.0.0
2025-10-09 10:29:04,068 [INFO] ThirdParty:1030 - CMSIS Pack Vendor :STMicroelectronics X-CUBE-AZRTOS-F7 1.1.0
2025-10-09 10:29:04,068 [INFO] ThirdParty:1030 - CMSIS Pack Vendor :STMicroelectronics X-CUBE-AZRTOS-L5 2.0.0
2025-10-09 10:29:04,068 [INFO] ThirdParty:1030 - CMSIS Pack Vendor :STMicroelectronics X-CUBE-TOUCHGFX 4.25.0
2025-10-09 10:29:04,068 [INFO] ThirdParty:1030 - CMSIS Pack Vendor :STMicroelectronics USB_DEVICE 2.0.0
2025-10-09 10:29:04,068 [INFO] ThirdParty:1030 - CMSIS Pack Vendor :STMicroelectronics X-CUBE-NFC6 3.1.0
2025-10-09 10:29:04,068 [INFO] ThirdParty:1030 - CMSIS Pack Vendor :quantropi X-CUBE-qispace-sdk-base 2.1.0
2025-10-09 10:29:04,068 [INFO] ThirdParty:1030 - CMSIS Pack Vendor :STMicroelectronics FreeRTOS 0.0.1
2025-10-09 10:29:04,068 [INFO] ThirdParty:1030 - CMSIS Pack Vendor :STMicroelectronics X-CUBE-AZRTOS-G0 1.1.0
2025-10-09 10:29:04,069 [INFO] ThirdParty:1030 - CMSIS Pack Vendor :STMicroelectronics X-CUBE-SAFEA1 1.2.2
2025-10-09 10:29:04,069 [INFO] ThirdParty:1030 - CMSIS Pack Vendor :STMicroelectronics X-CUBE-NFC4 3.0.0
2025-10-09 10:29:04,069 [INFO] ThirdParty:1030 - CMSIS Pack Vendor :STMicroelectronics X-CUBE-SUBG2 5.0.0
2025-10-09 10:29:04,069 [INFO] ThirdParty:1030 - CMSIS Pack Vendor :STMicroelectronics X-CUBE-AZRTOS-H7RS 1.1.0
2025-10-09 10:29:04,069 [INFO] ThirdParty:1030 - CMSIS Pack Vendor :STMicroelectronics STM32_WPAN 1.0.0
2025-10-09 10:29:04,069 [INFO] ThirdParty:1030 - CMSIS Pack Vendor :EmbeddedOffice I-CUBE-FS-RTOS 1.0.1
2025-10-09 10:29:04,069 [INFO] ThirdParty:1030 - CMSIS Pack Vendor :STMicroelectronics lwIP 2.0.3
2025-10-09 10:29:04,069 [INFO] ThirdParty:1030 - CMSIS Pack Vendor :WES I-CUBE-Cesium 1.4.0
2025-10-09 10:29:04,069 [INFO] ThirdParty:1030 - CMSIS Pack Vendor :Cesanta I-CUBE-Mongoose 7.13.0
2025-10-09 10:29:04,069 [INFO] ThirdParty:1030 - CMSIS Pack Vendor :STMicroelectronics USB_HOST 1.0.0
2025-10-09 10:29:04,069 [INFO] ThirdParty:1030 - CMSIS Pack Vendor :Infineon AIROC-Wi-Fi-Bluetooth-STM32 1.7.1
2025-10-09 10:29:04,069 [INFO] ThirdParty:1030 - CMSIS Pack Vendor :STMicroelectronics X-CUBE-AZRTOS-G4 2.0.0
2025-10-09 10:29:04,069 [INFO] ThirdParty:1030 - CMSIS Pack Vendor :STMicroelectronics X-CUBE-WB05N 2.0.0
2025-10-09 10:29:04,069 [INFO] ThirdParty:1030 - CMSIS Pack Vendor :STMicroelectronics PDM2PCM 3.1.0
2025-10-09 10:29:04,069 [INFO] ThirdParty:1030 - CMSIS Pack Vendor :STMicroelectronics PDM2PCM 3.3.0
2025-10-09 10:29:04,069 [INFO] ThirdParty:1030 - CMSIS Pack Vendor :wolfSSL I-CUBE-wolfTPM 3.8.0
2025-10-09 10:29:04,069 [INFO] ThirdParty:1030 - CMSIS Pack Vendor :STMicroelectronics X-CUBE-AZRTOS-H7 3.4.0
2025-10-09 10:29:04,069 [INFO] ThirdParty:1030 - CMSIS Pack Vendor :STMicroelectronics X-CUBE-DISPLAY 3.0.0
2025-10-09 10:29:04,069 [INFO] ThirdParty:1030 - CMSIS Pack Vendor :wolfSSL I-CUBE-wolfSSH 1.4.20
2025-10-09 10:29:04,069 [INFO] ThirdParty:1030 - CMSIS Pack Vendor :STMicroelectronics X-CUBE-NFC7 2.0.0
2025-10-09 10:29:04,069 [INFO] ThirdParty:1030 - CMSIS Pack Vendor :STMicroelectronics X-CUBE-TCPP 4.2.0
2025-10-09 10:29:04,069 [INFO] ThirdParty:1030 - CMSIS Pack Vendor :RealThread X-CUBE-RT-Thread_Nano 4.1.1
2025-10-09 10:29:04,069 [INFO] ThirdParty:1030 - CMSIS Pack Vendor :STMicroelectronics FP-ATR-SIGFOX1 3.2.0
2025-10-09 10:29:04,069 [INFO] ThirdParty:1030 - CMSIS Pack Vendor :STMicroelectronics X-CUBE-NFC10 1.0.0
2025-10-09 10:29:04,070 [INFO] ThirdParty:1030 - CMSIS Pack Vendor :STMicroelectronics X-CUBE-FREERTOS 1.3.1
2025-10-09 10:29:04,070 [INFO] ThirdParty:1030 - CMSIS Pack Vendor :STMicroelectronics HAL Drivers 0.0.0
2025-10-09 10:29:04,070 [INFO] ThirdParty:1030 - CMSIS Pack Vendor :STMicroelectronics MBEDTLS 2.16.2
2025-10-09 10:29:04,070 [INFO] ThirdParty:1030 - CMSIS Pack Vendor :STMicroelectronics X-CUBE-IPS 3.1.0
2025-10-09 10:29:04,070 [INFO] ThirdParty:1030 - CMSIS Pack Vendor :STMicroelectronics X-CUBE-ALS 1.0.2
2025-10-09 10:29:04,070 [INFO] ThirdParty:1030 - CMSIS Pack Vendor :emotas I-CUBE-CANOPEN 1.3.0
2025-10-09 10:29:04,070 [INFO] ThirdParty:1030 - CMSIS Pack Vendor :STMicroelectronics MBEDTLS 2.14.1
2025-10-09 10:29:04,070 [INFO] ThirdParty:1030 - CMSIS Pack Vendor :ITTIA_DB I-CUBE-ITTIADB 8.9.0
2025-10-09 10:29:04,070 [INFO] ThirdParty:1030 - CMSIS Pack Vendor :STMicroelectronics X-CUBE-TOUCHGFX 4.26.0
2025-10-09 10:29:04,070 [INFO] ThirdParty:1030 - CMSIS Pack Vendor :STMicroelectronics X-CUBE-STSE01 1.0.0
2025-10-09 10:29:04,070 [INFO] ThirdParty:1030 - CMSIS Pack Vendor :STMicroelectronics X-CUBE-ST67W61 1.0.0
2025-10-09 10:29:04,070 [INFO] ThirdParty:1030 - CMSIS Pack Vendor :STMicroelectronics FP-SNS-STBOX1 2.1.0
2025-10-09 10:29:04,070 [INFO] ThirdParty:1030 - CMSIS Pack Vendor :STMicroelectronics X-CUBE-AI 10.2.0
2025-10-09 10:29:04,070 [INFO] ThirdParty:1030 - CMSIS Pack Vendor :STMicroelectronics FP-SNS-STAIOTCFT 1.0.0
2025-10-09 10:29:04,070 [INFO] ThirdParty:1030 - CMSIS Pack Vendor :STMicroelectronics ThreadX 1.0.0
2025-10-09 10:29:04,070 [INFO] ThirdParty:1030 - CMSIS Pack Vendor :STMicroelectronics FP-SNS-SMARTAG2 1.2.0
2025-10-09 10:29:04,070 [INFO] ThirdParty:1030 - CMSIS Pack Vendor :STMicroelectronics FP-SNS-FLIGHT1 5.1.0
2025-10-09 10:29:04,070 [INFO] ThirdParty:1030 - CMSIS Pack Vendor :STMicroelectronics X-CUBE-AZRTOS-WL 2.0.0
2025-10-09 10:29:04,070 [INFO] ThirdParty:1030 - CMSIS Pack Vendor :SEGGER I-CUBE-embOS 1.3.1
2025-10-09 10:29:04,070 [INFO] ThirdParty:1030 - CMSIS Pack Vendor :STMicroelectronics X-CUBE-ALGOBUILD 1.4.0
2025-10-09 10:29:04,071 [INFO] ThirdParty:1030 - CMSIS Pack Vendor :STMicroelectronics X-CUBE-DPower 1.3.0
2025-10-09 10:29:04,071 [INFO] ThirdParty:1030 - CMSIS Pack Vendor :STMicroelectronics X-CUBE-MEMS1 11.3.0
2025-10-09 10:29:04,071 [INFO] ThirdParty:1030 - CMSIS Pack Vendor :STMicroelectronics FP-SNS-MOTENV1 5.0.0
2025-10-09 10:29:04,071 [INFO] ThirdParty:1030 - CMSIS Pack Vendor :STMicroelectronics USB_DEVICE 1.0.0
2025-10-09 10:29:04,071 [INFO] ThirdParty:1030 - CMSIS Pack Vendor :STMicroelectronics X-CUBE-AZRTOS-L4 2.0.0
2025-10-09 10:29:04,071 [INFO] ThirdParty:1030 - CMSIS Pack Vendor :STMicroelectronics ThreadX 0.0.2
2025-10-09 10:29:04,071 [INFO] ThirdParty:1030 - CMSIS Pack Vendor :STMicroelectronics lwIP 2.1.2
2025-10-09 10:29:04,071 [INFO] ThirdParty:1030 - CMSIS Pack Vendor :STMicroelectronics X-CUBE-SFXS2LP1 4.0.0
2025-10-09 10:29:04,071 [INFO] ThirdParty:1030 - CMSIS Pack Vendor :STMicroelectronics X-CUBE-BLE2 3.3.0
2025-10-09 10:29:04,071 [INFO] ThirdParty:1030 - CMSIS Pack Vendor :STMicroelectronics X-CUBE-TOF1 3.4.3
2025-10-09 10:29:04,071 [INFO] ThirdParty:1030 - CMSIS Pack Vendor :STMicroelectronics PDM2PCM 3.2.0
2025-10-09 10:29:04,071 [INFO] ThirdParty:841 - exiting critical section [change project]
2025-10-09 10:29:05,343 [INFO] PinOutPanel:1589 - setPackage(No Configuration,No Configuration)
2025-10-09 10:29:05,349 [INFO] PinOutPanel:1589 - setPackage(STM32L433RCTxP,LQFP64)
2025-10-09 10:29:08,712 [INFO] UtilMem:75 - Before build in PCC Used Memory: 323235200 Bytes (594542592)
2025-10-09 10:29:13,192 [INFO] UtilMem:75 - After build in PCC Used Memory: 439672480 Bytes (594542592)
2025-10-09 10:29:13,299 [INFO] IPUIPlugin:80 - create IPUIPlugin
2025-10-09 10:29:13,300 [INFO] IPUIPlugin:80 - create IPUIPlugin
2025-10-09 10:29:13,300 [INFO] IPUIPlugin:80 - create IPUIPlugin
2025-10-09 10:29:13,301 [INFO] IPUIPlugin:80 - create IPUIPlugin
2025-10-09 10:29:13,302 [INFO] IPUIPlugin:80 - create IPUIPlugin
2025-10-09 10:29:13,304 [INFO] IPUIPlugin:80 - create IPUIPlugin
2025-10-09 10:29:13,305 [INFO] IPUIPlugin:80 - create IPUIPlugin
2025-10-09 10:29:13,306 [INFO] IPUIPlugin:80 - create IPUIPlugin
2025-10-09 10:29:13,306 [INFO] IPUIPlugin:80 - create IPUIPlugin
2025-10-09 10:29:13,307 [INFO] IPUIPlugin:80 - create IPUIPlugin
2025-10-09 10:29:13,307 [INFO] IPUIPlugin:80 - create IPUIPlugin
2025-10-09 10:29:13,308 [INFO] IPUIPlugin:80 - create IPUIPlugin
2025-10-09 10:29:13,308 [INFO] IPUIPlugin:80 - create IPUIPlugin
2025-10-09 10:29:13,309 [INFO] IPUIPlugin:80 - create IPUIPlugin
2025-10-09 10:29:13,309 [INFO] IPUIPlugin:80 - create IPUIPlugin
2025-10-09 10:29:13,310 [INFO] IPUIPlugin:80 - create IPUIPlugin
2025-10-09 10:29:13,311 [INFO] IPUIPlugin:80 - create IPUIPlugin
2025-10-09 10:29:13,311 [INFO] IPUIPlugin:80 - create IPUIPlugin
2025-10-09 10:29:13,313 [INFO] IPUIPlugin:80 - create IPUIPlugin
2025-10-09 10:29:13,313 [INFO] IPUIPlugin:80 - create IPUIPlugin
2025-10-09 10:29:13,314 [INFO] IPUIPlugin:80 - create IPUIPlugin
2025-10-09 10:29:13,314 [INFO] IPUIPlugin:80 - create IPUIPlugin
2025-10-09 10:29:13,315 [INFO] IPUIPlugin:80 - create IPUIPlugin
2025-10-09 10:29:13,316 [INFO] IPUIPlugin:80 - create IPUIPlugin
2025-10-09 10:29:13,317 [INFO] IPUIPlugin:80 - create IPUIPlugin
2025-10-09 10:29:13,318 [INFO] IPUIPlugin:80 - create IPUIPlugin
2025-10-09 10:29:13,319 [INFO] IPUIPlugin:80 - create IPUIPlugin
2025-10-09 10:29:13,321 [INFO] IPUIPlugin:80 - create IPUIPlugin
2025-10-09 10:29:13,322 [INFO] IPUIPlugin:80 - create IPUIPlugin
2025-10-09 10:29:13,323 [INFO] IPUIPlugin:80 - create IPUIPlugin
2025-10-09 10:29:13,323 [INFO] IPUIPlugin:80 - create IPUIPlugin
2025-10-09 10:29:13,325 [INFO] IPUIPlugin:80 - create IPUIPlugin
2025-10-09 10:29:13,326 [INFO] IPUIPlugin:80 - create IPUIPlugin
2025-10-09 10:29:13,327 [INFO] IPUIPlugin:80 - create IPUIPlugin
2025-10-09 10:29:13,327 [INFO] IPUIPlugin:80 - create IPUIPlugin
2025-10-09 10:29:13,328 [INFO] IPUIPlugin:80 - create IPUIPlugin
2025-10-09 10:29:13,329 [INFO] IPUIPlugin:80 - create IPUIPlugin
2025-10-09 10:29:13,330 [INFO] IPUIPlugin:80 - create IPUIPlugin
2025-10-09 10:29:13,331 [INFO] IPUIPlugin:80 - create IPUIPlugin
2025-10-09 10:29:13,333 [INFO] IPUIPlugin:80 - create IPUIPlugin
2025-10-09 10:29:13,334 [INFO] IPUIPlugin:80 - create IPUIPlugin
2025-10-09 10:29:13,335 [INFO] IPUIPlugin:80 - create IPUIPlugin
2025-10-09 10:29:13,337 [INFO] IPUIPlugin:80 - create IPUIPlugin
2025-10-09 10:29:13,339 [INFO] IPUIPlugin:80 - create IPUIPlugin
2025-10-09 10:29:13,340 [INFO] IPUIPlugin:80 - create IPUIPlugin
2025-10-09 10:29:14,275 [INFO] CADModel:165 - CPN selected for project levelSTM32L433RCT6P
2025-10-09 10:29:14,277 [INFO] CADModel:114 - Register for checkConnection events
2025-10-09 10:29:14,426 [INFO] OpenFileManager:386 - Restore cursor
2025-10-09 10:29:22,964 [INFO] I2cTimingTraitement:330 - 0x10D19CE4
2025-10-09 10:29:34,549 [INFO] NvicIntPanel:101 - NVIC parent = com.st.microxplorer.plugins.ip.nvic.MultiNvicIntPanel[,0,0,531x318,layout=javax.swing.BoxLayout,alignmentX=0.0,alignmentY=0.0,border=,flags=9,maximumSize=,minimumSize=,preferredSize=]
2025-10-09 10:29:35,463 [INFO] NvicIntPanel:101 - NVIC parent = com.st.microxplorer.plugins.ip.nvic.MultiNvicIntPanel[,0,0,0x0,invalid,layout=javax.swing.BoxLayout,alignmentX=0.0,alignmentY=0.0,border=,flags=9,maximumSize=,minimumSize=,preferredSize=]
2025-10-09 10:31:21,418 [INFO] UtilMem:75 - End SaveConfig() Used Memory: 254723424 Bytes (796917760)
2025-10-09 10:31:21,524 [INFO] UtilMem:75 - End SaveConfig() Used Memory: 270452064 Bytes (796917760)
2025-10-09 10:31:22,282 [INFO] UtilMem:75 - End SaveConfig() Used Memory: 304528736 Bytes (796917760)
2025-10-09 10:31:22,972 [INFO] BlockDiagram:2775 - set Specific Code input for plugin: NVIC
2025-10-09 10:31:22,973 [INFO] BlockDiagram:2775 - set Specific Code input for plugin: USART
2025-10-09 10:31:22,973 [INFO] BlockDiagram:2775 - set Specific Code input for plugin: TIM6_7L4
2025-10-09 10:31:22,973 [INFO] BlockDiagram:2775 - set Specific Code input for plugin: TIM1_8L4
2025-10-09 10:31:22,973 [INFO] BlockDiagram:2775 - set Specific Code input for plugin: SYS
2025-10-09 10:31:22,973 [INFO] BlockDiagram:2775 - set Specific Code input for plugin: GPIO
2025-10-09 10:31:22,973 [INFO] BlockDiagram:2775 - set Specific Code input for plugin: RCC
2025-10-09 10:31:22,974 [INFO] BlockDiagram:2775 - set Specific Code input for plugin: I2C
2025-10-09 10:31:22,975 [INFO] CodeGenerator:892 - code generatio: config db path: C:\ST\STM32CubeIDE_1.19.0\STM32CubeIDE\plugins\com.st.stm32cube.common.mx_6.15.0.202507011659\\db\
2025-10-09 10:31:23,182 [INFO] CodeEngine:265 - oldGeneratedFile, C:\Code\Mikrodatorteknik\Labbar\Lab4_LCD\MXTmpFiles\license.tmp_save
2025-10-09 10:31:23,703 [INFO] CodeEngine:289 - Generated code: C:\Code\Mikrodatorteknik\Labbar\Lab4_LCD\MXTmpFiles\license.tmp
2025-10-09 10:31:23,945 [INFO] CodeEngine:265 - oldGeneratedFile, C:\Code\Mikrodatorteknik\Labbar\Lab4_LCD\MXTmpFiles\gpio.tmp_save
2025-10-09 10:31:24,607 [INFO] CodeEngine:289 - Generated code: C:\Code\Mikrodatorteknik\Labbar\Lab4_LCD\MXTmpFiles\gpio.tmp
2025-10-09 10:31:26,910 [INFO] CodeEngine:265 - oldGeneratedFile, C:\Code\Mikrodatorteknik\Labbar\Lab4_LCD\Core\Src\stm32l4xx_it.c_save
2025-10-09 10:31:27,540 [INFO] CodeEngine:289 - Generated code: C:\Code\Mikrodatorteknik\Labbar\Lab4_LCD\Core\Src\stm32l4xx_it.c
2025-10-09 10:31:27,590 [INFO] CodeEngine:265 - oldGeneratedFile, C:\Code\Mikrodatorteknik\Labbar\Lab4_LCD\Core\Inc\stm32l4xx_it.h_save
2025-10-09 10:31:27,970 [INFO] CodeEngine:289 - Generated code: C:\Code\Mikrodatorteknik\Labbar\Lab4_LCD\Core\Inc\stm32l4xx_it.h
2025-10-09 10:31:28,057 [INFO] CodeEngine:265 - oldGeneratedFile, C:\Code\Mikrodatorteknik\Labbar\Lab4_LCD\Core\Src\stm32l4xx_hal_msp.c_save
2025-10-09 10:31:28,801 [INFO] CodeEngine:289 - Generated code: C:\Code\Mikrodatorteknik\Labbar\Lab4_LCD\Core\Src\stm32l4xx_hal_msp.c
2025-10-09 10:31:28,829 [INFO] CodeEngine:265 - oldGeneratedFile, C:\Code\Mikrodatorteknik\Labbar\Lab4_LCD\MXTmpFiles\system.tmp_save
2025-10-09 10:31:29,032 [INFO] CodeEngine:289 - Generated code: C:\Code\Mikrodatorteknik\Labbar\Lab4_LCD\MXTmpFiles\system.tmp
2025-10-09 10:31:29,076 [INFO] CodeEngine:321 - oldGeneratedFile, C:\Code\Mikrodatorteknik\Labbar\Lab4_LCD\Core\Inc\stm32l4xx_hal_conf.h_save
2025-10-09 10:31:29,283 [INFO] CodeEngine:345 - Generated code: C:\Code\Mikrodatorteknik\Labbar\Lab4_LCD\Core\Inc\stm32l4xx_hal_conf.h
2025-10-09 10:31:29,418 [INFO] ApiDbMcu:532 - Load IP Config File for I2C1
2025-10-09 10:31:29,462 [INFO] ApiDbMcu:532 - Load IP Config File for TIM2
2025-10-09 10:31:29,503 [INFO] ApiDbMcu:532 - Load IP Config File for TIM6
2025-10-09 10:31:29,546 [INFO] ApiDbMcu:532 - Load IP Config File for USART2
2025-10-09 10:31:29,555 [INFO] ApiDbMcu:532 - Load IP Config File for RCC
2025-10-09 10:31:29,565 [WARN] IPConfigManager:3811 - IP not found : TIM
2025-10-09 10:31:29,568 [WARN] CodeGenerator:4259 - IP not found : null
2025-10-09 10:31:29,604 [INFO] CodeEngine:265 - oldGeneratedFile, C:\Code\Mikrodatorteknik\Labbar\Lab4_LCD\Core\Inc\main.h_save
2025-10-09 10:31:29,905 [INFO] CodeEngine:289 - Generated code: C:\Code\Mikrodatorteknik\Labbar\Lab4_LCD\Core\Inc\main.h
2025-10-09 10:31:29,930 [INFO] CodeEngine:265 - oldGeneratedFile, C:\Code\Mikrodatorteknik\Labbar\Lab4_LCD\Core\Src\main.c_save
2025-10-09 10:31:30,488 [INFO] CodeEngine:289 - Generated code: C:\Code\Mikrodatorteknik\Labbar\Lab4_LCD\Core\Src\main.c
2025-10-09 10:31:31,679 [INFO] ProjectBuilder:3606 - Time for Copy HAL[1] : 376mS.
2025-10-09 10:31:31,687 [INFO] ProjectBuilder:5216 - Project Generator version: 4.7.0-B52
2025-10-09 10:31:31,789 [INFO] ConfigFileManager:1595 - The Die is : DIE435
2025-10-09 10:31:31,802 [INFO] ApiDbMcu:532 - Load IP Config File for FATFS
2025-10-09 10:31:31,810 [INFO] ApiDbMcu:532 - Load IP Config File for FREERTOS
2025-10-09 10:31:31,825 [INFO] ApiDbMcu:532 - Load IP Config File for TOUCHSENSING
2025-10-09 10:31:31,836 [INFO] ApiDbMcu:532 - Load IP Config File for USB_DEVICE
2025-10-09 10:31:32,650 [INFO] LogOutputStream:77 - [STDOUT_REDIRECT] 
2025-10-09 10:31:37,032 [INFO] ProjectBuilder:5496 - Time for Generating toolchain IDE Files: 5344mS.
2025-10-09 10:31:37,036 [INFO] ProjectBuilder:3463 - Time for Copy CMSIS : 3mS.
2025-10-09 10:31:37,049 [INFO] ProjectBuilder:3463 - Time for Copy CMSIS : 0mS.
2025-10-09 11:01:52,123 [INFO] NvicIntPanel:101 - NVIC parent = com.st.microxplorer.plugins.ip.nvic.MultiNvicIntPanel[,0,0,0x0,invalid,layout=javax.swing.BoxLayout,alignmentX=0.0,alignmentY=0.0,border=,flags=9,maximumSize=,minimumSize=,preferredSize=]
2025-10-09 11:02:05,094 [INFO] NvicIntPanel:101 - NVIC parent = com.st.microxplorer.plugins.ip.nvic.MultiNvicIntPanel[,0,0,528x318,layout=javax.swing.BoxLayout,alignmentX=0.0,alignmentY=0.0,border=,flags=9,maximumSize=,minimumSize=,preferredSize=]
2025-10-09 11:02:08,836 [INFO] NvicIntPanel:101 - NVIC parent = com.st.microxplorer.plugins.ip.nvic.MultiNvicIntPanel[,0,0,0x0,invalid,layout=javax.swing.BoxLayout,alignmentX=0.0,alignmentY=0.0,border=,flags=9,maximumSize=,minimumSize=,preferredSize=]
2025-10-09 11:02:20,502 [INFO] UtilMem:75 - End SaveConfig() Used Memory: 483265136 Bytes (802160640)
2025-10-09 11:02:20,636 [INFO] UtilMem:75 - End SaveConfig() Used Memory: 499520112 Bytes (802160640)
2025-10-09 11:02:21,162 [INFO] UtilMem:75 - End SaveConfig() Used Memory: 530451056 Bytes (802160640)
2025-10-09 11:02:21,523 [INFO] BlockDiagram:2775 - set Specific Code input for plugin: NVIC
2025-10-09 11:02:21,523 [INFO] BlockDiagram:2775 - set Specific Code input for plugin: USART
2025-10-09 11:02:21,523 [INFO] BlockDiagram:2775 - set Specific Code input for plugin: TIM6_7L4
2025-10-09 11:02:21,523 [INFO] BlockDiagram:2775 - set Specific Code input for plugin: TIM1_8L4
2025-10-09 11:02:21,523 [INFO] BlockDiagram:2775 - set Specific Code input for plugin: SYS
2025-10-09 11:02:21,524 [INFO] BlockDiagram:2775 - set Specific Code input for plugin: GPIO
2025-10-09 11:02:21,524 [INFO] BlockDiagram:2775 - set Specific Code input for plugin: RCC
2025-10-09 11:02:21,524 [INFO] BlockDiagram:2775 - set Specific Code input for plugin: I2C
2025-10-09 11:02:21,525 [INFO] CodeGenerator:892 - code generatio: config db path: C:\ST\STM32CubeIDE_1.19.0\STM32CubeIDE\plugins\com.st.stm32cube.common.mx_6.15.0.202507011659\\db\
2025-10-09 11:02:21,603 [INFO] CodeEngine:265 - oldGeneratedFile, C:\Code\Mikrodatorteknik\Labbar\Lab4_LCD\MXTmpFiles\license.tmp_save
2025-10-09 11:02:21,878 [INFO] CodeEngine:289 - Generated code: C:\Code\Mikrodatorteknik\Labbar\Lab4_LCD\MXTmpFiles\license.tmp
2025-10-09 11:02:21,929 [INFO] CodeEngine:265 - oldGeneratedFile, C:\Code\Mikrodatorteknik\Labbar\Lab4_LCD\MXTmpFiles\gpio.tmp_save
2025-10-09 11:02:22,066 [INFO] CodeEngine:289 - Generated code: C:\Code\Mikrodatorteknik\Labbar\Lab4_LCD\MXTmpFiles\gpio.tmp
2025-10-09 11:02:22,306 [INFO] CodeEngine:265 - oldGeneratedFile, C:\Code\Mikrodatorteknik\Labbar\Lab4_LCD\Core\Src\stm32l4xx_it.c_save
2025-10-09 11:02:22,520 [INFO] CodeEngine:289 - Generated code: C:\Code\Mikrodatorteknik\Labbar\Lab4_LCD\Core\Src\stm32l4xx_it.c
2025-10-09 11:02:22,528 [INFO] CodeEngine:265 - oldGeneratedFile, C:\Code\Mikrodatorteknik\Labbar\Lab4_LCD\Core\Inc\stm32l4xx_it.h_save
2025-10-09 11:02:22,601 [INFO] CodeEngine:289 - Generated code: C:\Code\Mikrodatorteknik\Labbar\Lab4_LCD\Core\Inc\stm32l4xx_it.h
2025-10-09 11:02:22,621 [INFO] CodeEngine:265 - oldGeneratedFile, C:\Code\Mikrodatorteknik\Labbar\Lab4_LCD\Core\Src\stm32l4xx_hal_msp.c_save
2025-10-09 11:02:22,749 [INFO] CodeEngine:289 - Generated code: C:\Code\Mikrodatorteknik\Labbar\Lab4_LCD\Core\Src\stm32l4xx_hal_msp.c
2025-10-09 11:02:22,755 [INFO] CodeEngine:265 - oldGeneratedFile, C:\Code\Mikrodatorteknik\Labbar\Lab4_LCD\MXTmpFiles\system.tmp_save
2025-10-09 11:02:22,815 [INFO] CodeEngine:289 - Generated code: C:\Code\Mikrodatorteknik\Labbar\Lab4_LCD\MXTmpFiles\system.tmp
2025-10-09 11:02:22,829 [INFO] CodeEngine:321 - oldGeneratedFile, C:\Code\Mikrodatorteknik\Labbar\Lab4_LCD\Core\Inc\stm32l4xx_hal_conf.h_save
2025-10-09 11:02:22,901 [INFO] CodeEngine:345 - Generated code: C:\Code\Mikrodatorteknik\Labbar\Lab4_LCD\Core\Inc\stm32l4xx_hal_conf.h
2025-10-09 11:02:22,918 [WARN] IPConfigManager:3811 - IP not found : TIM
2025-10-09 11:02:22,920 [WARN] CodeGenerator:4259 - IP not found : null
2025-10-09 11:02:22,935 [INFO] CodeEngine:265 - oldGeneratedFile, C:\Code\Mikrodatorteknik\Labbar\Lab4_LCD\Core\Inc\main.h_save
2025-10-09 11:02:23,035 [INFO] CodeEngine:289 - Generated code: C:\Code\Mikrodatorteknik\Labbar\Lab4_LCD\Core\Inc\main.h
2025-10-09 11:02:23,045 [INFO] CodeEngine:265 - oldGeneratedFile, C:\Code\Mikrodatorteknik\Labbar\Lab4_LCD\Core\Src\main.c_save
2025-10-09 11:02:23,186 [INFO] CodeEngine:289 - Generated code: C:\Code\Mikrodatorteknik\Labbar\Lab4_LCD\Core\Src\main.c
2025-10-09 11:02:23,565 [INFO] ProjectBuilder:3606 - Time for Copy HAL[1] : 158mS.
2025-10-09 11:02:23,568 [INFO] ProjectBuilder:5216 - Project Generator version: 4.7.0-B52
2025-10-09 11:02:23,621 [INFO] ConfigFileManager:1595 - The Die is : DIE435
2025-10-09 11:02:24,301 [INFO] ProjectBuilder:5496 - Time for Generating toolchain IDE Files: 733mS.
2025-10-09 11:02:24,302 [INFO] ProjectBuilder:3463 - Time for Copy CMSIS : 1mS.
2025-10-09 11:02:24,305 [INFO] ProjectBuilder:3463 - Time for Copy CMSIS : 0mS.
2025-10-09 11:02:26,176 [INFO] NvicIntPanel:101 - NVIC parent = com.st.microxplorer.plugins.ip.nvic.MultiNvicIntPanel[,0,0,0x0,invalid,layout=javax.swing.BoxLayout,alignmentX=0.0,alignmentY=0.0,border=,flags=9,maximumSize=,minimumSize=,preferredSize=]
2025-10-09 11:02:34,630 [INFO] UtilMem:75 - End SaveConfig() Used Memory: 331849200 Bytes (802160640)
2025-10-09 11:02:34,758 [INFO] UtilMem:75 - End SaveConfig() Used Memory: 326523400 Bytes (802160640)
2025-10-09 11:02:35,363 [INFO] UtilMem:75 - End SaveConfig() Used Memory: 363306480 Bytes (802160640)
2025-10-09 11:02:35,524 [INFO] BlockDiagram:2775 - set Specific Code input for plugin: NVIC
2025-10-09 11:02:35,525 [INFO] BlockDiagram:2775 - set Specific Code input for plugin: USART
2025-10-09 11:02:35,525 [INFO] BlockDiagram:2775 - set Specific Code input for plugin: TIM6_7L4
2025-10-09 11:02:35,525 [INFO] BlockDiagram:2775 - set Specific Code input for plugin: TIM1_8L4
2025-10-09 11:02:35,525 [INFO] BlockDiagram:2775 - set Specific Code input for plugin: SYS
2025-10-09 11:02:35,525 [INFO] BlockDiagram:2775 - set Specific Code input for plugin: GPIO
2025-10-09 11:02:35,525 [INFO] BlockDiagram:2775 - set Specific Code input for plugin: RCC
2025-10-09 11:02:35,525 [INFO] BlockDiagram:2775 - set Specific Code input for plugin: I2C
2025-10-09 11:02:35,527 [INFO] CodeGenerator:892 - code generatio: config db path: C:\ST\STM32CubeIDE_1.19.0\STM32CubeIDE\plugins\com.st.stm32cube.common.mx_6.15.0.202507011659\\db\
2025-10-09 11:02:35,594 [INFO] CodeEngine:265 - oldGeneratedFile, C:\Code\Mikrodatorteknik\Labbar\Lab4_LCD\MXTmpFiles\license.tmp_save
2025-10-09 11:02:35,645 [INFO] CodeEngine:289 - Generated code: C:\Code\Mikrodatorteknik\Labbar\Lab4_LCD\MXTmpFiles\license.tmp
2025-10-09 11:02:35,678 [INFO] CodeEngine:265 - oldGeneratedFile, C:\Code\Mikrodatorteknik\Labbar\Lab4_LCD\MXTmpFiles\gpio.tmp_save
2025-10-09 11:02:35,732 [INFO] CodeEngine:289 - Generated code: C:\Code\Mikrodatorteknik\Labbar\Lab4_LCD\MXTmpFiles\gpio.tmp
2025-10-09 11:02:35,863 [INFO] CodeEngine:265 - oldGeneratedFile, C:\Code\Mikrodatorteknik\Labbar\Lab4_LCD\Core\Src\stm32l4xx_it.c_save
2025-10-09 11:02:35,922 [INFO] CodeEngine:289 - Generated code: C:\Code\Mikrodatorteknik\Labbar\Lab4_LCD\Core\Src\stm32l4xx_it.c
2025-10-09 11:02:35,928 [INFO] CodeEngine:265 - oldGeneratedFile, C:\Code\Mikrodatorteknik\Labbar\Lab4_LCD\Core\Inc\stm32l4xx_it.h_save
2025-10-09 11:02:35,975 [INFO] CodeEngine:289 - Generated code: C:\Code\Mikrodatorteknik\Labbar\Lab4_LCD\Core\Inc\stm32l4xx_it.h
2025-10-09 11:02:35,988 [INFO] CodeEngine:265 - oldGeneratedFile, C:\Code\Mikrodatorteknik\Labbar\Lab4_LCD\Core\Src\stm32l4xx_hal_msp.c_save
2025-10-09 11:02:36,063 [INFO] CodeEngine:289 - Generated code: C:\Code\Mikrodatorteknik\Labbar\Lab4_LCD\Core\Src\stm32l4xx_hal_msp.c
2025-10-09 11:02:36,067 [INFO] CodeEngine:265 - oldGeneratedFile, C:\Code\Mikrodatorteknik\Labbar\Lab4_LCD\MXTmpFiles\system.tmp_save
2025-10-09 11:02:36,108 [INFO] CodeEngine:289 - Generated code: C:\Code\Mikrodatorteknik\Labbar\Lab4_LCD\MXTmpFiles\system.tmp
2025-10-09 11:02:36,120 [INFO] CodeEngine:321 - oldGeneratedFile, C:\Code\Mikrodatorteknik\Labbar\Lab4_LCD\Core\Inc\stm32l4xx_hal_conf.h_save
2025-10-09 11:02:36,168 [INFO] CodeEngine:345 - Generated code: C:\Code\Mikrodatorteknik\Labbar\Lab4_LCD\Core\Inc\stm32l4xx_hal_conf.h
2025-10-09 11:02:36,179 [WARN] IPConfigManager:3811 - IP not found : TIM
2025-10-09 11:02:36,180 [WARN] CodeGenerator:4259 - IP not found : null
2025-10-09 11:02:36,187 [INFO] CodeEngine:265 - oldGeneratedFile, C:\Code\Mikrodatorteknik\Labbar\Lab4_LCD\Core\Inc\main.h_save
2025-10-09 11:02:36,233 [INFO] CodeEngine:289 - Generated code: C:\Code\Mikrodatorteknik\Labbar\Lab4_LCD\Core\Inc\main.h
2025-10-09 11:02:36,239 [INFO] CodeEngine:265 - oldGeneratedFile, C:\Code\Mikrodatorteknik\Labbar\Lab4_LCD\Core\Src\main.c_save
2025-10-09 11:02:36,319 [INFO] CodeEngine:289 - Generated code: C:\Code\Mikrodatorteknik\Labbar\Lab4_LCD\Core\Src\main.c
2025-10-09 11:02:36,580 [INFO] ProjectBuilder:3606 - Time for Copy HAL[1] : 139mS.
2025-10-09 11:02:36,582 [INFO] ProjectBuilder:5216 - Project Generator version: 4.7.0-B52
2025-10-09 11:02:36,636 [INFO] ConfigFileManager:1595 - The Die is : DIE435
2025-10-09 11:02:37,258 [INFO] ProjectBuilder:5496 - Time for Generating toolchain IDE Files: 676mS.
2025-10-09 11:02:37,259 [INFO] ProjectBuilder:3463 - Time for Copy CMSIS : 1mS.
2025-10-09 11:02:37,262 [INFO] ProjectBuilder:3463 - Time for Copy CMSIS : 1mS.
2025-10-09 11:13:59,674 [INFO] NvicIntPanel:101 - NVIC parent = com.st.microxplorer.plugins.ip.nvic.MultiNvicIntPanel[,0,0,528x318,layout=javax.swing.BoxLayout,alignmentX=0.0,alignmentY=0.0,border=,flags=9,maximumSize=,minimumSize=,preferredSize=]
2025-10-09 11:14:04,104 [INFO] NvicIntPanel:101 - NVIC parent = com.st.microxplorer.plugins.ip.nvic.MultiNvicIntPanel[,0,0,0x0,invalid,layout=javax.swing.BoxLayout,alignmentX=0.0,alignmentY=0.0,border=,flags=9,maximumSize=,minimumSize=,preferredSize=]
2025-10-09 11:14:10,972 [INFO] NvicIntPanel:101 - NVIC parent = com.st.microxplorer.plugins.ip.nvic.MultiNvicIntPanel[,0,0,0x0,invalid,layout=javax.swing.BoxLayout,alignmentX=0.0,alignmentY=0.0,border=,flags=9,maximumSize=,minimumSize=,preferredSize=]
2025-10-09 11:14:11,856 [INFO] UtilMem:75 - End SaveConfig() Used Memory: 291939712 Bytes (806354944)
2025-10-09 11:14:11,965 [INFO] UtilMem:75 - End SaveConfig() Used Memory: 307146112 Bytes (806354944)
2025-10-09 11:14:12,467 [INFO] UtilMem:75 - End SaveConfig() Used Memory: 336506240 Bytes (806354944)
2025-10-09 11:14:12,659 [INFO] BlockDiagram:2775 - set Specific Code input for plugin: NVIC
2025-10-09 11:14:12,660 [INFO] BlockDiagram:2775 - set Specific Code input for plugin: USART
2025-10-09 11:14:12,660 [INFO] BlockDiagram:2775 - set Specific Code input for plugin: TIM6_7L4
2025-10-09 11:14:12,660 [INFO] BlockDiagram:2775 - set Specific Code input for plugin: TIM1_8L4
2025-10-09 11:14:12,660 [INFO] BlockDiagram:2775 - set Specific Code input for plugin: SYS
2025-10-09 11:14:12,660 [INFO] BlockDiagram:2775 - set Specific Code input for plugin: GPIO
2025-10-09 11:14:12,660 [INFO] BlockDiagram:2775 - set Specific Code input for plugin: RCC
2025-10-09 11:14:12,660 [INFO] BlockDiagram:2775 - set Specific Code input for plugin: I2C
2025-10-09 11:14:12,662 [INFO] CodeGenerator:892 - code generatio: config db path: C:\ST\STM32CubeIDE_1.19.0\STM32CubeIDE\plugins\com.st.stm32cube.common.mx_6.15.0.202507011659\\db\
2025-10-09 11:14:12,728 [INFO] CodeEngine:265 - oldGeneratedFile, C:\Code\Mikrodatorteknik\Labbar\Lab4_LCD\MXTmpFiles\license.tmp_save
2025-10-09 11:14:12,781 [INFO] CodeEngine:289 - Generated code: C:\Code\Mikrodatorteknik\Labbar\Lab4_LCD\MXTmpFiles\license.tmp
2025-10-09 11:14:12,813 [INFO] CodeEngine:265 - oldGeneratedFile, C:\Code\Mikrodatorteknik\Labbar\Lab4_LCD\MXTmpFiles\gpio.tmp_save
2025-10-09 11:14:12,865 [INFO] CodeEngine:289 - Generated code: C:\Code\Mikrodatorteknik\Labbar\Lab4_LCD\MXTmpFiles\gpio.tmp
2025-10-09 11:14:13,021 [INFO] CodeEngine:265 - oldGeneratedFile, C:\Code\Mikrodatorteknik\Labbar\Lab4_LCD\Core\Src\stm32l4xx_it.c_save
2025-10-09 11:14:13,091 [INFO] CodeEngine:289 - Generated code: C:\Code\Mikrodatorteknik\Labbar\Lab4_LCD\Core\Src\stm32l4xx_it.c
2025-10-09 11:14:13,097 [INFO] CodeEngine:265 - oldGeneratedFile, C:\Code\Mikrodatorteknik\Labbar\Lab4_LCD\Core\Inc\stm32l4xx_it.h_save
2025-10-09 11:14:13,141 [INFO] CodeEngine:289 - Generated code: C:\Code\Mikrodatorteknik\Labbar\Lab4_LCD\Core\Inc\stm32l4xx_it.h
2025-10-09 11:14:13,155 [INFO] CodeEngine:265 - oldGeneratedFile, C:\Code\Mikrodatorteknik\Labbar\Lab4_LCD\Core\Src\stm32l4xx_hal_msp.c_save
2025-10-09 11:14:13,234 [INFO] CodeEngine:289 - Generated code: C:\Code\Mikrodatorteknik\Labbar\Lab4_LCD\Core\Src\stm32l4xx_hal_msp.c
2025-10-09 11:14:13,244 [INFO] CodeEngine:265 - oldGeneratedFile, C:\Code\Mikrodatorteknik\Labbar\Lab4_LCD\MXTmpFiles\system.tmp_save
2025-10-09 11:14:13,307 [INFO] CodeEngine:289 - Generated code: C:\Code\Mikrodatorteknik\Labbar\Lab4_LCD\MXTmpFiles\system.tmp
2025-10-09 11:14:13,322 [INFO] CodeEngine:321 - oldGeneratedFile, C:\Code\Mikrodatorteknik\Labbar\Lab4_LCD\Core\Inc\stm32l4xx_hal_conf.h_save
2025-10-09 11:14:13,385 [INFO] CodeEngine:345 - Generated code: C:\Code\Mikrodatorteknik\Labbar\Lab4_LCD\Core\Inc\stm32l4xx_hal_conf.h
2025-10-09 11:14:13,400 [WARN] IPConfigManager:3811 - IP not found : TIM
2025-10-09 11:14:13,401 [WARN] CodeGenerator:4259 - IP not found : null
2025-10-09 11:14:13,415 [INFO] CodeEngine:265 - oldGeneratedFile, C:\Code\Mikrodatorteknik\Labbar\Lab4_LCD\Core\Inc\main.h_save
2025-10-09 11:14:13,467 [INFO] CodeEngine:289 - Generated code: C:\Code\Mikrodatorteknik\Labbar\Lab4_LCD\Core\Inc\main.h
2025-10-09 11:14:13,473 [INFO] CodeEngine:265 - oldGeneratedFile, C:\Code\Mikrodatorteknik\Labbar\Lab4_LCD\Core\Src\main.c_save
2025-10-09 11:14:13,616 [INFO] CodeEngine:289 - Generated code: C:\Code\Mikrodatorteknik\Labbar\Lab4_LCD\Core\Src\main.c
2025-10-09 11:14:13,897 [INFO] ProjectBuilder:3606 - Time for Copy HAL[1] : 168mS.
2025-10-09 11:14:13,900 [INFO] ProjectBuilder:5216 - Project Generator version: 4.7.0-B52
2025-10-09 11:14:13,952 [INFO] ConfigFileManager:1595 - The Die is : DIE435
2025-10-09 11:14:14,564 [INFO] ProjectBuilder:5496 - Time for Generating toolchain IDE Files: 664mS.
2025-10-09 11:14:14,565 [INFO] ProjectBuilder:3463 - Time for Copy CMSIS : 0mS.
2025-10-09 11:14:14,567 [INFO] ProjectBuilder:3463 - Time for Copy CMSIS : 0mS.
2025-10-09 11:17:26,284 [INFO] NvicIntPanel:101 - NVIC parent = com.st.microxplorer.plugins.ip.nvic.MultiNvicIntPanel[,0,0,528x318,layout=javax.swing.BoxLayout,alignmentX=0.0,alignmentY=0.0,border=,flags=9,maximumSize=,minimumSize=,preferredSize=]
2025-10-09 11:17:29,696 [INFO] NvicIntPanel:101 - NVIC parent = com.st.microxplorer.plugins.ip.nvic.MultiNvicIntPanel[,0,0,0x0,invalid,layout=javax.swing.BoxLayout,alignmentX=0.0,alignmentY=0.0,border=,flags=9,maximumSize=,minimumSize=,preferredSize=]
2025-10-09 11:24:59,993 [INFO] NvicIntPanel:101 - NVIC parent = com.st.microxplorer.plugins.ip.nvic.MultiNvicIntPanel[,0,0,0x0,invalid,layout=javax.swing.BoxLayout,alignmentX=0.0,alignmentY=0.0,border=,flags=9,maximumSize=,minimumSize=,preferredSize=]
2025-10-09 11:25:00,921 [INFO] UtilMem:75 - End SaveConfig() Used Memory: 294351696 Bytes (806354944)
2025-10-09 11:25:01,052 [INFO] UtilMem:75 - End SaveConfig() Used Memory: 310080336 Bytes (806354944)
2025-10-09 11:25:47,931 [INFO] NvicIntPanel:101 - NVIC parent = com.st.microxplorer.plugins.ip.nvic.MultiNvicIntPanel[,0,0,0x0,invalid,layout=javax.swing.BoxLayout,alignmentX=0.0,alignmentY=0.0,border=,flags=9,maximumSize=,minimumSize=,preferredSize=]
2025-10-09 11:25:49,208 [INFO] UtilMem:75 - End SaveConfig() Used Memory: 351480744 Bytes (806354944)
2025-10-09 11:25:49,328 [INFO] UtilMem:75 - End SaveConfig() Used Memory: 367209384 Bytes (806354944)
2025-10-09 11:25:49,760 [INFO] UtilMem:75 - End SaveConfig() Used Memory: 432747432 Bytes (806354944)
2025-10-09 11:25:50,212 [INFO] BlockDiagram:2775 - set Specific Code input for plugin: NVIC
2025-10-09 11:25:50,212 [INFO] BlockDiagram:2775 - set Specific Code input for plugin: USART
2025-10-09 11:25:50,212 [INFO] BlockDiagram:2775 - set Specific Code input for plugin: TIM6_7L4
2025-10-09 11:25:50,212 [INFO] BlockDiagram:2775 - set Specific Code input for plugin: TIM1_8L4
2025-10-09 11:25:50,212 [INFO] BlockDiagram:2775 - set Specific Code input for plugin: SYS
2025-10-09 11:25:50,212 [INFO] BlockDiagram:2775 - set Specific Code input for plugin: GPIO
2025-10-09 11:25:50,212 [INFO] BlockDiagram:2775 - set Specific Code input for plugin: RCC
2025-10-09 11:25:50,212 [INFO] BlockDiagram:2775 - set Specific Code input for plugin: I2C
2025-10-09 11:25:50,214 [INFO] CodeGenerator:892 - code generatio: config db path: C:\ST\STM32CubeIDE_1.19.0\STM32CubeIDE\plugins\com.st.stm32cube.common.mx_6.15.0.202507011659\\db\
2025-10-09 11:25:50,335 [INFO] CodeEngine:265 - oldGeneratedFile, C:\Code\Mikrodatorteknik\Labbar\Lab4_LCD\MXTmpFiles\license.tmp_save
2025-10-09 11:25:50,551 [INFO] CodeEngine:289 - Generated code: C:\Code\Mikrodatorteknik\Labbar\Lab4_LCD\MXTmpFiles\license.tmp
2025-10-09 11:25:50,603 [INFO] CodeEngine:265 - oldGeneratedFile, C:\Code\Mikrodatorteknik\Labbar\Lab4_LCD\MXTmpFiles\gpio.tmp_save
2025-10-09 11:25:50,712 [INFO] CodeEngine:289 - Generated code: C:\Code\Mikrodatorteknik\Labbar\Lab4_LCD\MXTmpFiles\gpio.tmp
2025-10-09 11:25:50,925 [INFO] CodeEngine:265 - oldGeneratedFile, C:\Code\Mikrodatorteknik\Labbar\Lab4_LCD\Core\Src\stm32l4xx_it.c_save
2025-10-09 11:25:51,035 [INFO] CodeEngine:289 - Generated code: C:\Code\Mikrodatorteknik\Labbar\Lab4_LCD\Core\Src\stm32l4xx_it.c
2025-10-09 11:25:51,043 [INFO] CodeEngine:265 - oldGeneratedFile, C:\Code\Mikrodatorteknik\Labbar\Lab4_LCD\Core\Inc\stm32l4xx_it.h_save
2025-10-09 11:25:51,119 [INFO] CodeEngine:289 - Generated code: C:\Code\Mikrodatorteknik\Labbar\Lab4_LCD\Core\Inc\stm32l4xx_it.h
2025-10-09 11:25:51,139 [INFO] CodeEngine:265 - oldGeneratedFile, C:\Code\Mikrodatorteknik\Labbar\Lab4_LCD\Core\Src\stm32l4xx_hal_msp.c_save
2025-10-09 11:25:51,266 [INFO] CodeEngine:289 - Generated code: C:\Code\Mikrodatorteknik\Labbar\Lab4_LCD\Core\Src\stm32l4xx_hal_msp.c
2025-10-09 11:25:51,272 [INFO] CodeEngine:265 - oldGeneratedFile, C:\Code\Mikrodatorteknik\Labbar\Lab4_LCD\MXTmpFiles\system.tmp_save
2025-10-09 11:25:51,333 [INFO] CodeEngine:289 - Generated code: C:\Code\Mikrodatorteknik\Labbar\Lab4_LCD\MXTmpFiles\system.tmp
2025-10-09 11:25:51,348 [INFO] CodeEngine:321 - oldGeneratedFile, C:\Code\Mikrodatorteknik\Labbar\Lab4_LCD\Core\Inc\stm32l4xx_hal_conf.h_save
2025-10-09 11:25:51,425 [INFO] CodeEngine:345 - Generated code: C:\Code\Mikrodatorteknik\Labbar\Lab4_LCD\Core\Inc\stm32l4xx_hal_conf.h
2025-10-09 11:25:51,444 [WARN] IPConfigManager:3811 - IP not found : TIM
2025-10-09 11:25:51,445 [WARN] CodeGenerator:4259 - IP not found : null
2025-10-09 11:25:51,460 [INFO] CodeEngine:265 - oldGeneratedFile, C:\Code\Mikrodatorteknik\Labbar\Lab4_LCD\Core\Inc\main.h_save
2025-10-09 11:25:51,538 [INFO] CodeEngine:289 - Generated code: C:\Code\Mikrodatorteknik\Labbar\Lab4_LCD\Core\Inc\main.h
2025-10-09 11:25:51,546 [INFO] CodeEngine:265 - oldGeneratedFile, C:\Code\Mikrodatorteknik\Labbar\Lab4_LCD\Core\Src\main.c_save
2025-10-09 11:25:51,666 [INFO] CodeEngine:289 - Generated code: C:\Code\Mikrodatorteknik\Labbar\Lab4_LCD\Core\Src\main.c
2025-10-09 11:25:52,080 [INFO] ProjectBuilder:3606 - Time for Copy HAL[1] : 179mS.
2025-10-09 11:25:52,082 [INFO] ProjectBuilder:5216 - Project Generator version: 4.7.0-B52
2025-10-09 11:25:52,137 [INFO] ConfigFileManager:1595 - The Die is : DIE435
2025-10-09 11:25:52,771 [INFO] ProjectBuilder:5496 - Time for Generating toolchain IDE Files: 689mS.
2025-10-09 11:25:52,772 [INFO] ProjectBuilder:3463 - Time for Copy CMSIS : 0mS.
2025-10-09 11:25:52,774 [INFO] ProjectBuilder:3463 - Time for Copy CMSIS : 0mS.
2025-10-09 11:41:00,867 [INFO] NvicIntPanel:101 - NVIC parent = com.st.microxplorer.plugins.ip.nvic.MultiNvicIntPanel[,0,0,0x0,invalid,layout=javax.swing.BoxLayout,alignmentX=0.0,alignmentY=0.0,border=,flags=9,maximumSize=,minimumSize=,preferredSize=]
2025-10-09 11:41:19,270 [INFO] NvicIntPanel:101 - NVIC parent = com.st.microxplorer.plugins.ip.nvic.MultiNvicIntPanel[,0,0,0x0,invalid,layout=javax.swing.BoxLayout,alignmentX=0.0,alignmentY=0.0,border=,flags=9,maximumSize=,minimumSize=,preferredSize=]
2025-10-09 11:41:21,126 [INFO] UtilMem:75 - End SaveConfig() Used Memory: 335851880 Bytes (806354944)
2025-10-09 11:41:21,269 [INFO] UtilMem:75 - End SaveConfig() Used Memory: 352102760 Bytes (806354944)
2025-10-09 11:41:21,727 [INFO] UtilMem:75 - End SaveConfig() Used Memory: 385134952 Bytes (806354944)
2025-10-09 11:41:22,027 [INFO] BlockDiagram:2775 - set Specific Code input for plugin: NVIC
2025-10-09 11:41:22,027 [INFO] BlockDiagram:2775 - set Specific Code input for plugin: USART
2025-10-09 11:41:22,027 [INFO] BlockDiagram:2775 - set Specific Code input for plugin: TIM6_7L4
2025-10-09 11:41:22,027 [INFO] BlockDiagram:2775 - set Specific Code input for plugin: TIM1_8L4
2025-10-09 11:41:22,027 [INFO] BlockDiagram:2775 - set Specific Code input for plugin: SYS
2025-10-09 11:41:22,028 [INFO] BlockDiagram:2775 - set Specific Code input for plugin: GPIO
2025-10-09 11:41:22,028 [INFO] BlockDiagram:2775 - set Specific Code input for plugin: RCC
2025-10-09 11:41:22,028 [INFO] BlockDiagram:2775 - set Specific Code input for plugin: I2C
2025-10-09 11:41:22,029 [INFO] CodeGenerator:892 - code generatio: config db path: C:\ST\STM32CubeIDE_1.19.0\STM32CubeIDE\plugins\com.st.stm32cube.common.mx_6.15.0.202507011659\\db\
2025-10-09 11:41:22,129 [INFO] CodeEngine:265 - oldGeneratedFile, C:\Code\Mikrodatorteknik\Labbar\Lab4_LCD\MXTmpFiles\license.tmp_save
2025-10-09 11:41:22,502 [INFO] CodeEngine:289 - Generated code: C:\Code\Mikrodatorteknik\Labbar\Lab4_LCD\MXTmpFiles\license.tmp
2025-10-09 11:41:22,559 [INFO] CodeEngine:265 - oldGeneratedFile, C:\Code\Mikrodatorteknik\Labbar\Lab4_LCD\MXTmpFiles\gpio.tmp_save
2025-10-09 11:41:22,730 [INFO] CodeEngine:289 - Generated code: C:\Code\Mikrodatorteknik\Labbar\Lab4_LCD\MXTmpFiles\gpio.tmp
2025-10-09 11:41:22,977 [INFO] CodeEngine:265 - oldGeneratedFile, C:\Code\Mikrodatorteknik\Labbar\Lab4_LCD\Core\Src\stm32l4xx_it.c_save
2025-10-09 11:41:23,207 [INFO] CodeEngine:289 - Generated code: C:\Code\Mikrodatorteknik\Labbar\Lab4_LCD\Core\Src\stm32l4xx_it.c
2025-10-09 11:41:23,215 [INFO] CodeEngine:265 - oldGeneratedFile, C:\Code\Mikrodatorteknik\Labbar\Lab4_LCD\Core\Inc\stm32l4xx_it.h_save
2025-10-09 11:41:23,293 [INFO] CodeEngine:289 - Generated code: C:\Code\Mikrodatorteknik\Labbar\Lab4_LCD\Core\Inc\stm32l4xx_it.h
2025-10-09 11:41:23,308 [INFO] CodeEngine:265 - oldGeneratedFile, C:\Code\Mikrodatorteknik\Labbar\Lab4_LCD\Core\Src\stm32l4xx_hal_msp.c_save
2025-10-09 11:41:23,448 [INFO] CodeEngine:289 - Generated code: C:\Code\Mikrodatorteknik\Labbar\Lab4_LCD\Core\Src\stm32l4xx_hal_msp.c
2025-10-09 11:41:23,455 [INFO] CodeEngine:265 - oldGeneratedFile, C:\Code\Mikrodatorteknik\Labbar\Lab4_LCD\MXTmpFiles\system.tmp_save
2025-10-09 11:41:23,527 [INFO] CodeEngine:289 - Generated code: C:\Code\Mikrodatorteknik\Labbar\Lab4_LCD\MXTmpFiles\system.tmp
2025-10-09 11:41:23,542 [INFO] CodeEngine:321 - oldGeneratedFile, C:\Code\Mikrodatorteknik\Labbar\Lab4_LCD\Core\Inc\stm32l4xx_hal_conf.h_save
2025-10-09 11:41:23,622 [INFO] CodeEngine:345 - Generated code: C:\Code\Mikrodatorteknik\Labbar\Lab4_LCD\Core\Inc\stm32l4xx_hal_conf.h
2025-10-09 11:41:23,640 [WARN] IPConfigManager:3811 - IP not found : TIM
2025-10-09 11:41:23,641 [WARN] CodeGenerator:4259 - IP not found : null
2025-10-09 11:41:23,650 [INFO] CodeEngine:265 - oldGeneratedFile, C:\Code\Mikrodatorteknik\Labbar\Lab4_LCD\Core\Inc\main.h_save
2025-10-09 11:41:23,763 [INFO] CodeEngine:289 - Generated code: C:\Code\Mikrodatorteknik\Labbar\Lab4_LCD\Core\Inc\main.h
2025-10-09 11:41:23,773 [INFO] CodeEngine:265 - oldGeneratedFile, C:\Code\Mikrodatorteknik\Labbar\Lab4_LCD\Core\Src\main.c_save
2025-10-09 11:41:23,911 [INFO] CodeEngine:289 - Generated code: C:\Code\Mikrodatorteknik\Labbar\Lab4_LCD\Core\Src\main.c
2025-10-09 11:41:24,283 [INFO] ProjectBuilder:3606 - Time for Copy HAL[1] : 215mS.
2025-10-09 11:41:24,287 [INFO] ProjectBuilder:5216 - Project Generator version: 4.7.0-B52
2025-10-09 11:41:24,341 [INFO] ConfigFileManager:1595 - The Die is : DIE435
2025-10-09 11:41:24,983 [INFO] ProjectBuilder:5496 - Time for Generating toolchain IDE Files: 696mS.
2025-10-09 11:41:24,984 [INFO] ProjectBuilder:3463 - Time for Copy CMSIS : 0mS.
2025-10-09 11:41:24,988 [INFO] ProjectBuilder:3463 - Time for Copy CMSIS : 0mS.
2025-10-09 11:42:10,702 [INFO] NvicIntPanel:101 - NVIC parent = com.st.microxplorer.plugins.ip.nvic.MultiNvicIntPanel[,0,0,0x0,invalid,layout=javax.swing.BoxLayout,alignmentX=0.0,alignmentY=0.0,border=,flags=9,maximumSize=,minimumSize=,preferredSize=]
2025-10-09 11:42:11,573 [INFO] UtilMem:75 - End SaveConfig() Used Memory: 661461520 Bytes (806354944)
2025-10-09 11:42:11,690 [INFO] UtilMem:75 - End SaveConfig() Used Memory: 677190160 Bytes (806354944)
2025-10-09 11:42:12,168 [INFO] UtilMem:75 - End SaveConfig() Used Memory: 708647440 Bytes (806354944)
2025-10-09 11:42:12,371 [INFO] BlockDiagram:2775 - set Specific Code input for plugin: NVIC
2025-10-09 11:42:12,371 [INFO] BlockDiagram:2775 - set Specific Code input for plugin: USART
2025-10-09 11:42:12,371 [INFO] BlockDiagram:2775 - set Specific Code input for plugin: TIM6_7L4
2025-10-09 11:42:12,371 [INFO] BlockDiagram:2775 - set Specific Code input for plugin: TIM1_8L4
2025-10-09 11:42:12,371 [INFO] BlockDiagram:2775 - set Specific Code input for plugin: SYS
2025-10-09 11:42:12,371 [INFO] BlockDiagram:2775 - set Specific Code input for plugin: GPIO
2025-10-09 11:42:12,371 [INFO] BlockDiagram:2775 - set Specific Code input for plugin: RCC
2025-10-09 11:42:12,371 [INFO] BlockDiagram:2775 - set Specific Code input for plugin: I2C
2025-10-09 11:42:12,372 [INFO] CodeGenerator:892 - code generatio: config db path: C:\ST\STM32CubeIDE_1.19.0\STM32CubeIDE\plugins\com.st.stm32cube.common.mx_6.15.0.202507011659\\db\
2025-10-09 11:42:12,434 [INFO] CodeEngine:265 - oldGeneratedFile, C:\Code\Mikrodatorteknik\Labbar\Lab4_LCD\MXTmpFiles\license.tmp_save
2025-10-09 11:42:12,479 [INFO] CodeEngine:289 - Generated code: C:\Code\Mikrodatorteknik\Labbar\Lab4_LCD\MXTmpFiles\license.tmp
2025-10-09 11:42:12,504 [INFO] CodeEngine:265 - oldGeneratedFile, C:\Code\Mikrodatorteknik\Labbar\Lab4_LCD\MXTmpFiles\gpio.tmp_save
2025-10-09 11:42:12,562 [INFO] CodeEngine:289 - Generated code: C:\Code\Mikrodatorteknik\Labbar\Lab4_LCD\MXTmpFiles\gpio.tmp
2025-10-09 11:42:12,698 [INFO] CodeEngine:265 - oldGeneratedFile, C:\Code\Mikrodatorteknik\Labbar\Lab4_LCD\Core\Src\stm32l4xx_it.c_save
2025-10-09 11:42:12,763 [INFO] CodeEngine:289 - Generated code: C:\Code\Mikrodatorteknik\Labbar\Lab4_LCD\Core\Src\stm32l4xx_it.c
2025-10-09 11:42:12,769 [INFO] CodeEngine:265 - oldGeneratedFile, C:\Code\Mikrodatorteknik\Labbar\Lab4_LCD\Core\Inc\stm32l4xx_it.h_save
2025-10-09 11:42:12,819 [INFO] CodeEngine:289 - Generated code: C:\Code\Mikrodatorteknik\Labbar\Lab4_LCD\Core\Inc\stm32l4xx_it.h
2025-10-09 11:42:12,833 [INFO] CodeEngine:265 - oldGeneratedFile, C:\Code\Mikrodatorteknik\Labbar\Lab4_LCD\Core\Src\stm32l4xx_hal_msp.c_save
2025-10-09 11:42:12,907 [INFO] CodeEngine:289 - Generated code: C:\Code\Mikrodatorteknik\Labbar\Lab4_LCD\Core\Src\stm32l4xx_hal_msp.c
2025-10-09 11:42:12,912 [INFO] CodeEngine:265 - oldGeneratedFile, C:\Code\Mikrodatorteknik\Labbar\Lab4_LCD\MXTmpFiles\system.tmp_save
2025-10-09 11:42:12,952 [INFO] CodeEngine:289 - Generated code: C:\Code\Mikrodatorteknik\Labbar\Lab4_LCD\MXTmpFiles\system.tmp
2025-10-09 11:42:12,963 [INFO] CodeEngine:321 - oldGeneratedFile, C:\Code\Mikrodatorteknik\Labbar\Lab4_LCD\Core\Inc\stm32l4xx_hal_conf.h_save
2025-10-09 11:42:13,009 [INFO] CodeEngine:345 - Generated code: C:\Code\Mikrodatorteknik\Labbar\Lab4_LCD\Core\Inc\stm32l4xx_hal_conf.h
2025-10-09 11:42:13,022 [WARN] IPConfigManager:3811 - IP not found : TIM
2025-10-09 11:42:13,024 [WARN] CodeGenerator:4259 - IP not found : null
2025-10-09 11:42:13,033 [INFO] CodeEngine:265 - oldGeneratedFile, C:\Code\Mikrodatorteknik\Labbar\Lab4_LCD\Core\Inc\main.h_save
2025-10-09 11:42:13,083 [INFO] CodeEngine:289 - Generated code: C:\Code\Mikrodatorteknik\Labbar\Lab4_LCD\Core\Inc\main.h
2025-10-09 11:42:13,089 [INFO] CodeEngine:265 - oldGeneratedFile, C:\Code\Mikrodatorteknik\Labbar\Lab4_LCD\Core\Src\main.c_save
2025-10-09 11:42:13,180 [INFO] CodeEngine:289 - Generated code: C:\Code\Mikrodatorteknik\Labbar\Lab4_LCD\Core\Src\main.c
2025-10-09 11:42:13,451 [INFO] ProjectBuilder:3606 - Time for Copy HAL[1] : 145mS.
2025-10-09 11:42:13,454 [INFO] ProjectBuilder:5216 - Project Generator version: 4.7.0-B52
2025-10-09 11:42:13,506 [INFO] ConfigFileManager:1595 - The Die is : DIE435
2025-10-09 11:42:14,136 [INFO] ProjectBuilder:5496 - Time for Generating toolchain IDE Files: 681mS.
2025-10-09 11:42:14,138 [INFO] ProjectBuilder:3463 - Time for Copy CMSIS : 0mS.
2025-10-09 11:42:14,142 [INFO] ProjectBuilder:3463 - Time for Copy CMSIS : 0mS.
2025-10-09 12:14:07,195 [INFO] WebApp:194 - Connection lost
2025-10-09 12:14:07,402 [INFO] WebApp:191 - Connection restablished
2025-10-09 12:15:50,271 [INFO] WebApp:194 - Connection lost
2025-10-09 12:15:50,410 [INFO] WebApp:191 - Connection restablished
2025-10-09 12:17:07,453 [ERROR] LogOutputStream:75 - [STDERR_REDIRECT] 
2025-10-09 12:17:07,461 [ERROR] LogOutputStream:75 - [STDERR_REDIRECT] 
